company,ticker,exchange,date,analyst_name,question,label
JPMorgan Chase & Co.,JPM,NYSE,2024-12-10,Marianne Lake,"Yeah. So, the sort of honest answer on tightening as we always are, we're always adjusting everything at the margin in response to what we see in very specific pockets. And so, we talked, I think, over the course of the last several years that there was some tightening. Across asset classes, there was a little bit of negative selection. Principally, you've seen it in auto, in subprime auto most notably, a little bit also in credit card. I would say we expected some or most of that, but the whole industry and we were no exception, were tightening at the margin throughout 2022 and 2023 in response to where we saw pockets of underperformance or deterioration in both card and in auto. Still kind of marginal, obviously. So, card is the elephant in the room as it relates to loss drivers and it's coming in line exactly with our expectations in 2024. And to the degree that we would look forward and expect there to be any changes, it's going to be driven by macro factors. So, unemployment or balances more so than we're seeing any kind of performance issues in the portfolio. There was a lot of noise, noise isn't really the right word. There was a lot of discussion around auto, I think, in the sort of September conference circuit. The reality in auto is that there were a couple of inches that were that performed less well. Mostly, we expected that, and so it was priced in and in our expectations. A little bit, it was worse than our expectations, but we saw it really fast and pull back really hard. And it's a very small percentage of what we do, so it's made no substantial difference to our outlook. I think to the degree that others were more concentrated and or adjusted less quickly, it had a bigger impact. We don't see that as being a read across to any kind of more broad deterioration. Home lending is clean. And so, I would say the only place where we're seeing pockets of underperformance right now that's a little newer is in the small business card and small dollar lending portfolio for us. But I would characterize it a little bit more of an expansion in our risk appetite than deterioration. So, we're watching that closely, and we are tightening there. It's not something that I'm concerned about at this point. But if I was to say that there's anything that we've seen a little bit more recently, it would be there.",Alarmed
Helen of Troy Limited,HELE,NASDAQ,2024-07-09,Peter Grom,"Okay. That's really helpful. And then just maybe two quick follow-ups. Just on the outdoor declines, can you maybe just talk about the channel more broadly? A lot of the commentary seems to be concentrated in packs rather than weakness across the entire channel, but I'm not sure if that's a fair read or not. And then on Hydro Flask, you mentioned you're disappointed with North America performance, maybe could you unpack that a bit more? Is that a function of category softness? Or are you seeing share losses versus some of the brands in the category. Thanks.",Alarmed
Amdocs Limited,DOX,NASDAQ,2024-11-12,Tal Liani,"I normally don't give compliments to management teams on the call, but I want to give you a compliment for the transparency and great detail in your presentation. Very clear. But now comes the tough question. You pay for it now. I want to continue the last question in a different angle. So if I remove the 600 million, I'm still at the same growth rate of last year, which means, and that's the midpoint, which means the environment. So I assume, I just assumed that the 600 million didn't have a high growth rate. So that means the core business is x the 600 million is likely continuing the same weakness of last year. And the question is about the spending environment. I don't have, I don't think looking at your presentation, which is excellent and understanding what you're doing. I don't think we had any concerns whatsoever with what you offer with your portfolio, with your added value, but we do have a concern over the spending environment. So can you take us through what happened in 2024, meaning how the environment deteriorated? What have you seen in 2024 and your expectations for 2025 when it comes to the spending environment, to the willingness of customers to spend money on these kinds of projects and what changes the current weakness that we're seeing?",Alarmed
Spotify Technology S.A.,SPOT,NYSE,2024-11-12,Daniel Ek,"I think it's early days, but I do believe we turn a corner and are back to growth again on the MAU side. And I'm happy about that because I wasn't happy about us missing the prior forecast. So it feels like we've got a good grip of it now. Now, as it relates to what do we do to make that happen, the reality is it's a bunch of different things, but the chief among them is really product improvements. So, lots of small tweaks that have been driving good results. Things in the past that's probably weren't smart, we've reversed. We've added new things as well. All that's created the backdrop of stronger engagement, which then translates to more MAU. Then as you mentioned, on the marketing side, we have improved there too. So we have spent a little bit more on marketing. Now it's important to add why didn't we do that prior. Well, we didn't do that because we weren't seeing efficiency. So as we're seeing more efficiency, i.e., the SAC to LTV ratio that Christian spoke about, then we are happy to spend. Why wouldn't we be? So the team has been working on a bunch of those things. And if we see great opportunities with great SAC to LTV ratios, we will pursue them. If nothing else, the core will be about improving engagement on the product, improving efficiency on marketing.",Alarmed
ORIX Corporation,IX,NYSE,2024-11-11,Naruhiko Sakamaki,"Yes. It's Sakamaki from Mizuho Securities. I have 1 question. So the asset, the credit status of your assets, I would like to confirm. So data book on Page 27 or 28. Using this, if you could respond, that will be helpful. So the concerns that I have are the allowance for the credit loss from end of June, we can see the trend. But as you explained in the U.S., the credit, you're very prudent in provisioning and perhaps there are some concerns. So why did your concern come down since then?",Alarmed
News Corporation,NWSA,NASDAQ,2024-11-09,Entcho Raykovski,"Hi, Robert. Hi, Susan. Before I ask my questions, Susan, all the best for life after News Corp. So my question is really two-fold. Firstly, looking at advertising at Dow Jones, it has suffered and it's underperformed some peers. I mean, you obviously acknowledged some of the weakness and I get that it's a smaller part of the segment, but are there any business-specific issues or factors which are causing this and what is your thinking around when we might see a recovery? And just secondly, the Foxtel shareholder loans, I think I can probably say that there has been a more recent repayment. Are you able to give us an indication of where they sit now post that repayment, and apologies if I missed this. Thank you.",Alarmed
Citigroup Inc.,C,NYSE,2024-07-12,Mike Mayo,"Hi. Could you elaborate more on the amended consent order? Jane, you said it was disappointing to have gotten that this week. It's almost four years into the consent order. And a little bit why it hasn't been resolved? And what's on the -- that's the loss column, and maybe a little bit more on the win column, too. I mean you have, what, 12,000 people thrown at the problem, billions of dollars. Is it not enough people? Not enough money? Is it -- do you need to look at it in a different way? Are you not talking the same language? I mean, you have John Dugan as your Lead Independent Director, exit of the OCC, and it seems like you got your report card, I guess you passed overall, they went out of the way to say some nice things, but it looks like you got failing grades and data and regulatory management. So, your confidence is going to be resolved, but it's already been four years and it hasn't been resolved. So, what is it going to take from here? And how can you resolve the regulatory concerns while continuing or serving shareholders better? And then, in the win column, since it's so nebulous this back-office, what are you achieving? You mentioned some items, but you could put more meat on those bones? Thanks.",Alarmed
"PepsiCo, Inc.",PEP,NASDAQ,2024-07-11,Kevin Grundy,"Great, thanks. Good morning, everyone. Covered a lot of ground, and not to beat a dead horse, but just to drill down a couple of areas, Ramon, if we could on the demand weakness in snack. So you mentioned some parts of the portfolio, but not all consumers. I apologize if I missed this. What are you seeing beyond the low income consumer? It's a lot of focus on where's the consumer and depends on which management call you're listening to or what industry frankly. What are you seeing specifically with the middle and high-end consumer? Is the weakness also being seen among that cohort as well? And then I think an important question as well, is there anything you're seeing in your market research? I know you're staying close to the consumer that gives you any pause with the longer term outlook for the Frito business, which has been so strong for so long. Is there anything there that kind of gives you pause or you do this to be entirely transitory? So thanks for that.",Alarmed
GEE Group Inc.,JOB,NYSE,2024-12-20,A - Derek Dewan,"So the first question that we have is, at what price would you start buying back stock? We are approaching net cash value on the company. So the answer to that is we constantly evaluate alternative uses of our capital. And the question is very relevant at these levels of our trading. The comment was you could be buying cash back at a discount. And it's kind of interesting, we're trading about at our cash level right now on a market cap basis. The Board of Directors and senior management have had discussions regarding capital allocation. And my response to that is: stay tuned. I think that we will move forward as appropriate and do our capital allocation. We have enough cash and liquidity to do a lot. We do want to protect our balance sheet as well as we get out of these rough times. And we anticipate a more favorable economic environment for our business going forward. Political climate is better for us in terms of labor laws and rules. And we look forward to restoring profitability. So the buyback is definitely something we consider, and stay tuned regarding it and our M&A activity, and hopefully, restoration of profitability in the near term. Another question is, The company has grown in size over the years since 2015? Quite frankly, in 2015 when we took over the company, the company was ready to be delisted, had heavy debt, was losing money. We turned the corner, had several great years of profitability, made strategic acquisitions, built the company up, and performed quite well over a period of years. We ran into a rough spot during COVID. But we were able to last through COVID and come out of that pretty good. I think we're kind of in the same situation now and are looking for the same type of recovery post-deal. The question two is: What happened to results industry versus your results? We were geared -- we had about 18% -- 13% to 18% perm, in that range. And we had a perm year in 2022 that was a record. Permanent placements is the first part of our staffing business that would get hit when there's a hiring freeze or a downturn or perceived economic weakness in our economy. Also project work would be put on hold for fear of the unknown. And there's been a lot of pauses and continuing IT projects, engaging in new ones and so forth. We're starting to see that change and we're very optimistic over a period of months that we will get back to where we were before. Why is the company less profitable? As I said, during COVID versus now? The difference is, during COVID, that was a force that was layered upon a good economy. And business continued mostly remote as we had almost 100% remote workers at that time. And in particular, the IT business was very robust with projects that had started and continued because that could be done remotely, and the perm business was pretty solid. Despite that, they were perming -- firm hires and putting them remote. So it was an interesting dynamic. And we flew out of the 2020 malaise of COVID into 2021 and 2022 with very good years, and the first part of 2023 was outstanding relative. But we started to see that weakness, as we said earlier, in the middle, latter part of 2023, that's continued into 2024. Optimism for 2025 is out there. Industry leaders feel that way. And we share that sentiment. It will be a gradual process, but we're very excited about moving forward. But we will also adjust our income statement based on the current revenue to restore profitability and, of course, look for new business, new business from existing customers, new clients, and, of course, make strategic acquisitions, and then reexamine our capital allocation strategy. Another question, Kim, this one is for you. What is the quarterly annual revenue level to achieve breakeven results? What is the annual revenue level needed to generate $5 million to $10 million in EBITDA as you were not too long ago? That's an outstanding question and something we look at regularly. Kim, go ahead and take this.",Alarmed
Soho House & Co Inc.,SHCO,NYSE,2024-12-19,Steven Zaccone,"Congratulations on the offer. Maybe, Thomas, could we just talk through some of the last commentary you gave there about the guidance change. So it sounds like $21 million reduction in EBITDA, approximately half of that we should think is onetime in nature as we think about next year? And then just on the cadence of like-for-like sales. When you talked about some of that weakness in October and then things got better in November, was there notable differences by region, like was it primarily continued weakness in the US underperforming? Any geographical comment would be helpful there.",Alarmed
Soho House & Co Inc.,SHCO,NYSE,2024-12-19,Stephen Grambling,"And then I think I heard in this -- this has come up a couple of times, but you made a comment that the third quarter like-for-like in North America, I think, was weaker, then it's been choppy October, November time frame. And I think you touched on this a little bit, maybe I missed it. But just is there -- are there specific houses in the third quarter? Like when you put on a broader lens, what do you think has been driving some of that choppy behavior?",Alarmed
"Lamb Weston Holdings, Inc.",LW,NYSE,2024-12-19,Alexia Howard,"Can I turn to the demand side of the equation? We've talked a lot about capacity and competitors this morning. What is your research telling you about the reasons for the weak consumer demand? And I imagine the reasons might be quite different between U.S. and Europe. And specifically, are you seeing any impact at the moment about on the uptake of GLP-1 weight loss drugs, particularly here in the U.S.? I'm just wondering how that informs your expectations about an improvement in demand going forward? And then I have a follow-up. Thank you.",Alarmed
Ark Restaurants Corp.,ARKR,NASDAQ,2024-12-17,Jeffrey Kaminski,"Right. Okay. All right. Fair enough. And then second question, with respect to -- Mike, you had mentioned twice in this call, the stock price going back to when you negotiated the Tampa deal. And with respect to these write-offs, these impairment charges, again, tied into the stock price. Labor costs are what they are, they may have stabilized, but I don't see them. You may really disagree on and going down considerably. Insurance costs may stabilize maybe they won’t, but again I don’t see them coming down. So some of these headwinds exist in the future regardless. Food prices will be volatile, cost of crab, again, volatile. A question I have asked recurring here on these calls, as a shareholder, the share price -- it's hard to benchmark Ark Restaurants against other stocks, but there is a risk on ETF, there are restaurant and leisure indexes, if you will. By any benchmark, Ark stock has dramatically underperformed in years. So you talked about trying to acquire other properties. Right now, that doesn't seem to be happening. There was -- introduced to us probably six months ago, a new concept, the Asian concept that you're working on three months ago. You gave us a progress report. I asked then, if it's successful, what do you expect in terms of revenues and how you've been scaling up? Just looking for some tidbits here as to -- as a shareholder, what's going to drive the stock higher? What are we waiting for? I mean, are you waiting for another acquisition? Or we waiting for the Asian concept to keep up? Or do we think we're going to wake up one day and all of a sudden, labor costs are going to be down and insurance is going to be down? Just give us a little color and guidance as to what we can expect as shareholders?",Alarmed
Adobe Inc.,ADBE,NASDAQ,2024-12-12,Keith Weiss,"Excellent. All right. Thank you guys for taking the question. A lot of excitement from you guys on the conference call about the pace of innovation going on in the business, and we hear that excitement from creative professionals and they talk about an acceleration in the pace of innovation, but apologies to state the obvious, but investors aren't feeling that excitement or aren't showing that excitement. The stock is a major underperformer on a year-to-date basis and it's down again on an after-hours basis today. And I would point to it's the lack of acceleration that we're seeing in the numbers, right? Digital Media net new ARR this quarter grew just -- or in Creative Cloud grew 2%. You're guiding to decelerating growth into the forward year despite all this innovation. And I think the question that it brings up in investors' mind is there's some leak in the bucket, right? All this innovation, new monetization avenues, pricing going up, but the growth is going in the wrong direction. Like is there a part of the equation that's not working? Is there share losses? Is there something that we're not seeing that is taking away that momentum in the numbers that's not -- because we're not seeing the acceleration in the numbers, if you will?",Alarmed
Bank of Montreal,BMO,NYSE,2024-12-05,Darko Mihelic,"Hi, thank you. good morning. I'll be really quick. Piyush, with respect to the learnings and everything you sort of laid out for us in terms of trying to help us assess sort of what went wrong, can you maybe help size this for us? So, for example, if it's the 2021 vintage, there were a higher hold levels at that time, but what's the impairment of that portfolio? What's the size of that portfolio? And how should we think about the comfort level going forward? And I say this from a position of knowing that last year, you were comfortable going forward with credit quality. So, can you maybe size for us that vintage side -- the hold size that went wrong and how that's working through the system today and why that gives you comfort?",Alarmed
Bank of Montreal,BMO,NYSE,2024-12-05,Darko Mihelic,"Okay. And the 2022 vintage, why is there no concern with that vintage of loans?",Alarmed
"Nutanix, Inc.",NTNX,NASDAQ,2024-11-26,Nehal Chokshi,"Yes, thank you. And congrats on this really strong new logo up 50% year-over-year. That's really impressive. I'm trying to put though why is ARR decelerating given this strong land that you're seeing? And then if I look at the incremental ARR i.e. to change quarter-over-quarter for October quarter relative to the year ago quarter that was down a lot as well. So thoughts on why are there such a weak incremental ARR characteristics, especially given the backdrop that you're having such strong land metrics.",Alarmed
Dell Technologies Inc.,DELL,NYSE,2024-11-26,Toni Sacconaghi,"Yes, thank you. I'm just wondering I think last quarter you were the midpoint of your guidance for the year was $97 billion. Now the midpoint is $96.1 billion. And I'm wondering what has changed in terms of coming up weaker than your expectations, especially in light of the fact that it sounds like the AI pipeline is really strong. I think last quarter you said it was multiples of backlog, which would have put it at $11 billion to $13 billion. And you said it grew 50% sequentially. So are we looking at a backlog that's a pipeline, excuse me, that's like $16 billion or $17 billion. And why is that not informing a more optimistic view for Q4 than what you had 90 days ago? Thank you.",Alarmed
The J. M. Smucker Company,SJM,NYSE,2024-11-26,Robert Moskow,"Hi, thanks. I had a couple of questions about Hostess. One is, Mark, you mentioned that execution weakened. Can you give us a little more details on what aspect of that weakened and what caused it and how you can fix it? And then secondly, a broader question, I appreciate the plans to market Hostess more aggressively in first quarter '25, but are there any concerns internally about whether it might get drowned out? There's a lot of messaging from the new administration on Make America Healthy Again. I'm just wondering, is this the right time to be aggressively marketing indulgent snacks, and how do you think the consumer will receive it?",Alarmed
Elastic N.V.,ESTC,NYSE,2024-11-21,Howard Ma,"Great. Thank you. My question is for Janesh and/or Eric. So it sounds like you did not make up for the Q1 shortfall in customer commits in Q2, despite the bounce back. But when you factor in the acceleration in consumption trends, it sounds like maybe you were back on track with your revenue targets before the cut last quarter, and that you're just being a bit conservative with your back half assumptions. Is that true? Or maybe just asked another way, had you known you would achieve the Q2 performance that you did, both commits and consumption, would you still have lowered your full year guide last quarter?",Alarmed
Jack in the Box Inc.,JACK,NASDAQ,2024-11-20,Katherine Griffin,Hi. Thank you. This is Katherine Griffin on for Sara. We wanted to ask to what extent would you attribute the softer performance in the quarter to the demand backdrop in California versus your own sort of share loss or relative underperformance? Thank you.,Alarmed
Jack in the Box Inc.,JACK,NASDAQ,2024-11-20,Katherine Griffin,"No problem. I'll repeat it. Yeah, I just wanted to -- just trying to figure out the -- to what extent was the softer performance in the quarter a function of the broader demand backdrop in California versus your own share loss and relative underperformance?",Alarmed
Spire Inc.,SR,NYSE,2024-11-20,Bill Appicelli,"Hi, good morning, and congrats to Steve and Adam. I echo everyone else's sentiments there. Just wanted to dig into the, I guess, the Q4 results a bit. You guys had guided down full year earnings last quarter and then you came in a little bit light of the lowered expectations for the full-year. So I guess what happened there? Was it -- was it gas marketing? Was that -- I think you had modified that outlook to $27 million to $31 million for the full-year and you came in at $23 million. So was that what fell short of expectations in Q4 or can you share a little more color on that, please?",Alarmed
ZIM Integrated Shipping Services Ltd.,ZIM,NYSE,2024-11-20,Alexia Dogani,"Yes, hi, good afternoon. I had two questions. Just firstly very good to hear kind of the positive outlook that gives you the confidence to give some incremental special dividend near-term. What held you back from reversing the impairment you took last year? Because I believe that the impairment was driven by the kind of outlook of the market. Could you not reconsider that decision now that you suggest kind of things have improved more underlying? So that's my first question. And then secondly, can you just clarify, Xavier, what percent of your capacity is on this kind of smaller, less efficient vessels that could potentially come out in '25 should the market kind of turn out weaker? And then if I actually can ask one more. What are you hearing from your customers near-term? I mean is there scope for further inventory buildup into the first half of 2025 or kind of the duration kind of constrained the timing benefit of arriving in the US in the next couple of weeks? Thanks.",Alarmed
"Mitsubishi UFJ Financial Group, Inc.",MUFG,NYSE,2024-11-18,Ken Matsuda,"I am Matsuda from Daiwa Securities. I have two questions. First is about gain on sales of equity holdings and second is about your thinking behind this year's earnings. Regarding the first question, gain on sales, on Page 3 on FY'24 plans, looking at net operating profits and ordinary profits vis-a-vis initial targets, there seems to be positive $350 billion below net operating profits. Is this mostly gain on sales of equity holdings? In addition, if we look at the bar chart for this year, we can see that gain on sales of equity holdings are greater than the impact of the portfolio restructuring. But if larger gains on sale of equity holdings are included in the plan for this year, how should we think of the baseline for a gain on sales of equity holdings from next year onwards? My second question is on this year's profits. I think the macroeconomic environment is favorable due to the weak yen, and the FX assumption for the second half is JPY140. If profits are likely to be higher, thanks to the macro environment, are there any items that you can cut losses on? For example, I apologize for talking about other banks, but some banks have a recorded a lump sum provision for loss on interest repayment. Your group also has a subsidiary, ACOM. And I would like to know if you are considering similar costs for interest repayment or items where you can cut losses?",Alarmed
Grupo Aval Acciones y Valores S.A.,AVAL,NYSE,2024-11-14,Daniel Mora,"Hi, good morning and thank you for the presentation. I have three questions from our side. I would like to understand the first one. We have struck a clear downward trend in the consumer segment, but the commercial segment continues deteriorating. Why is the commercial segment taking longer than expected when compared to the consumer one? And I would like to understand if there is a particular sector showing even a more challenging scenario and when do you expect to see an improvement in this segment? That will be my first question. The second one is regarding NIM. I would like to understand if you can provide a further color regarding the NIM with and without the trading income. What was the strategy taken during this quarter that showed a strong improvement in the NIM of investment and should we consider this to be a one-off or can we expect a better performance going forward? And the last one in this question is can you repeat the guidance of the NIM for 2024 and 2025? Thank you so much. And the last one is regarding the loan program with the government. Can you repeat how much you have disbursed under this program and what are the conditions of these loans? Do they have a guarantee attached or a subsidy of interest rates? Thank you so much.",Alarmed
"Advance Auto Parts, Inc.",AAP,NYSE,2024-11-14,Unidentified Analyst,"That's helpful. Thank you. And then, just as a follow-up, so with the business comping down low single-digits, is this industry weakness or share loss and maybe it's a little bit of both? And can you help us think about the path back to positive territory moving forward?",Alarmed
Nu Holdings Ltd.,NU,NYSE,2024-11-13,Henrique Navarro,"Hi, thanks for the opportunity to make a question. I would like to do a follow up on the question on the growth mismatch between provisions and loans. I understand the rationale. You're changing the credit mix adding more secure personal loans. But my question is, if we look forward, the macro environment has been deteriorating. We have a higher estimates, et cetera. And under the expected credit loss provisioning model, we need to consider the macro environment to do our calculations. So my question is, what is the rationale for this behavior between provisions and loans? I mean, is there a risk that eventually you may need to reinforce provisions ahead? That's it. Thank you.",Alarmed
StoneCo Ltd.,STNE,NASDAQ,2024-11-12,Mario Pierry,"Hey, guys. Good evening. Congratulations on the quarter. I wanted to explore a little bit more exactly on the take rate and I think you answered part of that question -- in the previous question. But basically when we look at your MSMB take rates right like you were running at 2.58%, you were guiding for 2.49%. The mix has been weaker than expected given PIX. So why is your take rate higher than what you were expecting? Is it because you already started to implement higher prices for your clients? You said a lot, right, that the competitive environment is very rational or is it because the banking product is more profitable for you?",Alarmed
"Sunstone Hotel Investors, Inc.",SHO,NYSE,2024-11-12,Bryan Giglia,"Morning, Duane. Okay, so when we did the update in October, that was confined purely to the labor impact in San Diego. We didn’t provide anything else on the portfolio at that time because we were still within closing up the quarter and not seeing where everything was at that point. So that was that update. And Maui did underperform in Q3 and it continued into Q4 – and continues into Q4. And though it’s overall just a general leisure pickup has been slower in this market than some of the other markets. And when you look across the portfolio, our group is firing on all cylinders. Our business transient is doing very well. Leisure is kind of hit and miss where wine country, we’re seeing very promising results. And in other markets like Maui, Key West occupancy is there, but it’s a rate sensitive, it’s become a little bit more rate sensitive of market and Maui has struggled over the last couple of quarters. There is no relief business in there and we fully lapped that over last year. And so that’s not impacting anything now. The positive that we’ve seen in Maui, a couple things. One is that group picks up and group picks up very strong next year. We have some decent group in the fourth quarter, but 2025 and we’ve talked about this before, there’s a large group that’s on-island for two years and then off-island and this was an off-island year. So our group pace is very strong next year. The state of Hawaii has been putting money into some promotional campaigns for to promote Maui post-fire. We’re looking for to continue to do that. We’re getting great help from the brands and other distribution channels to help bring business back in there. The biggest positive we’ve seen recently is we’ve seen airline flights and seats declined steadily over or been down for over a year now. For the month of December where we’d actually seen that switch and so seats and flights are up about 5% and that mainly coming from the west coast. But that’s the biggest feeder market for Maui. And so that’s a big positive where we’ve seen, we actually see more lift going into the island. And I think where that’s – for the month of December, where that’s translated to is we’ve seen festive, very strong, festive is up, room nights significantly, rate is down. But it does allow the hotel to fill and allow the hotel to fill and do a few things, one, it gives it upsell opportunities. It has ancillary spending that’s very high at that hotel. And so total revenue is up for festive, room nights are up. And layering on top of that, our very strong pace for next year, gives us a lot more optimism as we look at Maui going forward.",Alarmed
Assured Guaranty Ltd.,AGO,NYSE,2024-11-12,Giuliano Bologna,"That's helpful. And maybe one last one. But looking at the TMS exposure, as most of the exposures are very low coupons and very long dated. I think obviously, you're only ensuring the time in pain principal interest. So the MTV factor there has a huge benefit that's on your side. I'm curious if there -- because of that duration in both coupon dynamic, if there could be anything similar to the old Cofina exposures or things like that or you might have the ability at some point to consider loss situation. But I realize that you probably have to see a lot more weakness flow through before that would even become something to consider?",Alarmed
Wave Life Sciences Ltd.,WVE,NASDAQ,2024-11-12,Q - Joon Lee,"Congrats on the progress and thanks for taking our questions. Looking down the road for INHBE, how do you envision registration trial to differentiate INHBE from GLP-1s from a labeling perspective? Specifically, at obesity, we clearly shared post op analysis of SURMOUNT-1, which showed about 11% mean body mass loss. How concerning is that from an ADL standpoint? And is that something the FDA may be noticing as a potential safety concern? Thank you.",Alarmed
UP Fintech Holding Limited,TIGR,NASDAQ,2024-11-12,Emma Xu,"[Foreign Language] So, congratulations on achieving the guidance ahead of schedule. The market conditions have been favorable since October, so could you please share the run rate for asset, for AUM, trading volume, revenue and profit, et cetera, since October? And on a quarter-over-quarter basis, the growth rate of your revenue exceeds that of profit without regard to the impairment losses of around US$13.2 million in the second quarter. So, how do you view the improvement in the operating efficiency and leverage?",Alarmed
Truist Financial Corporation,TFC,NYSE,2024-11-09,Terence McEvoy,"Maybe one more, just a question on credit, losses in consumer have stabilized and even come down in certain portfolios. So, how is the health of your consumer portfolio, and any specific areas of concern?",Alarmed
Sezzle Inc.,SEZL,NASDAQ,2024-11-09,Charlie Youakim,"I think it’s less about like a weakness sign. That’s why we have on Slide 15 at the bottom, controlled expansion, optimized top line growth with no deterioration in Sezzle’s core customers. We wanted to provide that kind of proxy for delinquencies because we’re not seeing any deterioration. And if you saw customers spending too much, like needing the product, you’d see a deterioration. I think the reason we’re seeing increased utilization from our existing customers or customers in our business is because we’re providing better products than our competitors. I think we’re providing products that are stickier. The customers like it. They like our product. They like using it. And so instead of using a competitive product out there, they’re preferring to come back to ours. I think that’s really the key. Because I think, Nico, I think you’d see deterioration if they were weakened financially and just coming to us because they needed it is, I guess, the point.",Alarmed
"Tempus AI, Inc.",TEM,NASDAQ,2024-11-09,Eric Lefkofsky,"I mean, so we told when we went public, which was just five months ago, we told folks that we were on a disciplined path to get to EBITDA positive that we wouldn’t – that we were looking to basically take the gross profit dollar growth we were generating and produced some leverage so that our losses were declining instead of what some other folks in our space have done, which is either kind of just maintain high loss levels or actually go the other way and invest more. We felt that was prudent given that we’re going to turn 10 next year, and we just thought given our size and scale being sustainable and not burning money was an important milestone. We haven’t yet determined how we want to harvest profits. So I think what I can safely say is, especially with this acquisition, we’ve crossed that hurdle. We’ve kind of checked that box. We’re now on an annualized basis, an EBITDA positive, cash flow positive sustainable business, but we need to think a little bit about how we want to harvest the EBITDA we’re going to generate relative to invest in the future, and I wouldn’t – I don’t – I think we’re more focused in the next several years on making sure we can sustain our growth rate, not trying to generate an extra $50 million of EBITDA in a given year. So I think you’ll, I think, see us make those trade-offs but we’re still disciplined and we want to run a good business. And so I think hopefully we’ll find the right balance.",Alarmed
"Cryoport, Inc.",CYRX,NASDAQ,2024-11-09,Puneet Souda,"Okay. That's helpful. My question is really, look, when we look at the last couple of quarters, your weakness has continued across the industry. Unfortunately, Cryoport has missed as a result. Just given the backdrop today, can you just help us understand why you're continuing to reiterate the guide at this point? And what can you provide us about 2025 at this point?",Alarmed
"Gray Media, Inc.",GTN,NYSE,2024-11-08,Bill Matthews,"Hi, great. Thank you for taking the question. Many of my questions have been answered. When I kind of wanted to circle back on some of the comments that you've made in terms of the sub-losses, a huge concern beyond your control. The political spending and predicting races very difficult to predict. And then the cost saves of $60 million what's clearly in your control, common dividend and the dividend of the preferred. You've had a previous person, who is an equity holder voice that it would be helpful for the equity to reduce your debt. So, is there a conversation in the boardroom? Is there a voice in the boardroom that is advocating to take that $80 million and even pause it for a year until you get your leverage down?",Alarmed
"Calumet, Inc.",CLMT,NASDAQ,2024-11-08,Bruce Fleming,"Hey, Adam. Bruce. So the volume outlook is we're not concerned about it. Montana Renewables sits in the middle of a really large production area for these kinds of feedstocks. There's a lot of diversity. And we're actually dynamically optimizing as those feed classes move around relative to each other. So then you come to the price. And in a way, the view that we have is all of these feeds over a reasonable short timescale are going to be arbitraged based upon their carbon intensity. So the prices will be different. But if I focus you on margin, the margin add is not as differentiated as the price. As a margin add business, we're floating on the flat price. So the secular decline for two years now in the flat price, everybody's written that down. That does show up on a lot of balance sheets. And we have talked in the past on this call about gains or losses from short-term price movements. But in the long run, we don't think that's a structural concern for the industry.",Alarmed
Qiagen N.V.,QGEN,NYSE,2024-11-07,Doug Schenkel,"So your stock has been stuck in a range for years. You've been underperforming the group and the market for a while. You're clearly not being rewarded for increasingly solid execution. This was a good quarter and it's not the first one this year. So with that in mind and keeping in mind the stock trades a material discount to probably anything I can plausibly see you acquiring. I know you said you're going to return $1 billion to shareholders by 2028. We're aware of what you said at the Capital Markets Day and again, what you're saying today. I guess my question is like why not get going now? Like what are you waiting for? If you believe in your LRP, if you remain confident that competitive concerns are really just noise and it sure seems like you do. Why not bet on yourself and get more aggressive with the buyback as quickly as possible at this valuation?",Alarmed
Citigroup Inc.,C,NYSE,2024-07-12,Gerard Cassidy,"Mark, regarding the comments you made about the higher credit losses, the three factors that you gave us, can you also talk about if this was a factor at all for you folks? Was there any FICO score inflation back during the pandemic that might be playing into these kind of credit losses? And as part of the credit card question, you mentioned the CFPB, the fees that you have factored them, the lower fees, you factor that into your forward look, where do we stand on that? Do you guys have any color on that as well?",Alarmed
Citigroup Inc.,C,NYSE,2024-07-12,Matt O'Connor,"Hi. Apologies if I missed it in the opening remarks, but what drove the decline in credit card revenues from 1Q to 2Q? It looks like they were down about 6% in aggregate even though average loans went up, spending went up. What was the driver of that?",Alarmed
Citigroup Inc.,C,NYSE,2024-07-12,Saul Martinez,"Second question on, I just want to follow-up on USPB. I mean, I still -- I get the point that you're seeing normalization in losses in cards, but even if I adjust for reserve builds, your RoTCE is still single-digit. I would think even at these NCL levels, your cards business is pretty profitable. You're a scale player. I mean, you're above sort of pre-pandemic levels, but not -- I don't know if I -- it doesn't seem like it's that much higher by a dramatic amount. It would seem to imply that the retail bank is a huge drag on profitability even maybe even losing money, I don't know. But can you just talk about what you can do to sort of improve the retail bank profitability and just give any more color that you can in terms of the path to get to that high-teen RoTCE that you talked about?",Alarmed
Citigroup Inc.,C,NYSE,2024-07-12,Mike Mayo,"Yeah, just to say -- real short follow-up to that. So you're doing all this great stuff, but you still fell short. Just in, like, one sentence, despite doing all this great stuff that you described, the regulators still said you didn't get it done. Why after doing all that, didn't you get that it done in the eyes of the regulators and why won't be fixed now? Just like a one-sentence explanation for that if you have it?",Alarmed
The Bank of New York Mellon Corporation,BK,NYSE,2024-07-12,Gerard Cassidy,"Very good. And then just as a follow-up, Robin, you talked about the new business wins in the quarter, and you talked about ONE BNY as well. It appears that you're having success in chipping down or breaking down some of the silos that many organizations always struggle with. Can you share with us some of the tools you're using to break those silos? And how -- I would assume you're not 100% complete breaking them all down, but how far along are you in actually breaking them down?",Alarmed
Wells Fargo & Company,WFC,NYSE,2024-07-12,Erika Najarian,"Hi. Good morning. First, I just want to put context to this question, because I didn't want to ask it just in isolation because it seems ticky-tacky, but it's not. So the stock is down 7.5%, and if I just take consensus to the higher end of your NII range to 9%, that would imply that consensus would adjust 3.5% in isolation. So this is just a context of why I'm asking this question on expenses. So your expenses went up in terms of from your original guide, $1.4 billion. I guess and you laid out those three bullets and you quantified FDIC special assessment. I guess, I'm just wondering, if you could give us a little bit more detail on how much more of the remediation expenses and op losses were up versus your original expectation because I think what the market wants to understand is, PP - you know, NII, okay, we get it, that's happening because of deposit repricing. But is core - you know, are the - is core PPNR outside of that in turn going up, right? Just sort of want to have that assurance in terms of is the EPS going to be down as much coming out of this as the market is indicating.",Alarmed
Wells Fargo & Company,WFC,NYSE,2024-07-12,Erika Najarian,"Got it. Okay, that makes sense. And just maybe some comments on how you're thinking about credit quality from here. It looks like you continue to release reserves in the second quarter. Is this a message that you feel like you've captured most of the CRE-related issues, of course, absent of a further deterioration in the economy, and how should we think about the trajectory of the reserves from here relative to your charge-offs?",Alarmed
Wells Fargo & Company,WFC,NYSE,2024-07-12,Matt O'Connor,"Okay. And then just a separate topic here. I mean, the credit card growth has been very good. You highlighted rolling out some new products. And the question as always, when you - anybody growth kind of so much in a certain category, you mentioned not growing too quickly, the loss rates have gone up maybe a little more than some peers, not as much as some others, obviously in line with what you were targeting. There was that negative Wall Street Journal article on one of your cards. So just kind of taken together, what kind of checks and balances you have to make sure that a somewhat new initiative for you that you're growing at the right pace? Thank you.",Alarmed
Wells Fargo & Company,WFC,NYSE,2024-07-12,Matt O'Connor,"Okay, that's helpful. And obviously, you talked about card losses going down in 3Q, so that's consistent with everything that you said as well. So thank you for the color.",Alarmed
Telefonaktiebolaget LM Ericsson (publ),ERIC,NASDAQ,2024-07-12,Felix Henriksson,"Hi. Thanks for taking my question. I wanted to touch on the game plan for Vonage and the global communications platform. You now have the write-down under your belt, organic growth being negative and the business is loss making. So just wanted to hear your thoughts about the timeline. So, when do you have to achieve profitable growth in this business area to be somewhat satisfied with the acquisition here?",Alarmed
Telefonaktiebolaget LM Ericsson (publ),ERIC,NASDAQ,2024-07-12,Richard Kramer,"Thanks very much. Borje, I want to go back to Vonage, and given the further write-downs, which are now over SEK4 billion, I want to ask you, who's ultimately accountable for this level of value destruction and sort of what conclusions should investors draw that the management has learned lessons from this level of losses, which, I mean, it's really the largest we've seen since shortly after you arrived in 2017. And maybe alongside that with Lars, do you need to adjust your EBITA targets, given that they had been changed from EBIT to EBITA to include the larger amortization post-Vonage, and now you'll obviously have much lower amortization? Thanks.",Alarmed
Fastenal Company,FAST,NASDAQ,2024-07-12,Ryan Merkel,"Hey, guys. Thanks for taking the questions. I just have one as well, and it's on the macro. So can you just level set us on the macro, is it fair that the industrial economy has just slowed sort of slightly versus 1Q or is it more pronounced? That's the first part of the question. And then I'm hearing that it could stay a little weak until after the election. I know that's crystal ball stuff, but what do you think about that?",Alarmed
JPMorgan Chase & Co.,JPM,NYSE,2024-07-12,Steven Chubak,"No need to apologize, Jeremy. That was a really helpful perspective. Maybe just for my follow-up on NII. You've been very consistent just in flagging the risk related to NII over earning, especially in light of potential deposit attrition, as well as repricing headwinds. In the second quarter, we did see at least some moderation in repricing pressures. Deposit balances were also more resilient in what's a seasonally weak quarter for deposit growth. So just given the evidence that some deposit pressures appear to be abating. Do you see the potential for NII normalizing higher? And where do you think that level could ultimately be in terms of stabilization?",Alarmed
JPMorgan Chase & Co.,JPM,NYSE,2024-07-12,Ken Usdin,"Thanks a lot. Good morning Jeremy. Jeremy, great to see the progress on investment banking fees, up sequentially and 50% year-over-year. And I saw you on the tape earlier just talking about still regulatory concerns a little bit in the advisory space. And we clearly didn't see the debt pull-forward play through, because DCM was great again. I'm just wondering just where you feel the environment is relative to the potential. And just where the dialogue is across the three main bucket areas in terms of like how does this feel in terms of current environment versus a potential environment that we could still see ahead? Thanks.",Alarmed
JPMorgan Chase & Co.,JPM,NYSE,2024-07-12,Ken Usdin,"Great. Thank you for all that Jeremy. And just one on the consumer side. Just anything you're noticing in terms of people who just have been waiting for this delinquency stabilization on the credit card side. Obviously, your loss rates are coming in as you expected, and we did see 30 days pretty flat and 90 days come down a little bit. Any -- is that seasonal? Is it just a good rate of change trend? Any thoughts there? Thanks.",Alarmed
JPMorgan Chase & Co.,JPM,NYSE,2024-07-12,Jim Mitchell,"Hi, good morning. Maybe just one last question on sort of deploying excess capital. It seems like the two primary ways to do that organically would be through the trading book or the loan book. So maybe two questions there. One, trading assets were up 20% year-over-year. Is that you leaning into it or just a function of demand? And is there further opportunities to grow that? And then secondly outside of Cards, loan demand has been quite weak. And any thoughts from you on if you're seeing any change in demand or how you're thinking about loan demand going forward? Thanks.",Alarmed
AZZ Inc.,AZZ,NYSE,2024-07-11,Stephen Volkmann,"Hi. Good morning, guys. Thank you. And maybe just sort of pull on the same thread a little bit. I'm just curious, as you think about your end market exposures, are there any -- it doesn't sound like this, David, but are there any end markets out there that are kind of choppy and giving you some concern for the rest of the year? Maybe there was some inventory stock or destock that we should keep in mind? Just anything that would keep you kind of conservative on the top line outlook?",Alarmed
"PriceSmart, Inc.",PSMT,NASDAQ,2024-07-11,Jon Braatz,"Most recently, the Colombian currency has weakened quite a bit, and I don't know if it will continue or not. But have you seen any change in consumer behavior in Colombia, and have you made any changes in pricing, like you did maybe a year-and-a-half ago, or is it too soon to do something like that?",Alarmed
"PriceSmart, Inc.",PSMT,NASDAQ,2024-07-11,Jon Braatz,"Well, it has weakened. It was at -- it's at COP4,000 now, and it was at COP3,600 or something like that. So, it's weakened a little bit.",Alarmed
"Delta Air Lines, Inc.",DAL,NYSE,2024-07-11,Ravi Shanker,"Understood. That's great color. And maybe a follow-up on the previous discussion on the premiumization of the industry. Kind of as the lower-cost carriers push towards premium, I just wanted to kind of clarify your comments. Are you saying that there is more opportunity for you guys to kind of push up kind of as the bottom comes up? And kind of do you have a sense of how high you can go? Or I mean, there is also some concern that as others premiumize, there is going to be more competition for a fixed set of premium demand. How do you see that playing out?",Alarmed
"Conagra Brands, Inc.",CAG,NYSE,2024-07-11,Max Gumport,"Great. Then on food service with volumes down 10% in the quarter, you called out the QSR weakness as well as some actions to eliminate a low profit business. I was just curious, if you could disaggregate for us the magnitude of each of those two impacts and also what you're seeing on the QSR side in terms of how that weakness could progress over the coming year. Thanks. I’ll leave you there.",Alarmed
"Conagra Brands, Inc.",CAG,NYSE,2024-07-11,Rob Dickerson,"Got it. Fair enough. And then just maybe quickly for Dave. I normally don't ask about impairments, but clearly called out this quarter and I think that some have been called out previously. While I understand changes in rates, what have you, like are there certain areas that we should just be aware of or certain brands that maybe have been driving a bit more of those impairments? And that's all. Thank you.",Alarmed
"Bassett Furniture Industries, Incorporated",BSET,NASDAQ,2024-07-11,Budd Bugatch,"And so, what would be -- what with the losses, is it still in that low-20%s or mid-20%s kind of range? Is that about where it works out?",Alarmed
"PepsiCo, Inc.",PEP,NASDAQ,2024-07-11,Peter Grom,"Thanks, operator. Good morning, everyone. So I was hoping to get some color on Latin America. Organic revenue was the weakest we've seen in some time here, and I think in the prepared remarks Brazil and Mexico seems solid. So just curious, kind of what drove the weakness in the quarter? And then, Ramon, just as we look ahead, you mentioned you still expect strong growth from international in the back half of the year. How does Latin America fit into that equation? Would you anticipate improvement, or should we expect more muted performance to continue? Thanks.",Alarmed
Northern Technologies International Corporation,NTIC,NASDAQ,2024-07-11,Gus Richard,"Yes, thanks for taking the questions. Just on ZERUST Industrial, that was down year-over-year. Is that a function of the weakness in Germany, or is there an end market exposure that's causing that to be down year-over-year?",Alarmed
"E2open Parent Holdings, Inc.",ETWO,NYSE,2024-07-11,Chris Quintero,"Hey, everyone, thanks for taking our questions here. I wanted to ask about the deal closure delays. It's great to see almost half of those already closed in June, but just curious to hear your thoughts and expectations for the rest of the year. Do you think these delays will continue throughout the year? Or do you think it was more of a one-time impact given Q1 is always a seasonally weak quarter?",Alarmed
"E2open Parent Holdings, Inc.",ETWO,NYSE,2024-07-11,Mark Schappel,"Hi, thank you for taking my question. Greg, in response to an earlier question around the slipped deals, you noted that you don't expect the deal delays to be an issue going forward. Just wondering if you could just provide additional color around what gives you this confidence. Was it because of slipped deals or just more of an internal execution issue rather than a macro concern? Maybe just provide additional color around that.",Alarmed
WD-40 Company,WDFC,NASDAQ,2024-07-11,Daniel Rizzo,"Good afternoon, and thanks for taking my questions. I may have missed this, but you mentioned the ERP rollout in the Americas and Asia. I was wondering, did it already occur in Europe or is that something that's going to be doing – you’re going to be doing over the next several quarters?",Alarmed
"Amylyx Pharmaceuticals, Inc.",AMLX,NASDAQ,2024-07-10,Michael DiFiore,"Okay. That's very helpful. And just two final questions for me. One is kind of a nitpick. Eiger's previous slides say the U.S. prevalence is 180,000. Why does that differ from your quoted prevalence of 160,000 prevalence in the U.S.? And my final question is just thoughts on the increasing use of more effective GLP-1s and how it may erode in the long-term that the number of bariatric surgeries performed annually? I mean we hear with these next-gen incretin therapies like [Cagri-Sema and GGG] kind of approaching bariatric surgeries like weight loss. Do you foresee the numbers of bariatric surgery procedures in the long-term, diminishing? And if so, how may that impact your outlook for this product?",Alarmed
Saratoga Investment Corp,SAR,NYSE,2024-07-10,Unidentified Analyst,"Thank you. Good morning everyone. Maybe first a follow-up on the fact that there were no new investment commitments in the quarter, and you mentioned that you didn't meet your standard. I was curious if you could provide a little coverage – little color to that in terms of leverage spread, covenants. And I'm curious at all it's all reflective of -- at all reflective of some weakening in the economy? Or are you seeing some potentially sectors that you are just wanting to avoid more? So I'm wondering if you could provide some on thoughts there.",Alarmed
"Kura Sushi USA, Inc.",KRUS,NASDAQ,2024-07-09,Todd Brooks,"Okay. And then, the final one for me. I know we're a little ways out, but we're starting to get over half a year of experience with the new loyalty program under our belts here. In past discussions, it's iterative. You've got to build the data set before you can really start to lever it. As you're looking towards what you can do with the tool to stimulate frequency, what you can better do maybe in specific markets with segmentation if you need to attack weakness in a market like California, and then maybe using the tool to better tie in or incent people against some of the IP partnerships, where are we in that journey that we start to look at loyalty as being a frequency driver going forward? Thanks.",Alarmed
Helen of Troy Limited,HELE,NASDAQ,2024-07-09,Susan Anderson,"Okay, got it. Yeah, that's helpful. And then maybe just in beauty, a follow-up there. You talked about softer consumer demand, I believe, in both tools and liquids now, which -- that's the first time I think I've heard you guys talk about it in liquids. So, it seemed like last quarter it was still -- the category was strong and, Noel, I think you mentioned too that, hair liquids is still a pretty strong industry. So I'm curious, I guess, how much of the softness you're seeing is industry wide versus maybe some other share losses with your brands there? And then just on Curlsmith, I guess, when do you expect those disruptions to be fixed? Thanks.",Alarmed
Byrna Technologies Inc.,BYRN,NASDAQ,2024-07-09,Jon Hickman,"Okay. And then, unless I missed it, you didn't mention the smaller launcher and when you like – are you still planning on having that out by the end of this fiscal year?",Alarmed
Indivior PLC,INDV,NASDAQ,2024-07-09,Max Herrmann,Thanks. Taking just a follow-up. I just wanted a point of clarification. Are you saying that 25% of lives in total under coverage will a loss from Medicaid? Or is it 25% of Medicaid covered lives? Just wanted a clarification on that.,Alarmed
"Constellation Brands, Inc.",STZ,NYSE,2024-07-03,Carlos Laboy,"Yes. Hello, everyone. You've been able to sustain pretty good profit margins or pretty stable profit margins here remarkably well despite the Mexican peso having appreciated very strongly in recent years, but that seems to have turned this quarter. If you were to enter a period of pace of weakness, can you speak to the sort of flexibility that this might give you or that would enter into your pricing strategy? And look, just to be transparent, the reason I'm asking is because in the 80s and 90s, we went through periods of peso weakness and you were able to successfully close price gaps with mainstream beer and the dividends of that are still coming through today. So if you could just speak to how you're thinking about this, it would be helpful.",Alarmed
"Constellation Brands, Inc.",STZ,NYSE,2024-07-03,Bryan Spillane,"Okay, thanks. And then just a follow up on some of the earlier conversations. Bill, the stock is down today because I think there's a concern about the tough comparisons in beer, maybe a little bit of election concern because of how the stock reacted when Trump was elected in 2016. So could you just give us a first -- or a perspective on how you think about the comps? I mean, the comps were the comps when you set your plan. So it's not like they're a surprise. So if you can give us a perspective on that and whether or not people should actually even be worried about the election and who wins or loses relative to FTC? It's a different…",Alarmed
"Constellation Brands, Inc.",STZ,NYSE,2024-07-03,Chris Carey,"Hey. Thank you very much. I'm going to follow up on Peter's question there around gross margins in beer specifically. Garth, can you maybe frame how the Q1 gross margin came in relative to your expectations on paper? It certainly looks like strong delivery specifically in the context of the rest of the year. And then just regarding the commentary around taking advantage of the weaker peso, does that give you more confidence on this fiscal year? And how much can you actually take advantage of for fiscal '26 at this point? Thanks.",Alarmed
"Constellation Brands, Inc.",STZ,NYSE,2024-07-03,Bonnie Herzog,"All right. Thank you. Good morning. I had a question on just marketing. Your outlook for marketing and advertising spend this year, it's below historical levels. And I guess there's some concern that you may be starving your brands. So could you touch on this and provide a little more color on the efficiencies you've gained and may continue to gain, how you're approaching investments this year? And I guess why you feel good about these investment levels? Thanks.",Alarmed
"Simulations Plus, Inc.",SLP,NASDAQ,2024-07-02,David Larsen,"Hi. Congrats on the revenue beat relative to our model this quarter. Can you maybe just clarify with the EPS guide, was that changed on an apples-to-apples basis relative to the June 12th commentary? Because I had thought that in fiscal 2Q, we were at $0.66 to $0.68, and then on June 12th, it declined by about $0.12 to $0.54 to $0.56 because of the lower interest income and the transaction costs. And now we're at, I think it's $0.46 to $0.48 GAAP, $0.54 to $0.56 adjusted. But if the $0.54 to $0.56 is adjusted and we're adding back the transaction costs, just -- was the EPS guide lowered or not? Just how are you thinking about that, please? Thank you.",Alarmed
"Radius Recycling, Inc.",RDUS,NASDAQ,2024-07-02,Martin Englert,The reported export ferrous price seemed a bit weak relative to the benchmark indices in the quarter? Can you maybe touch on in some more detail the markets you were selling into if you feel like you had to sell at maybe more competitive prices versus the benchmarks on average to secure volumes across the assets?,Alarmed
"MSC Industrial Direct Co., Inc.",MSM,NYSE,2024-07-02,Kenneth Newman,"Good morning. I just wanted to circle back to the sequentially stable ADS guide from 3Q to 4Q. Just to clarify, Erik, I mean, you did highlight some of the deterioration that we're seeing in the macro, whether it's ISM or this the MBI here earlier this week. What gives you confidence in that guide kind of being stable from 3Q to 4Q given some of those macro deterioration, is that primarily just reflecting the web price issues being fixed or is there something else there?",Alarmed
"MSC Industrial Direct Co., Inc.",MSM,NYSE,2024-07-02,Patrick Baumann,"Thanks. And then a couple, I guess, post-mortem questions for Erik, maybe just trying to understand timing of this stuff. I mean, it seemed from the outside that the core customer has been underperforming for a long time now. So maybe just help us understand why the website investment has been so stale for such a long period of time when it's, you've lagged leaders like Grainger on this front probably for many years, and then also looking back, why you didn't think you needed to address the web price issue when they did it back in 2017, when you clearly had exposure with the non-contract business within the company.",Alarmed
Polestar Automotive Holding UK PLC,PSNY,NASDAQ,2024-07-02,Tobias Beith,"All right. Understood. And proportionately, volume of Polestar 4 was twice impactful in the first quarter than it was in the fourth quarter of last year. But the gross margin before impairments seems to have remained negative. Are you able to discuss this for me and outline how it turns profitable?",Alarmed
"Winnebago Industries, Inc.",WGO,NYSE,2024-12-20,Fred Wightman,"Hey, guys. Good morning. I just wanted to contextualize the guidance. So, if we think about the first quarter, it came in below street numbers. It sounds like 2Q numbers need to come down based on Bryan's commentary, but the full-year is unchanged, right? So, did the street just have numbers wrong? Has the first-half been a little bit weaker than you guys sort of thought, but you're encouraged by some of those green shoots that Mike just mentioned? How should we sort of evaluate the setup of the year versus how you thought it would shape up at the start?",Alarmed
"Winnebago Industries, Inc.",WGO,NYSE,2024-12-20,Michael Albanese,"Got it. That's helpful. Thank you. And then just a clarifying question on Marine. Obviously, Barletta and Chris-Craft both taking share. Are unit -- I'm sorry if I missed this -- but are unit volumes positive across both brands or is one a bigger driver than the other? Obviously, Barletta is a bigger piece of the business, but…",Alarmed
BlackBerry Limited,BB,NYSE,2024-12-19,Daniel Chan,You mentioned that IoT's strength this quarter was partly driven by higher royalties. How do we reconcile the royalty strength relative to the weak macro backdrop?,Alarmed
BlackBerry Limited,BB,NYSE,2024-12-19,Daniel Chan,"Then on Cylance, you mentioned that you guys are keeping the tax losses there. How much tax losses, does it -- do you get to keep, and what's the opportunity to use those now that you're profitable?",Alarmed
FedEx Corporation,FDX,NYSE,2024-12-19,Scott Group,"Hey, thanks. Good afternoon. John, you said a couple of times that the post office headwind is bigger than the Cyber Week tailwind, but there's a lot more moving parts. And so maybe can you just clarify what you're trying to communicate around Q3 expectations? And then on the LTL spend, I just want to understand a couple of things. Why is it 18 months seems so long? And then as we do our math, is there any way to just think about if there's much, if any of the corporate unallocated costs that we should apply to LTL?",Alarmed
Scholastic Corporation,SCHL,NASDAQ,2024-12-19,Brendan McCarthy,"Great. Good afternoon, everybody. Thanks for taking my questions. I just wanted to start out at the segment margin level, specifically the Entertainment segment. Wonder if you could walk us through some of the dynamics and factors that drive margins in that new Entertainment segment and what kind of drove segment operating loss for this recent quarter?",Alarmed
FactSet Research Systems Inc.,FDS,NYSE,2024-12-19,Manav Patnaik,"Thank you. Helen, I think you made some remarks around just the pricing, packaging versus competition. I was hoping you just elaborate on that just in the context of it sounds like your gross pipelines are obviously really strong, but what exactly are you tweaking, I suppose to make the conversions better?",Alarmed
Lennar Corporation,LEN,NYSE,2024-12-19,Alan Ratner,"Hey, guys. Good morning, Thanks for all the detail. Definitely a lot going on right now, so appreciate that. Stuart, I guess I'd love to just hear your thoughts on kind of the consumer and the drivers that impacted the demand during the quarter. Obviously, rates moved in the wrong direction, and I think it certainly makes sense compared to where you guys were back in September, why things were a bit weaker than expected. But, if we look at the absolute mortgage rate in the high-6s, maybe hitting 7 in the quarter, it's not too dissimilar to what you were selling at in spring of 24' and a year ago. Yet it sounds like things were fairly meaningfully weaker from just an overall demand perspective. So, what do you attribute that to, is it seasonality? Is it the supply demand picture, given how many specs have been put on the ground, because it doesn't feel like things have changed that drastically in the economy to warrant a much softer picture at that type of rate environment?",Alarmed
Lennar Corporation,LEN,NYSE,2024-12-19,Stephen Kim,"I want to try to clean up a little bit if I can, on the gross margin. Stuart, I think you indicated that the backlog has gross margins that are kind of running closer to 20%. And I think I heard you say that you sort of thought that the number of, or the percentage of closings that you would get in 1Q that you have not yet sold or had not yet sold at the end of November was about half. So then that makes it easy. That sort of implies that your 19% gross margin in the first quarter, that implies that the stuff you're going to be selling here, over the coming weeks, you're sort of thinking is maybe an 18% gross margin. I think you also indicated though that 1Q has sort of a catch up in sales going on, because you missed your 4Q sales. So that might sort of suggest that, if you're trying to figure out what a steady state gross margin is, that 18% is probably a little lower, because you're actually sort of overselling, if you will, a little bit to make up for 4Q. Just want to make sure I'm thinking about that right, or if there's some other adjustment that we need to be thinking about.",Alarmed
Lennar Corporation,LEN,NYSE,2024-12-19,John Lovallo,"That's really helpful. And then just as a follow up, I just wanted to go back onto to an earlier question just to make sure I understand the strategy here. The 10% growth in delivery that target was out there pre Rausch. You guys have maintained that at the high end, including Rausch. So I guess, the question is, if it were not for Rausch, would you have lowered that target? Or conversely, is Rausch just giving you sort of the opportunity to not push pace quite as hard in the existing communities and still get that same volume at perhaps a higher margin?",Alarmed
Cintas Corporation,CTAS,NASDAQ,2024-12-19,Manav Patnaik,"Yes. Thank you. If I can just follow-up on that, the top line guide that you lowered by 40 basis points. It sounds like all you said all your expectations have kind of remained the same, but you still lowered it. So just curious is that -- can you just help us with why you lowered it by 40 bps? Maybe the catalog sales that were down, is that what it was? Just any color there would be helpful.",Alarmed
Cintas Corporation,CTAS,NASDAQ,2024-12-19,Shlomo Rosenbaum,"Okay. The reason I was asking is because there's a huge focus on kind of that tweaking of the guidance on the top end. The commentary about the pricing being a little bit tougher, just to dimensionalize it would be helpful to know how much we should be expecting in terms of incremental M&A. So that's where that question is coming from. But the second question, the follow-up I have, could you give a little bit more color on the growth of the targeted verticals? Specifically in the quarter, did some do better than others? Maybe just give us a little bit more detail in terms of how much of the growth is being driven by those verticals, some of them accelerating versus decelerating, just so we get a sense, as to how the efforts are progressing there?",Alarmed
"Worthington Steel, Inc.",WS,NYSE,2024-12-19,Phil Gibbs,"Geoff, the EBITDA per ton ex inventory holding gains and losses, I think was down about $26 a ton sequentially. Certainly not something we were expecting. I know you guys have been managing your profitability within a pretty tight range. What made it drop off so abruptly sequentially in particular? I know you did give some color, but what were the -- what were some of the biggest, I guess, impacts to that? And when should we expect you guys to get back to some of the levels we're more used to?",Alarmed
Enerpac Tool Group Corp.,EPAC,NYSE,2024-12-19,Tom Hayes,"Hey, Paul, I was just wondering, I think when we spoke on the fourth quarter and you called it out today, obviously, the industrial environment is a little bit weaker and continues to be weaker. I was just wondering, obviously you guys don't provide quarterly guidance, but did 1Q play out generally as you had expected. Is there anything maybe positive that you saw in the quarter besides pretty strong results?",Alarmed
Enerpac Tool Group Corp.,EPAC,NYSE,2024-12-19,Ross Sparenblek,"Apologies. Yeah, I was on mute. Forgive me, maybe I missed it, but anything on pricing within the U.S. in the quarter and kind of what you're seeing more globally?",Alarmed
Steelcase Inc.,SCS,NYSE,2024-12-19,Gregory Burns,"Okay. And then just lastly, when we look at the guide for the revenue guide for the fourth quarter and the third quarter results, we take them as a whole, like, I know there was some favorability in the third quarter in terms of timing of order shipments, so maybe that pulled forward some revenue. But when you look at the second half, is it coming in, in line with the expectations as a whole or is it still below expectations and you expect maybe heading into the year to build momentum as we head into ‘26? Like, how do we view the second half results and versus maybe what you guided to for 2026?",Alarmed
"Darden Restaurants, Inc.",DRI,NYSE,2024-12-19,David Palmer,"Thanks, good morning, guys. Wanted to ask a question on Olive Garden. I know you have a very good consumer insights team there. I wanted to ask you about what you're seeing with that brand, given the fact that the customer satisfaction levels are so high, sort of, comparable to the leaders in any segment. Olive Garden seems to be equal to that superiority in the Italian segment. I was wondering, why do you think the sales gap to the industry is not better? Is it -- and why is that not related to the advertising? I think a lot of people ask about that, the gap right now in your advertising spend to pre-COVID. I think it's down about a half. So any comments on that would be helpful.",Alarmed
"Darden Restaurants, Inc.",DRI,NYSE,2024-12-19,Danilo Gargiulo,"Great, Rick. And building on your comments, given the shift in not only political environment, but also the consumer sentiment, as you mentioned earlier. So in light of that, looking into 2025, what is the one item that you're most excited about? And what is the one item that you're watching more closely, because maybe you have some concerns about? Thank you.",Alarmed
"CarMax, Inc.",KMX,NYSE,2024-12-19,Chris Bottiglieri,"Yes, just wanted to and just go through the allowance a little bit more detail. Hopefully just give us a sense like, you know, what your -- I think in the past you've given like the expected loss on new originations and get a sense like what kind of led the cut to the allowance. Is it more just the remaining vote or are you cutting the provision on new originations as well?",Alarmed
"Lamb Weston Holdings, Inc.",LW,NYSE,2024-12-19,Tom Palmer,"Good morning. Thanks for the question. I just wanted to clarify on the customer losses that were not expected. To what extent was pricing the determinant of these losses? I know there was mention of in Asia some ERP challenges. So, I'm just trying to understand like if customer service was part of the consideration here with some of the lack of wins that were expected?",Alarmed
"Lamb Weston Holdings, Inc.",LW,NYSE,2024-12-19,Robert Moskow,Okay. And a quick follow-up. You lost another chain customer in North America. Is there any concerns about reputation risk from the missteps in calendar 2024? What are your customers saying about their willingness to trust Lamb Weston as a supplier?,Alarmed
"Micron Technology, Inc.",MU,NASDAQ,2024-12-18,Harlan Sur,"Hello. Thanks guys for hosting this call back. So I've got two questions. On the 100 basis point decline in gross margin in Q2, as you guys mentioned, it's almost all NAND related mixed, pricing, lower shipments. But qualitatively, like, what are you guys anticipating for DRAM pricing, where you talked about positive mix impacts, HVM, server DRAM, partially offset by weak commodity pricing. So I guess my question is, blended DRAM pricing up sequentially in Q2?",Alarmed
The Toro Company,TTC,NYSE,2024-12-18,David MacGregor,"Right. So I have a follow-up question, but I just want to clarify here. So you're saying that pull forward was not an issue here in terms of the strength in 4Q versus the weakness in 1Q?",Alarmed
HEICO Corporation,HEI,NYSE,2024-12-18,Louis Raffetto,"And then maybe, Carlos, for you. It looks like there was another small impairment and a contingency adjustment in the quarter. Just didn't know -- it looks like that actually may have negatively weighed. I don't know if that was in either or both segments or ran through corporate. Just any color there?",Alarmed
Organigram Global Inc.,OGI,NASDAQ,2024-12-18,Pablo Zuanic,"Thank you. That's very clear. Look, just shifting gear with the conservatives, I think up 20 points in the polls. What do we know about Poilievre's stance on cannabis? We are getting news on potential excise tax changes, but should we be concerned about big reversals coming in cannabis policy, the Conservatives take control of the government next year?",Alarmed
Jabil Inc.,JBL,NYSE,2024-12-18,George Wang,"Okay, great. And just a quick follow-up on the SiPho transceiver business. Obviously, you guys are gaining share heading to 800G, 1.60 potentially. And just concerning kind of the next generation design, potentially beyond the transceiver, you guys alluded to some share gains in the medium term just because of silicon photonics on the eventually go to CPO, maybe intermediate term, you have LPO/LRO. Can you talk about some of the upside for Jabil like the silicon photonics design kind of lead to further share gains just as we sort of we had looked beyond the pluggables?",Alarmed
Jabil Inc.,JBL,NYSE,2024-12-18,Melissa Fairbanks,"Hey, guys. Thanks so much. I'm not sure if Steve Borges is in the room. If not, I'll just put this out to the team. I wanted to see if we could go into a little more color on what you're seeing in auto and transport over the past earnings cycle, most recent earnings cycle. We've heard of some improvement in the China EV market from across the supply chain. It's also my understanding, you have some new programs coming in transport, like with buses. I'm just wondering about some of the moving parts there and what's incrementally weaker?",Alarmed
"General Mills, Inc.",GIS,NYSE,2024-12-18,Peter Galbo,"Hey, guys, good morning. Happy holidays. Thanks for the question. Dana, maybe just to pick-up on the back of Andrew's question there, I think I heard you say that the incremental investment in the back-half is targeted. I do think there's some concern this morning just that it's more broad-based. So, just wanted to clarify on that. And just the Part B of that question is really, how do you think about, is this enough? Obviously, you came into the year, you had certain plans, you're now accelerating that. How do you get confidence around the fact that the investments you're making now are going to be enough such that in three, six, nine months, we're not necessarily revisiting this again? Thanks very much.",Alarmed
"General Mills, Inc.",GIS,NYSE,2024-12-18,Tom Palmer,"Good morning. Thanks for the question. In past quarters, you've highlighted that your categories are growing 1% to 2%. And I think share losses was really the focus that needed to be mitigated. You gave some helpful commentary on the share loss side, but I wondered what you're seeing for aggregate category growth. Is that holding in to the extent that you anticipated? Are there things you can do, especially in categories where you're -- have quite large share to kind of simulate the category as a whole?",Alarmed
"Compass Minerals International, Inc.",CMP,NYSE,2024-12-17,Joel Jackson,"Hi, good morning. So, did you say one question or one plus one? Sorry I missed the instructions.",Alarmed
"Compass Minerals International, Inc.",CMP,NYSE,2024-12-17,Jeffery Cathey,"Yes, we use what we call sales to commitment calculation, and that number is sort of a moving average based on sort of past performance. And because we've really had two kind of weak -- one particularly weak winter, that number is much lower. So, when we look at what that means, that's really the answer that pops out when you look at it because it's basically using a different divisor in our calculation. So, that's really what it is. I will just say that we are very focused. The bidding season, of course, was competitive, but we're all about value over volume, and we think we've got great assets and we're not going to be chasing tons at any price, okay?",Alarmed
"Compass Minerals International, Inc.",CMP,NYSE,2024-12-17,Jeffery Cathey,"Yes, so I would say how the cash taxes play out will ultimately depend on kind of the mix. What I would say from the 2025 perspective is, you're right. Based on our base case guidance, we do anticipate delivering free cash flow this coming year. And then maybe I'll touch a little bit on the effective tax rate because it does look a little bit nonsensical, and I think you hit on it a little bit there. But to remind everyone, we have book losses on the U.S. side that are being offset by growing income in our foreign jurisdictions. And so, as that spread narrows and the aggregate book loss becomes closer and closer to zero, any increase in income tax from those foreign jurisdictions throws off a pretty nonsensical answer in the effective tax rate.",Alarmed
"Compass Minerals International, Inc.",CMP,NYSE,2024-12-17,Joel Jackson,"Okay, so when I said nine and a half for the full business, you're guiding toward about 10, correct? That sounds about right? 10 for the whole hybrid icing business. Okay. Which makes sense and makes my next follow up question not necessary. But the other, the other question I wanted to ask, it's kind of a nuanced question, but I was actually looking at this, this morning. I was looking at what Compass used to sell for highway de-icing volumes two decades ago, a decade ago. I was looking at what they, what you've sold in the last bunch of years. And what I've noticed is that there's a very clear downward trend in average December quarter volumes. So, March quarter volumes look similar as 20 years ago. Is there something going on in the salt industry the last 10 years where December quarter sales just are lower? Is that we've had lower average winter weather, so you have a lower pre-buying or pre-buying season, or like is there something going on with December quarters are weaker than historical versus March quarters? Do you get what I'm getting at?",Alarmed
Cheetah Mobile Inc.,CMCM,NYSE,2024-12-17,Unidentified Analyst,"Since the beginning of this year, the company has been continuously reducing losses every quarter. May I ask what the subsequent pace and specific plan for reducing losses are? Is there a clear timetable for achieving profitability?",Alarmed
Cheetah Mobile Inc.,CMCM,NYSE,2024-12-17,Unidentified Company Representative,"Reducing losses is definitely our top priority. So today, all enterprises are shouting about cost reduction and efficiency improvement. For us, we have surely achieved a certain scale of loss reduction this year. But I want to say that for this loss reduction, because we participated in some research and development and training of large language models, our pace has slowed down a little bit. But after we review the MV this round, we will put more of our efforts into the development of agents and the implementation related to the intelligence of robots. Such R&D costs will be reduced significantly compared to the large language models in the past 10 years. We definitely have a certain loss reduction plan internally and a timetable for profitability. Well, I think due to the significant changes in the market and technology, we may not be able to disclose this very clearly externally because now I think that this wave, just like the friend's question earlier about some progress in training because we have seen some business opportunities and we also see that due to the support of large language model for service robots whether it's their underlying planning ability, task decision-making ability, including their interaction ability, including their interaction ability, and it will expand their satisfaction in various markets and expand the market in various markets. So we also need to maintain a certain flexibility. If such an opportunity arises, we may have to make some more investments in R&D, of course. Overall, we will definitely aim to make the company profitable and create value for shareholders. This major goal is beyond doubt.",Alarmed
Quipt Home Medical Corp.,QIPT,NASDAQ,2024-12-17,Doug Cooper,"Okay. Just in terms of a broader question, you guys returned a bit of growth sequentially, but still looks like underperforming the market, certainly underperforming some of your peer groups. So, what do you need to do to get back to that historical? You just noted 8% to 10% growth. What needs to happen in the business to make that happen? Because obviously, you underperformed in 2024.",Alarmed
"RCI Hospitality Holdings, Inc.",RICK,NASDAQ,2024-12-16,Mark Moran,"Fantastic. Thanks so much for that. Before I bring up [indiscernible], Eric, we have a question submitted to me from one of our larger shareholders. And he is asking about the impairments and what those specifically are, if you could speak to that.",Alarmed
"RCI Hospitality Holdings, Inc.",RICK,NASDAQ,2024-12-16,Bradley Chhay,"The impairments are basically accelerated write-offs of various sets of assets, either intangible assets such as SOB license, goodwill, or FF&E. They stem from basically doing an analysis of the future discounted cash flows against the book value of the assets. So, in this current quarter, we had $12.5 million, and for fiscal year we had $38.5 million.",Alarmed
"RCI Hospitality Holdings, Inc.",RICK,NASDAQ,2024-12-16,Eric Langan,"Yeah, Mark, I'd like to come. From my understanding, and Bradely correct me, a lot of this is because of interest rates increasing, and so the discounted free cash flow rates are increasing, thus driving down the value of that free cash flow and resulting in these impairments. So they're all non-cash. And the reality of it is they don't really affect the operations at all, or the free cash flow at all.",Alarmed
"RCI Hospitality Holdings, Inc.",RICK,NASDAQ,2024-12-16,Unidentified Analyst,Good. Perfect. I'm sorry I missed the first part of this call. I was on another call. Has -- I've got a few questions. Have you guys talked about the non income producing real estate that you're planning on selling and sort of what you think the value is in terms of cash on the balance sheet and how much the EBITDA is being dragged down from the property taxes and the operating expenses? Did you guys go into that at all and the assets you're planning on selling and monetizing sort of the framework for how much it's value that's not on the balance sheet and how much EBITDA you could save by monetizing those pieces of real estate?,Alarmed
"RCI Hospitality Holdings, Inc.",RICK,NASDAQ,2024-12-16,Unidentified Analyst,"Got it. Did you talk about, I don't know if I missed this, but did you guys talk about sort of where you expect Bombshells margins to get in, in 2025, now that you've closed down the three bad ones and you're opening up the good ones, sort of has your expectations around margin generation for Bombshells changed in ‘25 and beyond? I know you're not building anymore, but like, do you do you sort of have a sense of where you think Bombshells margins are going to are going to settle out now that you've gotten rid of the three bad ones and got the three new ones open?",Alarmed
"RCI Hospitality Holdings, Inc.",RICK,NASDAQ,2024-12-16,Eric Langan,"Of course. I mean, as we open these locations, yeah, I mean, all the construction's very near completion. So yes, most of the carrying costs for all of these locations that are getting ready to open, I say the majority, there might be, I have to go look at the, at what's left to draw on the bank loans. But there might be $3 million left on the bank loans for the two Bombshells to draw out so that go up a little bit more. But yes, all the real estate's already owned, all the property tax are being paid annually, the insurances, all those types of things. So all that revenue is going to help and EBITDA drops in, it's definitely going to help drop that from 3.28 to below 3 times. So I'm not concerned with the debt. I didn’t want to -- that's not what I'm trying to say. I'm saying is, I still like to be within our norms because if a major acquisition comes up and I want to push it to hire, I want to have that room to do so. If I'm already at a high, then I'm going to have to go, okay, well, maybe we can't make this acquisition because I don't want to push us to very close to 4 times. But if I go to 3.2, 3.3, 3.5, because I'm making a major acquisition, as we did in March of ‘23 with the acquisition, I'm not really concerned.",Alarmed
"Red Cat Holdings, Inc.",RCAT,NASDAQ,2024-12-16,Leah Lunger,"Yeah, and I just want to say, you know, if we missed your question, I do apologize since we're kind of trying to sift through everything here. We will continue to improve in this new format that we're digging into here. So, I think that will end our question-and-answer session. And Jeff, if you just want to have any final closing remarks, that would be great.",Alarmed
Quanex Building Products Corporation,NX,NYSE,2024-12-13,Adam Thalhimer,"Okay. And, George, you talked about sluggish demand over the holiday season and in the winter, I'm curious, what -- is that a continuation of the trends you've seen in fiscal year '24 or are you contemplating incremental weakness?",Alarmed
Broadcom Inc.,AVGO,NASDAQ,2024-12-12,Stacy Rasgon,"Hi, guys. Thanks for taking my question. I have a more tactical question. So you have software pushouts into Q1, which is elevating it. Should we think about that -- those pushouts are rolling off as we get into Q2 and the back half of the year? And like what are the implications on the shape of software for the year as well as gross margins? Because I guess maybe in the back half, you'll have like software a little weaker versus Q2 as well as the XPU stronger. So should we be thinking about the gross margin trajectory of the current elevated base kind of like easing as we get in the back half. So just anything you can tell us around the shape of the software around the pushouts and implications for revenues and gross margins.",Alarmed
Broadcom Inc.,AVGO,NASDAQ,2024-12-12,Ross Seymore,"Hi, thanks for letting me ask a question. I want to talk about the cash return side of things, a great job on the dividend increase. The other 50%, is fiscal '25 a year where you're going to still be paying down debt? Share repurchases in the mix? Or Hock, you mentioned that VMware, the integration is largely now behind you? Usually that puts you on the prowl looking for deals. Is that something we should, in general, think about or the regulatory issues that are still a concern? Just trying to figure out what that other 50% is going to go towards this year.",Alarmed
"SentinelOne, Inc.",S,NYSE,2024-12-12,Saket Kalia,"So super helpful framework there, Tom, right? And I just want to make sure -- I'm sorry, it's probably a dumb question, but why -- we asked this question of Barbara on the last call as well. Why is it -- why would a Lenovo shipment just be a benefit to revenue and not just ARR? Because if there's -- is there something around the deployment or anything? Maybe touch on that a little bit.",Alarmed
"Qorvo, Inc.",QRVO,NASDAQ,2024-12-12,Tom O'Malley,"Super helpful. And then on the asset sale, I think that you went out of your way on the earnings call to identify that as an area that you would potentially be open to a sale. What occurred and why did you feel that asset had a better home elsewhere?",Alarmed
Intel Corporation,INTC,NASDAQ,2024-12-12,Thomas O'Malley,"I think that's a very refreshing attitude. So next question is on the data center side for AI. So I think that one thing, I think there was a lot of debate about the last several years at Intel, but one area where I think that people pick up the most is the data center product, and particularly the Gaudi product line, and then the GPU as well. Can you just talk about, do you need a full reset here, or do you need to pivot in a different direction? Because when you see different iterations of product all have struggle, you feel as though like maybe we need to start from scratch. Is that the direction you're going to go in AI or are we going to keep kind of going down this path?",Alarmed
Ciena Corporation,CIEN,NYSE,2024-12-12,David Vogt,"Two, if I may. Maybe, Gary, I missed it earlier, but I wanted to ask about the longer-term opportunities specifically short reach coherent, which you talked about, whether it's in campus or inside the data center. Can you kind of help us better understand sort of the timing and the magnitude of this opportunity? And if I would assume some of that revenue opportunity is embedded in the rolling three-year guide, and I'll give you my second comment as well or question. I heard Jim mention operating leverage in the out years. And to go back to George's question, should we expect gross margin expansion higher in fiscal '26 and fiscal '27 as well to support the 15% to 60% operating margin in the out year that you laid out earlier?",Alarmed
Ciena Corporation,CIEN,NYSE,2024-12-12,Samik Chatterjee,"And for my follow-up, if I can just ask you on Slide 10, I was looking at some of the TAM addressable market assumptions that you have. And I was curious on two things. One, I mean, as much as you're seeing accidented bandwidth growth and you have a lot more revenue coming from the market expansion opportunities that you're pursuing. Why isn't sort of the estimate for core business addressable market going higher, it is indicated to be 2% as it was before? Why aren't we seeing more of an uplift in the coal business addressable market? And then it seems like your addressable market expansion CAGRs came down by about a few percentage points because of a reduction of about $2 billion. So maybe if you can just parse out the impact there as well.",Alarmed
"Lee Enterprises, Incorporated",LEE,NASDAQ,2024-12-12,Daniel Harriman,"Thank you. Hey, guys, good morning. Thanks for taking my questions. Just kind of broadly here and I realize you're still in the early innings of these partnerships with AI, but how should we look at future investment? As in, are you going to be able to save significant investment by partnering up with leading AI technology companies? And then kind of along the same lines, again, realizing it's very early and these announcements have just come out, but should we expect any impact on these announcements in terms of your fiscal 2028 digital goals? Or for the time being, should we really assume the same that you've been saying recently? And then just finally, I know you've reached your digital subscriber count goal for the year, but I didn't see the exact number as of the fourth quarter. And if I missed it, I'm sorry, but if you could just let us know that, that would be helpful. Thanks a lot.",Alarmed
"AstroNova, Inc.",ALOT,NASDAQ,2024-12-12,Brandon Daniel,Sorry if I missed this in my earlier comments. Just to have some clarity here. On that inkjet order that's been delayed. Is that related to the legacy business or the MTEX's business?,Alarmed
"AstroNova, Inc.",ALOT,NASDAQ,2024-12-12,Brandon Daniel,"So I'll talk a little bit louder. On that inkjet order, is that related to the legacy PI business or MTEX? I’m sorry if I missed it earlier.",Alarmed
"Oxford Industries, Inc.",OXM,NYSE,2024-12-12,Paul Lejuez,"Got it. And then I guess just to follow up, on the higher percentage of sales happening during promotional periods, is it that business performed better than you thought during those promotional events? Or is it just a higher mix of sales because sales were weaker during the non-promotional periods?",Alarmed
"J.Jill, Inc.",JILL,NYSE,2024-12-11,Ryan Meyers,"Hi, guys. Thanks for taking my question. Just one for me. Wondering if you can talk a little bit about a potential tariff impact as that obviously seems to be the top of the list of concerns for people. Just maybe highlight the supply chain, any sort of impact or anything you should be aware of there?",Alarmed
Booking Holdings Inc.,BKNG,NASDAQ,2024-12-11,Brian Nowak,"When you and the management team sort of look at your dashboard of KPIs that you're evaluating the success or struggles, what do you look at? Do you look at we acquire a customer, get the transaction and revenue per transaction, revenue per customer, sort of what are the key KPIs that you look at internally to sort of gauge how all the initiatives are going?",Alarmed
Oil-Dri Corporation of America,ODC,NYSE,2024-12-11,A - Leslie Garber,"Thank you for listening to our presentation. I will now open up the floor to questions. Please submit your questions using the Ask a Question field on the webcast. Questions or remarks must be relevant to the meeting and pertinent to the matters brought before the meeting. Before we begin, I would also like to introduce two others on the call today who will be participating in the Q&A session. First, we have Wade Robey, Vice President of Agriculture for Oil-Dri Corporation of America and President of Amlan International; and we also have Laura Scheland, Vice President and General Manager of the Consumer Products Division. I will now read the first question. We actually have two very similar questions, so I'm going to combine them. One from Ethan Starr and the other from Robert Smith. This is in regards to Amlan. It seems like you're hitting lots of singles and I'm wondering if you're making any progress in trials at large potential customers that could result in a home run down the road? Also, do you expect continued sales growth in Latin America and North America? And then the related question is with successful trials, why is it taking so long to see more robust growth from Amlan? Wade, do you want to take that?",Alarmed
"Autodesk, Inc.",ADSK,NASDAQ,2024-12-11,Amy Bunszel,"So, the -- excuse me, the health of the underlying business is still very good. I think one of the -- couple of important things that are driving that is, infrastructure projects are still very well-supported and a lot of architects have to work on those projects as well. And when we think about the mix of projects changing, there may not be new office towers going up in some cities like San Francisco, but there's certainly lots of work still happening around renovation and retrofit to make the existing real-estate more palatable to future concerns, and then also, hospitals, stadiums, lots of other projects. So, our customers are really resilient in their ability to kind of move around. Where they are struggling the most is to get enough people to really work on some of the backlog that they do have, and so...",Alarmed
"Autodesk, Inc.",ADSK,NASDAQ,2024-12-11,Simon Mays-Smith,"I mean, if it's a macro question, no change from what it's been for some time, which is they've got good backlogs, they've got a bunch of work stuff they're working on, labor shortages still sort of pockets of weakness, there's not a lot of downtown office blocks being built. So, it's kind of -- it's not at one, and it's not at 10 in terms of sentiment, it's somewhere in between, and it's been pretty consistent for many quarters.",Alarmed
Seagate Technology Holdings plc,STX,NASDAQ,2024-12-11,Thomas O'Malley,"Super helpful. All right. Pivoting to Via. You talked on the last call about some China stimulus potentially helping that area of the business. Could you remind me, have you disclosed how big China is as a portion of that business? And then in your expectations, you kind of mentioned some better seasonality, which helps gross margin given that business into March. What are your expectations? Does that still -- is that -- is it still able to grow kind of in the future, obviously, you have a legacy business declining. You have a nearline that's growing quite nicely. But within that, where is -- we kind of moving?",Alarmed
Lam Research Corporation,LRCX,NASDAQ,2024-12-11,Doug Bettinger,"Yes. Listen, we've got a great government affairs team that is pretty well plugged into everything that's going on in D.C. And I would tell you the regulations that came up were largely what we expected. And so yes, I was at an investor conference last week getting ready to talk to people and that had just hit the tape. And I knew we were going to - I needed a little bit of air cover, so we issued a press release saying, hi, no change to any of the guidance, no change with our view of what we've previously said. So that I guess is about as much as I can say. There were a couple three specifically or maybe four customers that were put on the end user restricted list. So that we're customers. We won't be able to continue to service them as customers. And from a technology standpoint, there were some slight tweaks, but nothing of any real substance.",Alarmed
AppLovin Corporation,APP,NASDAQ,2024-12-11,Matthew Cost,"Great. I want to touch on Connected TV for a minute, and I'm curious about a couple of things on this topic. Firstly, why is Connected TV important to AppLovin? What does it allow you to do that you couldn't do before? And maybe most importantly, what capabilities can you bring to that ecosystem that you think advertisers are really looking for?",Alarmed
Arista Networks Inc,ANET,NYSE,2024-12-10,Simon Leopold,"[indiscernible] that. But I think you talked about being very selective maybe surgical in partners. And I want to unpack this a little bit because I think the conventional wisdom is for other IT exposed companies that I follow, they pour a lot of money into sales and marketing, into the go-to-market and its channel partners and VARs are big expenses and viewed as really the route-to-market. Why is that not the case for you? What are you doing differently? How do you think about that?",Alarmed
ON Semiconductor Corporation,ON,NASDAQ,2024-12-10,Joe Moore,"Yeah. Yeah. Okay. That's great to hear. So you mentioned the demand environment, I guess, it was around this conference last year that you guys started signaling weakness in autos, you were early to see that. I think the same was true in Industrial a year before that. You were the first ones to see that. So where are we now in that process of reducing customer inventories in automotive and obviously, there's good underlying organic growth in those markets, when do you sort of see us returning to that from a semiconductor perspective?",Alarmed
ON Semiconductor Corporation,ON,NASDAQ,2024-12-10,Joe Moore,And to what extent do you think that European weakness is a function of the success of your customers in China? Because it does seem like that's at least an element is that European luxury cars exported to China seems to be disappointing. And I know you have a good presence with the customers that are...,Alarmed
ON Semiconductor Corporation,ON,NASDAQ,2024-12-10,Joe Moore,"Other questions from the audience? We have a minute half left. Maybe we could close with just any of this weakness drive any change in the pricing environment? And I know you have good LTSA coverage, maybe unique from your competitors? Just how do you see the role of pricing going forward?",Alarmed
