company,ticker,exchange,date,analyst_name,question,suggested_label,label
JPMorgan Chase & Co.,JPM,NYSE,2024-12-10,Marianne Lake,"Yeah. So, the sort of honest answer on tightening as we always are, we're always adjusting everything at the margin in response to what we see in very specific pockets. And so, we talked, I think, over the course of the last several years that there was some tightening. Across asset classes, there was a little bit of negative selection. Principally, you've seen it in auto, in subprime auto most notably, a little bit also in credit card. I would say we expected some or most of that, but the whole industry and we were no exception, were tightening at the margin throughout 2022 and 2023 in response to where we saw pockets of underperformance or deterioration in both card and in auto. Still kind of marginal, obviously. So, card is the elephant in the room as it relates to loss drivers and it's coming in line exactly with our expectations in 2024. And to the degree that we would look forward and expect there to be any changes, it's going to be driven by macro factors. So, unemployment or balances more so than we're seeing any kind of performance issues in the portfolio. There was a lot of noise, noise isn't really the right word. There was a lot of discussion around auto, I think, in the sort of September conference circuit. The reality in auto is that there were a couple of inches that were that performed less well. Mostly, we expected that, and so it was priced in and in our expectations. A little bit, it was worse than our expectations, but we saw it really fast and pull back really hard. And it's a very small percentage of what we do, so it's made no substantial difference to our outlook. I think to the degree that others were more concentrated and or adjusted less quickly, it had a bigger impact. We don't see that as being a read across to any kind of more broad deterioration. Home lending is clean. And so, I would say the only place where we're seeing pockets of underperformance right now that's a little newer is in the small business card and small dollar lending portfolio for us. But I would characterize it a little bit more of an expansion in our risk appetite than deterioration. So, we're watching that closely, and we are tightening there. It's not something that I'm concerned about at this point. But if I was to say that there's anything that we've seen a little bit more recently, it would be there.",Alarmed,
Spotify Technology S.A.,SPOT,NYSE,2024-11-12,Daniel Ek,"I think it's early days, but I do believe we turn a corner and are back to growth again on the MAU side. And I'm happy about that because I wasn't happy about us missing the prior forecast. So it feels like we've got a good grip of it now. Now, as it relates to what do we do to make that happen, the reality is it's a bunch of different things, but the chief among them is really product improvements. So, lots of small tweaks that have been driving good results. Things in the past that's probably weren't smart, we've reversed. We've added new things as well. All that's created the backdrop of stronger engagement, which then translates to more MAU. Then as you mentioned, on the marketing side, we have improved there too. So we have spent a little bit more on marketing. Now it's important to add why didn't we do that prior. Well, we didn't do that because we weren't seeing efficiency. So as we're seeing more efficiency, i.e., the SAC to LTV ratio that Christian spoke about, then we are happy to spend. Why wouldn't we be? So the team has been working on a bunch of those things. And if we see great opportunities with great SAC to LTV ratios, we will pursue them. If nothing else, the core will be about improving engagement on the product, improving efficiency on marketing.",Alarmed,
GEE Group Inc.,JOB,NYSE,2024-12-20,A - Derek Dewan,"So the first question that we have is, at what price would you start buying back stock? We are approaching net cash value on the company. So the answer to that is we constantly evaluate alternative uses of our capital. And the question is very relevant at these levels of our trading. The comment was you could be buying cash back at a discount. And it's kind of interesting, we're trading about at our cash level right now on a market cap basis. The Board of Directors and senior management have had discussions regarding capital allocation. And my response to that is: stay tuned. I think that we will move forward as appropriate and do our capital allocation. We have enough cash and liquidity to do a lot. We do want to protect our balance sheet as well as we get out of these rough times. And we anticipate a more favorable economic environment for our business going forward. Political climate is better for us in terms of labor laws and rules. And we look forward to restoring profitability. So the buyback is definitely something we consider, and stay tuned regarding it and our M&A activity, and hopefully, restoration of profitability in the near term. Another question is, The company has grown in size over the years since 2015? Quite frankly, in 2015 when we took over the company, the company was ready to be delisted, had heavy debt, was losing money. We turned the corner, had several great years of profitability, made strategic acquisitions, built the company up, and performed quite well over a period of years. We ran into a rough spot during COVID. But we were able to last through COVID and come out of that pretty good. I think we're kind of in the same situation now and are looking for the same type of recovery post-deal. The question two is: What happened to results industry versus your results? We were geared -- we had about 18% -- 13% to 18% perm, in that range. And we had a perm year in 2022 that was a record. Permanent placements is the first part of our staffing business that would get hit when there's a hiring freeze or a downturn or perceived economic weakness in our economy. Also project work would be put on hold for fear of the unknown. And there's been a lot of pauses and continuing IT projects, engaging in new ones and so forth. We're starting to see that change and we're very optimistic over a period of months that we will get back to where we were before. Why is the company less profitable? As I said, during COVID versus now? The difference is, during COVID, that was a force that was layered upon a good economy. And business continued mostly remote as we had almost 100% remote workers at that time. And in particular, the IT business was very robust with projects that had started and continued because that could be done remotely, and the perm business was pretty solid. Despite that, they were perming -- firm hires and putting them remote. So it was an interesting dynamic. And we flew out of the 2020 malaise of COVID into 2021 and 2022 with very good years, and the first part of 2023 was outstanding relative. But we started to see that weakness, as we said earlier, in the middle, latter part of 2023, that's continued into 2024. Optimism for 2025 is out there. Industry leaders feel that way. And we share that sentiment. It will be a gradual process, but we're very excited about moving forward. But we will also adjust our income statement based on the current revenue to restore profitability and, of course, look for new business, new business from existing customers, new clients, and, of course, make strategic acquisitions, and then reexamine our capital allocation strategy. Another question, Kim, this one is for you. What is the quarterly annual revenue level to achieve breakeven results? What is the annual revenue level needed to generate $5 million to $10 million in EBITDA as you were not too long ago? That's an outstanding question and something we look at regularly. Kim, go ahead and take this.",Alarmed,
Ark Restaurants Corp.,ARKR,NASDAQ,2024-12-17,Jeffrey Kaminski,"Right. Okay. All right. Fair enough. And then second question, with respect to -- Mike, you had mentioned twice in this call, the stock price going back to when you negotiated the Tampa deal. And with respect to these write-offs, these impairment charges, again, tied into the stock price. Labor costs are what they are, they may have stabilized, but I don't see them. You may really disagree on and going down considerably. Insurance costs may stabilize maybe they won’t, but again I don’t see them coming down. So some of these headwinds exist in the future regardless. Food prices will be volatile, cost of crab, again, volatile. A question I have asked recurring here on these calls, as a shareholder, the share price -- it's hard to benchmark Ark Restaurants against other stocks, but there is a risk on ETF, there are restaurant and leisure indexes, if you will. By any benchmark, Ark stock has dramatically underperformed in years. So you talked about trying to acquire other properties. Right now, that doesn't seem to be happening. There was -- introduced to us probably six months ago, a new concept, the Asian concept that you're working on three months ago. You gave us a progress report. I asked then, if it's successful, what do you expect in terms of revenues and how you've been scaling up? Just looking for some tidbits here as to -- as a shareholder, what's going to drive the stock higher? What are we waiting for? I mean, are you waiting for another acquisition? Or we waiting for the Asian concept to keep up? Or do we think we're going to wake up one day and all of a sudden, labor costs are going to be down and insurance is going to be down? Just give us a little color and guidance as to what we can expect as shareholders?",Alarmed,
"Sunstone Hotel Investors, Inc.",SHO,NYSE,2024-11-12,Bryan Giglia,"Morning, Duane. Okay, so when we did the update in October, that was confined purely to the labor impact in San Diego. We didn’t provide anything else on the portfolio at that time because we were still within closing up the quarter and not seeing where everything was at that point. So that was that update. And Maui did underperform in Q3 and it continued into Q4 – and continues into Q4. And though it’s overall just a general leisure pickup has been slower in this market than some of the other markets. And when you look across the portfolio, our group is firing on all cylinders. Our business transient is doing very well. Leisure is kind of hit and miss where wine country, we’re seeing very promising results. And in other markets like Maui, Key West occupancy is there, but it’s a rate sensitive, it’s become a little bit more rate sensitive of market and Maui has struggled over the last couple of quarters. There is no relief business in there and we fully lapped that over last year. And so that’s not impacting anything now. The positive that we’ve seen in Maui, a couple things. One is that group picks up and group picks up very strong next year. We have some decent group in the fourth quarter, but 2025 and we’ve talked about this before, there’s a large group that’s on-island for two years and then off-island and this was an off-island year. So our group pace is very strong next year. The state of Hawaii has been putting money into some promotional campaigns for to promote Maui post-fire. We’re looking for to continue to do that. We’re getting great help from the brands and other distribution channels to help bring business back in there. The biggest positive we’ve seen recently is we’ve seen airline flights and seats declined steadily over or been down for over a year now. For the month of December where we’d actually seen that switch and so seats and flights are up about 5% and that mainly coming from the west coast. But that’s the biggest feeder market for Maui. And so that’s a big positive where we’ve seen, we actually see more lift going into the island. And I think where that’s – for the month of December, where that’s translated to is we’ve seen festive, very strong, festive is up, room nights significantly, rate is down. But it does allow the hotel to fill and allow the hotel to fill and do a few things, one, it gives it upsell opportunities. It has ancillary spending that’s very high at that hotel. And so total revenue is up for festive, room nights are up. And layering on top of that, our very strong pace for next year, gives us a lot more optimism as we look at Maui going forward.",Alarmed,
Assured Guaranty Ltd.,AGO,NYSE,2024-11-12,Giuliano Bologna,"That's helpful. And maybe one last one. But looking at the TMS exposure, as most of the exposures are very low coupons and very long dated. I think obviously, you're only ensuring the time in pain principal interest. So the MTV factor there has a huge benefit that's on your side. I'm curious if there -- because of that duration in both coupon dynamic, if there could be anything similar to the old Cofina exposures or things like that or you might have the ability at some point to consider loss situation. But I realize that you probably have to see a lot more weakness flow through before that would even become something to consider?",Alarmed,
Wave Life Sciences Ltd.,WVE,NASDAQ,2024-11-12,Q - Joon Lee,"Congrats on the progress and thanks for taking our questions. Looking down the road for INHBE, how do you envision registration trial to differentiate INHBE from GLP-1s from a labeling perspective? Specifically, at obesity, we clearly shared post op analysis of SURMOUNT-1, which showed about 11% mean body mass loss. How concerning is that from an ADL standpoint? And is that something the FDA may be noticing as a potential safety concern? Thank you.",Alarmed,
UP Fintech Holding Limited,TIGR,NASDAQ,2024-11-12,Emma Xu,"[Foreign Language] So, congratulations on achieving the guidance ahead of schedule. The market conditions have been favorable since October, so could you please share the run rate for asset, for AUM, trading volume, revenue and profit, et cetera, since October? And on a quarter-over-quarter basis, the growth rate of your revenue exceeds that of profit without regard to the impairment losses of around US$13.2 million in the second quarter. So, how do you view the improvement in the operating efficiency and leverage?",Alarmed,
Truist Financial Corporation,TFC,NYSE,2024-11-09,Terence McEvoy,"Maybe one more, just a question on credit, losses in consumer have stabilized and even come down in certain portfolios. So, how is the health of your consumer portfolio, and any specific areas of concern?",Alarmed,
Sezzle Inc.,SEZL,NASDAQ,2024-11-09,Charlie Youakim,"I think it’s less about like a weakness sign. That’s why we have on Slide 15 at the bottom, controlled expansion, optimized top line growth with no deterioration in Sezzle’s core customers. We wanted to provide that kind of proxy for delinquencies because we’re not seeing any deterioration. And if you saw customers spending too much, like needing the product, you’d see a deterioration. I think the reason we’re seeing increased utilization from our existing customers or customers in our business is because we’re providing better products than our competitors. I think we’re providing products that are stickier. The customers like it. They like our product. They like using it. And so instead of using a competitive product out there, they’re preferring to come back to ours. I think that’s really the key. Because I think, Nico, I think you’d see deterioration if they were weakened financially and just coming to us because they needed it is, I guess, the point.",Alarmed,
"Tempus AI, Inc.",TEM,NASDAQ,2024-11-09,Eric Lefkofsky,"I mean, so we told when we went public, which was just five months ago, we told folks that we were on a disciplined path to get to EBITDA positive that we wouldn’t – that we were looking to basically take the gross profit dollar growth we were generating and produced some leverage so that our losses were declining instead of what some other folks in our space have done, which is either kind of just maintain high loss levels or actually go the other way and invest more. We felt that was prudent given that we’re going to turn 10 next year, and we just thought given our size and scale being sustainable and not burning money was an important milestone. We haven’t yet determined how we want to harvest profits. So I think what I can safely say is, especially with this acquisition, we’ve crossed that hurdle. We’ve kind of checked that box. We’re now on an annualized basis, an EBITDA positive, cash flow positive sustainable business, but we need to think a little bit about how we want to harvest the EBITDA we’re going to generate relative to invest in the future, and I wouldn’t – I don’t – I think we’re more focused in the next several years on making sure we can sustain our growth rate, not trying to generate an extra $50 million of EBITDA in a given year. So I think you’ll, I think, see us make those trade-offs but we’re still disciplined and we want to run a good business. And so I think hopefully we’ll find the right balance.",Alarmed,
"Calumet, Inc.",CLMT,NASDAQ,2024-11-08,Bruce Fleming,"Hey, Adam. Bruce. So the volume outlook is we're not concerned about it. Montana Renewables sits in the middle of a really large production area for these kinds of feedstocks. There's a lot of diversity. And we're actually dynamically optimizing as those feed classes move around relative to each other. So then you come to the price. And in a way, the view that we have is all of these feeds over a reasonable short timescale are going to be arbitraged based upon their carbon intensity. So the prices will be different. But if I focus you on margin, the margin add is not as differentiated as the price. As a margin add business, we're floating on the flat price. So the secular decline for two years now in the flat price, everybody's written that down. That does show up on a lot of balance sheets. And we have talked in the past on this call about gains or losses from short-term price movements. But in the long run, we don't think that's a structural concern for the industry.",Alarmed,
The Bank of New York Mellon Corporation,BK,NYSE,2024-07-12,Gerard Cassidy,"Very good. And then just as a follow-up, Robin, you talked about the new business wins in the quarter, and you talked about ONE BNY as well. It appears that you're having success in chipping down or breaking down some of the silos that many organizations always struggle with. Can you share with us some of the tools you're using to break those silos? And how -- I would assume you're not 100% complete breaking them all down, but how far along are you in actually breaking them down?",Alarmed,
Wells Fargo & Company,WFC,NYSE,2024-07-12,Matt O'Connor,"Okay, that's helpful. And obviously, you talked about card losses going down in 3Q, so that's consistent with everything that you said as well. So thank you for the color.",Alarmed,
JPMorgan Chase & Co.,JPM,NYSE,2024-07-12,Steven Chubak,"No need to apologize, Jeremy. That was a really helpful perspective. Maybe just for my follow-up on NII. You've been very consistent just in flagging the risk related to NII over earning, especially in light of potential deposit attrition, as well as repricing headwinds. In the second quarter, we did see at least some moderation in repricing pressures. Deposit balances were also more resilient in what's a seasonally weak quarter for deposit growth. So just given the evidence that some deposit pressures appear to be abating. Do you see the potential for NII normalizing higher? And where do you think that level could ultimately be in terms of stabilization?",Alarmed,
JPMorgan Chase & Co.,JPM,NYSE,2024-07-12,Ken Usdin,"Thanks a lot. Good morning Jeremy. Jeremy, great to see the progress on investment banking fees, up sequentially and 50% year-over-year. And I saw you on the tape earlier just talking about still regulatory concerns a little bit in the advisory space. And we clearly didn't see the debt pull-forward play through, because DCM was great again. I'm just wondering just where you feel the environment is relative to the potential. And just where the dialogue is across the three main bucket areas in terms of like how does this feel in terms of current environment versus a potential environment that we could still see ahead? Thanks.",Alarmed,
JPMorgan Chase & Co.,JPM,NYSE,2024-07-12,Ken Usdin,"Great. Thank you for all that Jeremy. And just one on the consumer side. Just anything you're noticing in terms of people who just have been waiting for this delinquency stabilization on the credit card side. Obviously, your loss rates are coming in as you expected, and we did see 30 days pretty flat and 90 days come down a little bit. Any -- is that seasonal? Is it just a good rate of change trend? Any thoughts there? Thanks.",Alarmed,
"PriceSmart, Inc.",PSMT,NASDAQ,2024-07-11,Jon Braatz,"Well, it has weakened. It was at -- it's at COP4,000 now, and it was at COP3,600 or something like that. So, it's weakened a little bit.",Alarmed,
"Conagra Brands, Inc.",CAG,NYSE,2024-07-11,Max Gumport,"Great. Then on food service with volumes down 10% in the quarter, you called out the QSR weakness as well as some actions to eliminate a low profit business. I was just curious, if you could disaggregate for us the magnitude of each of those two impacts and also what you're seeing on the QSR side in terms of how that weakness could progress over the coming year. Thanks. I’ll leave you there.",Alarmed,
WD-40 Company,WDFC,NASDAQ,2024-07-11,Daniel Rizzo,"Good afternoon, and thanks for taking my questions. I may have missed this, but you mentioned the ERP rollout in the Americas and Asia. I was wondering, did it already occur in Europe or is that something that's going to be doing – you’re going to be doing over the next several quarters?",Alarmed,
"Amylyx Pharmaceuticals, Inc.",AMLX,NASDAQ,2024-07-10,Michael DiFiore,"Okay. That's very helpful. And just two final questions for me. One is kind of a nitpick. Eiger's previous slides say the U.S. prevalence is 180,000. Why does that differ from your quoted prevalence of 160,000 prevalence in the U.S.? And my final question is just thoughts on the increasing use of more effective GLP-1s and how it may erode in the long-term that the number of bariatric surgeries performed annually? I mean we hear with these next-gen incretin therapies like [Cagri-Sema and GGG] kind of approaching bariatric surgeries like weight loss. Do you foresee the numbers of bariatric surgery procedures in the long-term, diminishing? And if so, how may that impact your outlook for this product?",Alarmed,
"Kura Sushi USA, Inc.",KRUS,NASDAQ,2024-07-09,Todd Brooks,"Okay. And then, the final one for me. I know we're a little ways out, but we're starting to get over half a year of experience with the new loyalty program under our belts here. In past discussions, it's iterative. You've got to build the data set before you can really start to lever it. As you're looking towards what you can do with the tool to stimulate frequency, what you can better do maybe in specific markets with segmentation if you need to attack weakness in a market like California, and then maybe using the tool to better tie in or incent people against some of the IP partnerships, where are we in that journey that we start to look at loyalty as being a frequency driver going forward? Thanks.",Alarmed,
Byrna Technologies Inc.,BYRN,NASDAQ,2024-07-09,Jon Hickman,"Okay. And then, unless I missed it, you didn't mention the smaller launcher and when you like – are you still planning on having that out by the end of this fiscal year?",Alarmed,
Indivior PLC,INDV,NASDAQ,2024-07-09,Max Herrmann,Thanks. Taking just a follow-up. I just wanted a point of clarification. Are you saying that 25% of lives in total under coverage will a loss from Medicaid? Or is it 25% of Medicaid covered lives? Just wanted a clarification on that.,Alarmed,
"Constellation Brands, Inc.",STZ,NYSE,2024-07-03,Carlos Laboy,"Yes. Hello, everyone. You've been able to sustain pretty good profit margins or pretty stable profit margins here remarkably well despite the Mexican peso having appreciated very strongly in recent years, but that seems to have turned this quarter. If you were to enter a period of pace of weakness, can you speak to the sort of flexibility that this might give you or that would enter into your pricing strategy? And look, just to be transparent, the reason I'm asking is because in the 80s and 90s, we went through periods of peso weakness and you were able to successfully close price gaps with mainstream beer and the dividends of that are still coming through today. So if you could just speak to how you're thinking about this, it would be helpful.",Alarmed,
"Constellation Brands, Inc.",STZ,NYSE,2024-07-03,Chris Carey,"Hey. Thank you very much. I'm going to follow up on Peter's question there around gross margins in beer specifically. Garth, can you maybe frame how the Q1 gross margin came in relative to your expectations on paper? It certainly looks like strong delivery specifically in the context of the rest of the year. And then just regarding the commentary around taking advantage of the weaker peso, does that give you more confidence on this fiscal year? And how much can you actually take advantage of for fiscal '26 at this point? Thanks.",Alarmed,
"Constellation Brands, Inc.",STZ,NYSE,2024-07-03,Bonnie Herzog,"All right. Thank you. Good morning. I had a question on just marketing. Your outlook for marketing and advertising spend this year, it's below historical levels. And I guess there's some concern that you may be starving your brands. So could you touch on this and provide a little more color on the efficiencies you've gained and may continue to gain, how you're approaching investments this year? And I guess why you feel good about these investment levels? Thanks.",Alarmed,
"Winnebago Industries, Inc.",WGO,NYSE,2024-12-20,Michael Albanese,"Got it. That's helpful. Thank you. And then just a clarifying question on Marine. Obviously, Barletta and Chris-Craft both taking share. Are unit -- I'm sorry if I missed this -- but are unit volumes positive across both brands or is one a bigger driver than the other? Obviously, Barletta is a bigger piece of the business, but…",Alarmed,
BlackBerry Limited,BB,NYSE,2024-12-19,Daniel Chan,"Then on Cylance, you mentioned that you guys are keeping the tax losses there. How much tax losses, does it -- do you get to keep, and what's the opportunity to use those now that you're profitable?",Alarmed,
FactSet Research Systems Inc.,FDS,NYSE,2024-12-19,Manav Patnaik,"Thank you. Helen, I think you made some remarks around just the pricing, packaging versus competition. I was hoping you just elaborate on that just in the context of it sounds like your gross pipelines are obviously really strong, but what exactly are you tweaking, I suppose to make the conversions better?",Alarmed,
Cintas Corporation,CTAS,NASDAQ,2024-12-19,Shlomo Rosenbaum,"Okay. The reason I was asking is because there's a huge focus on kind of that tweaking of the guidance on the top end. The commentary about the pricing being a little bit tougher, just to dimensionalize it would be helpful to know how much we should be expecting in terms of incremental M&A. So that's where that question is coming from. But the second question, the follow-up I have, could you give a little bit more color on the growth of the targeted verticals? Specifically in the quarter, did some do better than others? Maybe just give us a little bit more detail in terms of how much of the growth is being driven by those verticals, some of them accelerating versus decelerating, just so we get a sense, as to how the efforts are progressing there?",Alarmed,
Enerpac Tool Group Corp.,EPAC,NYSE,2024-12-19,Tom Hayes,"Hey, Paul, I was just wondering, I think when we spoke on the fourth quarter and you called it out today, obviously, the industrial environment is a little bit weaker and continues to be weaker. I was just wondering, obviously you guys don't provide quarterly guidance, but did 1Q play out generally as you had expected. Is there anything maybe positive that you saw in the quarter besides pretty strong results?",Alarmed,
Enerpac Tool Group Corp.,EPAC,NYSE,2024-12-19,Ross Sparenblek,"Apologies. Yeah, I was on mute. Forgive me, maybe I missed it, but anything on pricing within the U.S. in the quarter and kind of what you're seeing more globally?",Alarmed,
Steelcase Inc.,SCS,NYSE,2024-12-19,Gregory Burns,"Okay. And then just lastly, when we look at the guide for the revenue guide for the fourth quarter and the third quarter results, we take them as a whole, like, I know there was some favorability in the third quarter in terms of timing of order shipments, so maybe that pulled forward some revenue. But when you look at the second half, is it coming in, in line with the expectations as a whole or is it still below expectations and you expect maybe heading into the year to build momentum as we head into ‘26? Like, how do we view the second half results and versus maybe what you guided to for 2026?",Alarmed,
"Darden Restaurants, Inc.",DRI,NYSE,2024-12-19,David Palmer,"Thanks, good morning, guys. Wanted to ask a question on Olive Garden. I know you have a very good consumer insights team there. I wanted to ask you about what you're seeing with that brand, given the fact that the customer satisfaction levels are so high, sort of, comparable to the leaders in any segment. Olive Garden seems to be equal to that superiority in the Italian segment. I was wondering, why do you think the sales gap to the industry is not better? Is it -- and why is that not related to the advertising? I think a lot of people ask about that, the gap right now in your advertising spend to pre-COVID. I think it's down about a half. So any comments on that would be helpful.",Alarmed,
"Darden Restaurants, Inc.",DRI,NYSE,2024-12-19,Danilo Gargiulo,"Great, Rick. And building on your comments, given the shift in not only political environment, but also the consumer sentiment, as you mentioned earlier. So in light of that, looking into 2025, what is the one item that you're most excited about? And what is the one item that you're watching more closely, because maybe you have some concerns about? Thank you.",Alarmed,
"CarMax, Inc.",KMX,NYSE,2024-12-19,Chris Bottiglieri,"Yes, just wanted to and just go through the allowance a little bit more detail. Hopefully just give us a sense like, you know, what your -- I think in the past you've given like the expected loss on new originations and get a sense like what kind of led the cut to the allowance. Is it more just the remaining vote or are you cutting the provision on new originations as well?",Alarmed,
Organigram Global Inc.,OGI,NASDAQ,2024-12-18,Pablo Zuanic,"Thank you. That's very clear. Look, just shifting gear with the conservatives, I think up 20 points in the polls. What do we know about Poilievre's stance on cannabis? We are getting news on potential excise tax changes, but should we be concerned about big reversals coming in cannabis policy, the Conservatives take control of the government next year?",Alarmed,
Jabil Inc.,JBL,NYSE,2024-12-18,Melissa Fairbanks,"Hey, guys. Thanks so much. I'm not sure if Steve Borges is in the room. If not, I'll just put this out to the team. I wanted to see if we could go into a little more color on what you're seeing in auto and transport over the past earnings cycle, most recent earnings cycle. We've heard of some improvement in the China EV market from across the supply chain. It's also my understanding, you have some new programs coming in transport, like with buses. I'm just wondering about some of the moving parts there and what's incrementally weaker?",Alarmed,
"General Mills, Inc.",GIS,NYSE,2024-12-18,Tom Palmer,"Good morning. Thanks for the question. In past quarters, you've highlighted that your categories are growing 1% to 2%. And I think share losses was really the focus that needed to be mitigated. You gave some helpful commentary on the share loss side, but I wondered what you're seeing for aggregate category growth. Is that holding in to the extent that you anticipated? Are there things you can do, especially in categories where you're -- have quite large share to kind of simulate the category as a whole?",Alarmed,
"Compass Minerals International, Inc.",CMP,NYSE,2024-12-17,Joel Jackson,"Hi, good morning. So, did you say one question or one plus one? Sorry I missed the instructions.",Alarmed,
"Compass Minerals International, Inc.",CMP,NYSE,2024-12-17,Joel Jackson,"Okay, so when I said nine and a half for the full business, you're guiding toward about 10, correct? That sounds about right? 10 for the whole hybrid icing business. Okay. Which makes sense and makes my next follow up question not necessary. But the other, the other question I wanted to ask, it's kind of a nuanced question, but I was actually looking at this, this morning. I was looking at what Compass used to sell for highway de-icing volumes two decades ago, a decade ago. I was looking at what they, what you've sold in the last bunch of years. And what I've noticed is that there's a very clear downward trend in average December quarter volumes. So, March quarter volumes look similar as 20 years ago. Is there something going on in the salt industry the last 10 years where December quarter sales just are lower? Is that we've had lower average winter weather, so you have a lower pre-buying or pre-buying season, or like is there something going on with December quarters are weaker than historical versus March quarters? Do you get what I'm getting at?",Alarmed,
Cheetah Mobile Inc.,CMCM,NYSE,2024-12-17,Unidentified Company Representative,"Reducing losses is definitely our top priority. So today, all enterprises are shouting about cost reduction and efficiency improvement. For us, we have surely achieved a certain scale of loss reduction this year. But I want to say that for this loss reduction, because we participated in some research and development and training of large language models, our pace has slowed down a little bit. But after we review the MV this round, we will put more of our efforts into the development of agents and the implementation related to the intelligence of robots. Such R&D costs will be reduced significantly compared to the large language models in the past 10 years. We definitely have a certain loss reduction plan internally and a timetable for profitability. Well, I think due to the significant changes in the market and technology, we may not be able to disclose this very clearly externally because now I think that this wave, just like the friend's question earlier about some progress in training because we have seen some business opportunities and we also see that due to the support of large language model for service robots whether it's their underlying planning ability, task decision-making ability, including their interaction ability, including their interaction ability, and it will expand their satisfaction in various markets and expand the market in various markets. So we also need to maintain a certain flexibility. If such an opportunity arises, we may have to make some more investments in R&D, of course. Overall, we will definitely aim to make the company profitable and create value for shareholders. This major goal is beyond doubt.",Alarmed,
"RCI Hospitality Holdings, Inc.",RICK,NASDAQ,2024-12-16,Mark Moran,"Fantastic. Thanks so much for that. Before I bring up [indiscernible], Eric, we have a question submitted to me from one of our larger shareholders. And he is asking about the impairments and what those specifically are, if you could speak to that.",Alarmed,
"RCI Hospitality Holdings, Inc.",RICK,NASDAQ,2024-12-16,Bradley Chhay,"The impairments are basically accelerated write-offs of various sets of assets, either intangible assets such as SOB license, goodwill, or FF&E. They stem from basically doing an analysis of the future discounted cash flows against the book value of the assets. So, in this current quarter, we had $12.5 million, and for fiscal year we had $38.5 million.",Alarmed,
"RCI Hospitality Holdings, Inc.",RICK,NASDAQ,2024-12-16,Eric Langan,"Yeah, Mark, I'd like to come. From my understanding, and Bradely correct me, a lot of this is because of interest rates increasing, and so the discounted free cash flow rates are increasing, thus driving down the value of that free cash flow and resulting in these impairments. So they're all non-cash. And the reality of it is they don't really affect the operations at all, or the free cash flow at all.",Alarmed,
"RCI Hospitality Holdings, Inc.",RICK,NASDAQ,2024-12-16,Unidentified Analyst,Good. Perfect. I'm sorry I missed the first part of this call. I was on another call. Has -- I've got a few questions. Have you guys talked about the non income producing real estate that you're planning on selling and sort of what you think the value is in terms of cash on the balance sheet and how much the EBITDA is being dragged down from the property taxes and the operating expenses? Did you guys go into that at all and the assets you're planning on selling and monetizing sort of the framework for how much it's value that's not on the balance sheet and how much EBITDA you could save by monetizing those pieces of real estate?,Alarmed,
"RCI Hospitality Holdings, Inc.",RICK,NASDAQ,2024-12-16,Eric Langan,"Of course. I mean, as we open these locations, yeah, I mean, all the construction's very near completion. So yes, most of the carrying costs for all of these locations that are getting ready to open, I say the majority, there might be, I have to go look at the, at what's left to draw on the bank loans. But there might be $3 million left on the bank loans for the two Bombshells to draw out so that go up a little bit more. But yes, all the real estate's already owned, all the property tax are being paid annually, the insurances, all those types of things. So all that revenue is going to help and EBITDA drops in, it's definitely going to help drop that from 3.28 to below 3 times. So I'm not concerned with the debt. I didn’t want to -- that's not what I'm trying to say. I'm saying is, I still like to be within our norms because if a major acquisition comes up and I want to push it to hire, I want to have that room to do so. If I'm already at a high, then I'm going to have to go, okay, well, maybe we can't make this acquisition because I don't want to push us to very close to 4 times. But if I go to 3.2, 3.3, 3.5, because I'm making a major acquisition, as we did in March of ‘23 with the acquisition, I'm not really concerned.",Alarmed,
"Red Cat Holdings, Inc.",RCAT,NASDAQ,2024-12-16,Leah Lunger,"Yeah, and I just want to say, you know, if we missed your question, I do apologize since we're kind of trying to sift through everything here. We will continue to improve in this new format that we're digging into here. So, I think that will end our question-and-answer session. And Jeff, if you just want to have any final closing remarks, that would be great.",Alarmed,
Broadcom Inc.,AVGO,NASDAQ,2024-12-12,Ross Seymore,"Hi, thanks for letting me ask a question. I want to talk about the cash return side of things, a great job on the dividend increase. The other 50%, is fiscal '25 a year where you're going to still be paying down debt? Share repurchases in the mix? Or Hock, you mentioned that VMware, the integration is largely now behind you? Usually that puts you on the prowl looking for deals. Is that something we should, in general, think about or the regulatory issues that are still a concern? Just trying to figure out what that other 50% is going to go towards this year.",Alarmed,
"SentinelOne, Inc.",S,NYSE,2024-12-12,Saket Kalia,"So super helpful framework there, Tom, right? And I just want to make sure -- I'm sorry, it's probably a dumb question, but why -- we asked this question of Barbara on the last call as well. Why is it -- why would a Lenovo shipment just be a benefit to revenue and not just ARR? Because if there's -- is there something around the deployment or anything? Maybe touch on that a little bit.",Alarmed,
"Qorvo, Inc.",QRVO,NASDAQ,2024-12-12,Tom O'Malley,"Super helpful. And then on the asset sale, I think that you went out of your way on the earnings call to identify that as an area that you would potentially be open to a sale. What occurred and why did you feel that asset had a better home elsewhere?",Alarmed,
"Lee Enterprises, Incorporated",LEE,NASDAQ,2024-12-12,Daniel Harriman,"Thank you. Hey, guys, good morning. Thanks for taking my questions. Just kind of broadly here and I realize you're still in the early innings of these partnerships with AI, but how should we look at future investment? As in, are you going to be able to save significant investment by partnering up with leading AI technology companies? And then kind of along the same lines, again, realizing it's very early and these announcements have just come out, but should we expect any impact on these announcements in terms of your fiscal 2028 digital goals? Or for the time being, should we really assume the same that you've been saying recently? And then just finally, I know you've reached your digital subscriber count goal for the year, but I didn't see the exact number as of the fourth quarter. And if I missed it, I'm sorry, but if you could just let us know that, that would be helpful. Thanks a lot.",Alarmed,
"AstroNova, Inc.",ALOT,NASDAQ,2024-12-12,Brandon Daniel,Sorry if I missed this in my earlier comments. Just to have some clarity here. On that inkjet order that's been delayed. Is that related to the legacy business or the MTEX's business?,Alarmed,
"AstroNova, Inc.",ALOT,NASDAQ,2024-12-12,Brandon Daniel,"So I'll talk a little bit louder. On that inkjet order, is that related to the legacy PI business or MTEX? I’m sorry if I missed it earlier.",Alarmed,
"Oxford Industries, Inc.",OXM,NYSE,2024-12-12,Paul Lejuez,"Got it. And then I guess just to follow up, on the higher percentage of sales happening during promotional periods, is it that business performed better than you thought during those promotional events? Or is it just a higher mix of sales because sales were weaker during the non-promotional periods?",Alarmed,
Booking Holdings Inc.,BKNG,NASDAQ,2024-12-11,Brian Nowak,"When you and the management team sort of look at your dashboard of KPIs that you're evaluating the success or struggles, what do you look at? Do you look at we acquire a customer, get the transaction and revenue per transaction, revenue per customer, sort of what are the key KPIs that you look at internally to sort of gauge how all the initiatives are going?",Alarmed,
"Autodesk, Inc.",ADSK,NASDAQ,2024-12-11,Amy Bunszel,"So, the -- excuse me, the health of the underlying business is still very good. I think one of the -- couple of important things that are driving that is, infrastructure projects are still very well-supported and a lot of architects have to work on those projects as well. And when we think about the mix of projects changing, there may not be new office towers going up in some cities like San Francisco, but there's certainly lots of work still happening around renovation and retrofit to make the existing real-estate more palatable to future concerns, and then also, hospitals, stadiums, lots of other projects. So, our customers are really resilient in their ability to kind of move around. Where they are struggling the most is to get enough people to really work on some of the backlog that they do have, and so...",Alarmed,
Seagate Technology Holdings plc,STX,NASDAQ,2024-12-11,Thomas O'Malley,"Super helpful. All right. Pivoting to Via. You talked on the last call about some China stimulus potentially helping that area of the business. Could you remind me, have you disclosed how big China is as a portion of that business? And then in your expectations, you kind of mentioned some better seasonality, which helps gross margin given that business into March. What are your expectations? Does that still -- is that -- is it still able to grow kind of in the future, obviously, you have a legacy business declining. You have a nearline that's growing quite nicely. But within that, where is -- we kind of moving?",Alarmed,
Lam Research Corporation,LRCX,NASDAQ,2024-12-11,Doug Bettinger,"Yes. Listen, we've got a great government affairs team that is pretty well plugged into everything that's going on in D.C. And I would tell you the regulations that came up were largely what we expected. And so yes, I was at an investor conference last week getting ready to talk to people and that had just hit the tape. And I knew we were going to - I needed a little bit of air cover, so we issued a press release saying, hi, no change to any of the guidance, no change with our view of what we've previously said. So that I guess is about as much as I can say. There were a couple three specifically or maybe four customers that were put on the end user restricted list. So that we're customers. We won't be able to continue to service them as customers. And from a technology standpoint, there were some slight tweaks, but nothing of any real substance.",Alarmed,
AppLovin Corporation,APP,NASDAQ,2024-12-11,Matthew Cost,"Great. I want to touch on Connected TV for a minute, and I'm curious about a couple of things on this topic. Firstly, why is Connected TV important to AppLovin? What does it allow you to do that you couldn't do before? And maybe most importantly, what capabilities can you bring to that ecosystem that you think advertisers are really looking for?",Alarmed,
Arista Networks Inc,ANET,NYSE,2024-12-10,Simon Leopold,"[indiscernible] that. But I think you talked about being very selective maybe surgical in partners. And I want to unpack this a little bit because I think the conventional wisdom is for other IT exposed companies that I follow, they pour a lot of money into sales and marketing, into the go-to-market and its channel partners and VARs are big expenses and viewed as really the route-to-market. Why is that not the case for you? What are you doing differently? How do you think about that?",Alarmed,
ON Semiconductor Corporation,ON,NASDAQ,2024-12-10,Joe Moore,"Other questions from the audience? We have a minute half left. Maybe we could close with just any of this weakness drive any change in the pricing environment? And I know you have good LTSA coverage, maybe unique from your competitors? Just how do you see the role of pricing going forward?",Alarmed,
"Academy Sports and Outdoors, Inc.",ASO,NASDAQ,2024-12-10,Simeon Gutman,"Thanks for that. And then following up on stores and new stores, you may have mentioned this in the prepared and I missed it. You gave us some commentary in prior quarters on the stores that are just entering into comp base. And then I think the two-year-old like the stores that are now two years into the comp base, can you talk about their spread relative to the rest of the chain where they should be, are they ebbing and flowing with the comp or are they still the same way, you know, they're keeping the spread that they had, I think of the last couple of quarters?",Alarmed,
"Academy Sports and Outdoors, Inc.",ASO,NASDAQ,2024-12-10,Anna Glaessgen,"Great. Thanks. And then shifting gears, the negative comps you guys have been running has gotten a lot of attention as people comp it to the larger public peer, but I think missed in the conversation is smaller specialty players that are likely running below the comp that you guys have been putting up as we've seen a little bit of consolidation in this space. How do you -- what's your outlook for the potential share opportunity as you look to '25 and beyond?",Alarmed,
"Ollie's Bargain Outlet Holdings, Inc.",OLLI,NASDAQ,2024-12-10,Matthew Boss,"John, congrats on the transition. You'll be missed.",Alarmed,
"AutoZone, Inc.",AZO,NYSE,2024-12-10,Bret Jordan,"Okay. And then could you talk about the cadence of the first quarter, I guess into the second quarter? I think you called out that the first four weeks were the weakest in commercial. But could you talk about what we've seen as winter has begun to show up?",Alarmed,
"AutoZone, Inc.",AZO,NYSE,2024-12-10,Steven Zaccone,"Great. Good morning. Thanks very much for taking my question. I wanted to focus on the DIFM business. Sequentially, it looks like the comps got a little bit weaker. Now you called out some weakness in those first four weeks, but could you just talk through how transactions performed? Do you attribute the sequential step down, largely those first four weeks? Is there anything you've seen in the industry that, would suggest the overall industry backdrop for DIFM has gotten a little bit weaker?",Alarmed,
Designer Brands Inc.,DBI,NYSE,2024-12-10,Mauricio Serna,"Great. Just wanted to hear because -- sorry if I missed this. Did you talk about what was your performance in -- across your top 8 national brands? What are you seeing there? And also if you mentioned what was your quarter-to-date trend? And also -- and on the other hand, on the balance sheet, saw -- in cash flow, you saw like you mentioned you did your biggest share repurchase of the year. How are you thinking about debt levels management considering that, I guess, like the business has been a little bit more challenged than expected?",Alarmed,
Truist Financial Corporation,TFC,NYSE,2024-12-10,Ryan Nash,"Maybe dig in on a couple of things as it pertains to loan growth. I guess the first question is, how long do you think it's going to take for until loan demand returns? What are your broad commercial expectations? And then more importantly, if you think back over the past few years, Truist has been underperforming given all the transformation that it's gone through, but we've seen that gap narrow over the past few quarters. What do you think that means in terms of your ability to perform relative to the industry?",Alarmed,
Truist Financial Corporation,TFC,NYSE,2024-12-10,Ryan Nash,"So let's dig into some of these. When I think about the key initiatives you outlined, they're all generally centered of doing more with your existing clients. Maybe just talk about what were some of the drivers of underperformance historically, and what gives you the confidence that you can now get a greater share of wallet from your customers?",Alarmed,
Truist Financial Corporation,TFC,NYSE,2024-12-10,Ryan Nash,"And we've talked a lot, in conclusion here, over the last few years that undertaking the merger was a bigger deal than you thought, and that's resulted in underperformance in the stock over a handful of years. You've obviously made a ton of changes in recent times to position the bank to succeed. Maybe just in closing, tell us about why you think investors should be investing in Truist, and what is different about the story today relative to the last few years?",Alarmed,
Western Digital Corporation,WDC,NASDAQ,2024-12-10,Q - Joe Moore,"Great. Well, thank you. And thanks, guys, for being here. I think I was disappointed to hear, you have one more presentation after this. But the -- very close to the end of the combined entity of Western Digital before the separation coming in the first quarter. So maybe if you could start with just an update on that process. And the Form 10 is out. Seems like you're making progress towards kind of doing this at some point in Q1. But just generally, where are you in the process of separating out the Western Digital Hard Drive business and the SanDisk memory business?",Alarmed,
Western Digital Corporation,WDC,NASDAQ,2024-12-10,Joe Moore,"Okay, Great. So maybe if we could talk about some of the businesses, can you give us a sense of the NAND market? I think you guys had talked about more of like a pause in terms of the prices going up. And you're not seeing it as kind of an end of cycle weakness, but I know there's a lot of anxiety about what's happening in the NAND market. I just wonder if you guys could give us the [lay of the land there] (ph).",Alarmed,
Western Digital Corporation,WDC,NASDAQ,2024-12-10,Joe Moore,"But it still doesn't seem like HAMR is a defining feature in 2025, right? I mean, I think we're talking about less than 2 million drives in a market that's over 60 million units. So it doesn't seem like there's much of a change. It's just, and you guys have thrived literally from making the decisions that you made. So I guess when you do put HAMR into production, do you anticipate that you would have some of the same struggles that they've had, or do you think that having more time in the lab and getting it refined, will allow you to avoid that?",Alarmed,
D-Market Elektronik Hizmetler ve Ticaret A.S.,HEPS,NASDAQ,2024-12-10,Nilhan Onal Gokcetekin,"So our BluTV collaboration is a very strategic and important one. As you know, recently, BluTV is acquired by Warner Bros., and we made a five-year deal with them -- exclusive deal with them in Turkey. We don't expect any negative impact deterioration. And actually, BluTV just announced transition to make this amazing content next year, and they also highlighted their partnership in this press release, and they are delighted with Hepsiburada Premium product, how it helps to acquire new customers through their [indiscernible] as well. So we are quite excited about the next transition, and we think we will continue to have the strong collaboration in the coming five years as well.",Alarmed,
"Automatic Data Processing, Inc.",ADP,NASDAQ,2024-12-10,Michael Infante,"Perfect. Maybe just on that bookings inflection that you've seen of late, is there anything that you've done in terms of either re-incentivizing a sales force or tweaking some of the sales strategy to induce some of that bookings momentum? And obviously, what we coin as selling season towards the end of the year where people elect some of their benefits for the following year, is there any early results that you can share just in terms of how you might be tracking on that front?",Alarmed,
"Toll Brothers, Inc.",TOL,NYSE,2024-12-10,John Lovallo,"Hey, good morning, guys. Thanks for taking my questions. I'm going to dovetail off of Steve here for a moment. With the cash flow projected to be about the same year-over-year, why is the intent to buy back less stock, the 500 million versus the 628 million that you guys did in fiscal year 2024?",Alarmed,
MoneyHero Limited,MNY,NASDAQ,2024-12-10,Nirgunan Tiruchelvam,"So, prior to that, so on adjusted EBITDA granted, it is still in the red category, but clearly you have contracted the level of EBITDA losses materially compared to what it was in the preceding quarter. Go ahead, Rohith.",Alarmed,
MoneyHero Limited,MNY,NASDAQ,2024-12-10,Nirgunan Tiruchelvam,"Right, has there been other comprehensive income losses of this magnitude in the past of $9 million since you are listing?",Alarmed,
Intuit Inc.,INTU,NASDAQ,2024-12-10,Keith Weiss,Got it. I wanted to into that sort of ARPC side of the equation and how it relates to the broader growth equation for the small business growth. You guys have laid out a formula for like durable 15% to 20% growth. You talked about 10% to 20% growth in the ARPC and 10% to 20% growth in subscribers. And some investors and some analysts we won't name. I have been concerned that you might be pulling the lever too aggressive.,Alarmed,
Intuit Inc.,INTU,NASDAQ,2024-12-10,Keith Weiss,"Got it. So I apologize. We have 30 seconds left. So I want to just touch on the concern I hear from investors a lot and that's about the federal government getting into taxes. And there was a direct file offering that they launched last year. 140,000 users isn't huge but they're expanding that program. They're expanding it from 12 to 24 states. 90% of users said the experience as excellent or above average. You have Elon Musk, not doing you any favors by tweeting that the U.S. government should have a mobile app for this. Should investors be concerned about the IRS getting more and more into your backyard?",Alarmed,
"MongoDB, Inc.",MDB,NASDAQ,2024-12-09,Mike Cikos,"Hey guys, thanks for taking the question here. I just wanted to come back to the consumption growth being slightly better than expectations again for the second quarter in a row now. And apologies if I missed it, but this improvement that we're seeing, is this across all vintages and geographies or is it potentially more concentrated in scope? Just trying to get a better understanding of what's seeking place out there and what's embedded in the guide.",Alarmed,
VersaBank,VBNK,NASDAQ,2024-12-09,David Feaster,"Okay, and then maybe if I could squeeze one more in, you touched about increased putbacks to your partners in Canada, and we're really validating your business model and that's great, you've had no credit issues, but I'm curious, maybe how has this impacted the partners in Canada and the health of their balance sheet and their ability to absorb those losses so far?",Alarmed,
BRP Inc.,DOOO,NASDAQ,2024-12-06,Craig Kennison,"Thank you, Seb. And then, on 2026, again, I know you're not providing guidance, but you're saving essentially $1.50 in loss avoidance related to marine in 2025. But it's should be very clear that the benefit next year is much smaller than that because you weren't expecting to lose maybe the same amount.",Alarmed,
"Build-A-Bear Workshop, Inc.",BBW,NYSE,2024-12-06,Eric Beder,"Okay. I want to unpack a little bit on the online weakness. I know that you have historically -- excuse me, I know that the shift has been to move more -- we've seen this kind of less of a lag between online exclusives to the stores. And part of that, I think, is because the stores do, I think, a great job of showing the whole product line. Is that part of this year? When you look at this weakness, especially given how strong everything else appears to be, where should we be thinking about this? I'll leave it at that.",Alarmed,
"Build-A-Bear Workshop, Inc.",BBW,NYSE,2024-12-06,Greg Gibas,"Yeah. Good to hear. And thanks for the color there. I guess lastly, just a quick clarification question. Voin, I think you were speaking to some type of guidance on G&A in terms of a percentage of sales in relation to 2023. Wonder if you could just maybe repeat or clarify that, I think I missed a portion of it.",Alarmed,
"Culp, Inc.",CULP,NYSE,2024-12-06,Brian Gordon,"Yes, I would agree with that. I think as I look at the model, the potential for really significant operating leverage moving forward is probably what I am most focused on. So definitely, thanks for that. I have one kind of final question and this is probably more for you, Iv. How concerned are you about the potential for increased tariffs under the new administration? And what the set of options that you guys have at the ready to respond to any potential changes that you see on that front?",Alarmed,
"The Cooper Companies, Inc.",COO,NASDAQ,2024-12-05,Craig Bijou,"Okay. That's helpful. And maybe if I could follow up on the CVI guide. So the last two years, you've guided 7% to 9%. Obviously, it's 6.5% to 8.5% this year; you're 50 basis points less. I think your market expectations are still -- I think you said it was 5% to 7% for next year and I think that's what you said last year as well. So, maybe just a little bit more color on the lower guide. What's reflected in that? Any concern about the level of share you can take. Just want to understand kind of the dynamics of the slightly lower guide than what you've done previously?",Alarmed,
"Rubrik, Inc.",RBRK,NYSE,2024-12-05,John DiFucci,"Thank you. By the way, this Q&A, this is really helpful and really appreciate people your answer to Kash's question. He always asks good ones. But we all get that from investors. Like why is this going to last and that was helpful. That was really -- that was clear as to why this -- why you're not going to be Veritas in 1999 by the time 2000, I don't know [indiscernible] came along or whatever. But my question here is on partnerships. You spoke about technology partnerships, but there's -- and by the way, you need to have everything you're talking about. The one thing that really hasn't been hit on here is go-to-market. So can you talk a little bit more about go-to-market partnerships? We all know that you have a really strong go-to-market team, but our field work indicates that you sign more VARs. We're just hearing more VARs and more reseller partnerships. And they want they wanted to partner with you and those that focus on security, and they're already starting to see early traction. This is the traditional way that enterprise security is sold. So can you talk a little bit about your efforts there? And what is what we're hearing right? And how should we think about go-to-market partnerships, that contribution going forward? Thank you.",Alarmed,
Veeva Systems Inc.,VEEV,NYSE,2024-12-05,David Larsen,"Thanks very much. And then for Vault CRM wins, I think there were 14 in the quarter. That seems like a very good number. There were like three and five and five in fiscal 3Q and 4Q of '24 and 1Q of '25. 14 sounds like a lot. Is that a new sort of steady state and why is there like such an uptick? Thanks.",Alarmed,
Veeva Systems Inc.,VEEV,NYSE,2024-12-05,Steven Valiquette,"Great. Thanks. Good afternoon. Thanks for taking the questions. It's good to be covering the Company again. Just a couple of questions here. First, on the Development Cloud. On the back of our initiation, we did some channel checks on industry R&D spending trends, et cetera, and one of the questions I wanted to ask on that was actually just touched on the last question, but maybe just to drill in a little bit deeper. I mean, it does look like clinical trial starts globally are actually growing again now for the last two quarters after declining for -- year-over-year for a couple of years. So I'm just curious as the follow-up question around that, do you guys actually look carefully at data points like that, or do you just focus more on your own customer discussions, et cetera, that you just alluded to as far as your assessment of the marketplace? And then the only other quick follow-up question really is just at the Analyst Day a few weeks ago, the way you guys broke down your total revenue base by customer type was just a little bit different this year than it was last year. So I'm hoping you can just remind us again what percent of your total book of business relates to CRO customers just from a percentage of revenue standpoint. I recall it was no more than 5% last year, but just want to confirm if that was still the case currently. Thanks.",Alarmed,
"American Outdoor Brands, Inc.",AOUT,NASDAQ,2024-12-05,Alex Sturnieks,"Okay. And then, given some weakness in the shooting sports industry recently, you saw some good growth there. But could you provide some additional color on how products in that market performed in the quarter?",Alarmed,
Hewlett Packard Enterprise Company,HPE,NYSE,2024-12-05,Tim Long,"Thank you. I was hoping I could ask a two-parter on the AI service. First, can you just clarify that de-book comment that came in? It sounds like $700 million de-book of backlog. Was that a competitive loss or someone had double ordered or something else that was going on there? And then the second part, following on the gross margin. Can you talk a little bit about when you're looking at AI business, what are the metrics you are looking at? Are you -- do you have thresholds for gross margin or cash flow or something else that prohibits you from going at certain deals where maybe ODMs or lower gross margin OEMs would go? Thank you.",Alarmed,
Hewlett Packard Enterprise Company,HPE,NYSE,2024-12-05,Toni Sacconaghi,"Hi yes. Thank you. I'm not sure if you said it but perhaps you can just confirm, did your AI pipeline grow sequentially? And then on the Hybrid Cloud side, it was a huge jump sequentially, dramatically higher than your guidance as well and the biggest sequential increase we've ever seen. Was there any unusually large deal in there? I know you closed Morpheus also but I don't think that was really material. Can you add any color about whether there was anything unusual? Did you pull forward deals and hence you think next quarter is going to be seasonally weaker than usual? But again, there was an enormous differentiation relative to normal history in your own guidance. Thank you.",Alarmed,
Hewlett Packard Enterprise Company,HPE,NYSE,2024-12-05,Samik Chatterjee,"Hi, thanks for taking my questions. If I can change gears here a bit on Intelligent Edge. You talked about the strong order patterns. But when I look at the revenue performance in the quarter, I know you were up modestly, but it did seem like overall from at least relative to some other peers that have reported, the sequential growth was a bit more limited relative to sort of quarter-over-quarter increases here. So I mean, is there -- how you are thinking about sort of the next year playing out? And when you look at [auto] (ph) trends, are they coming in as expected? Or are you seeing a bit more weakness than what you would have expected maybe 90 days ago? And within that portfolio, how are you thinking about where, as you said, enterprises are going to spend more relative to their IT budgets? What are you hearing from them in terms of priorities within that portfolio? Thank you.",Alarmed,
"Tilly's, Inc.",TLYS,NYSE,2024-12-05,Matt Koranda,"And can you remind us -- like maybe just refresh us on the comparisons that we're up against from December and January of last year. If I recall correctly, it was relatively negative and maybe deteriorated in the fourth quarter last year. So are there easier comparisons as we get in December, January?",Alarmed,
"Petco Health and Wellness Company, Inc.",WOOF,NASDAQ,2024-12-05,Unidentified Analyst,"This is Matt McCartney on for Seth Basham. Just wondering if you could talk about the pricing impact in the quarter, whether it was positive or negative and how we should think about pricing going forward as you tweak your product mix?",Alarmed,
PVH Corp.,PVH,NYSE,2024-12-05,Jay Sole,"Great. Thank you so much. I'm hoping you just elaborate a little bit on inventory. I think you said you're making some -- you brought some stuff in early. You made some investment in your most essential products. Can you just talk about the impact of that on fourth quarter and sort of the -- what -- we talk about essential products, like what does that mean? And being in stock 95% of the time, like, how does that help the business? And why did you make those changes? Thank you so much.",Alarmed,
GMS Inc.,GMS,NYSE,2024-12-05,Michael Dahl,"I want to go back to the Ceilings side. If I look at your guidance and take into account that the Kamco acquisition and some of the other deals are driving kind of double-digit M&A contribution and you're expecting mid-single-digit price mix growth, that suggests that organic volumes would be declining, call it, like high single digits which is a pretty big acceleration to the downside versus the last couple of quarters. Can you talk more specifically about what's driving that expectation for your organic Ceilings volumes in 3Q?",Alarmed,
Western Digital Corporation,WDC,NASDAQ,2024-12-05,Aaron Rakers,"Okay. That's perfect. So, I try and juxtapose all of this because everything you just said is really, in my opinion, structurally good for the industry, right? The setup looks good into 2025. We've got separation. You've got Kioxia IPO. However, it seems like the pricing dynamics, the spot market seems to be still under pressure. And I get this question all the time, have you seen spot pricing? Why is -- is that the right way to think about this, or...",Alarmed,
Western Digital Corporation,WDC,NASDAQ,2024-12-05,Aaron Rakers,"Why is that wrong? Like, walk us through the technology?",Alarmed,
The Toronto-Dominion Bank,TD,NYSE,2024-12-05,Gabriel Dechaine,"Okay. And a quick one, just on the securities repositioning again. The losses that you're recording on disposition that's being adjusted out of earnings, but then the benefit, the $400 million or so to NII, that's going to be kept in your adjusted figure or retain -- remain in your adjusted figure? Is that what we're doing here?",Alarmed,
The Toronto-Dominion Bank,TD,NYSE,2024-12-05,Paul Holden,"Sorry, I might have missed a little bit of that last question, but I think it's an important one. Just in terms of the growth expectation for Canada, obviously, you held a big Investor Day, not that long ago, focusing on the growth opportunities in Canada. I want to make sure there's no message that any of that has changed, maybe the targets end up changing a bit, but that all those growth opportunities you highlighted back in '23, are still on the table?",Alarmed,
The Toronto-Dominion Bank,TD,NYSE,2024-12-05,Sohrab Movahedi,"And so you have -- I mean you yourself are the Chief Operating Officer now, I think a number of the business heads around the table are embarking on new opportunities and challenges, so when you are doing this strategic review, what are they doing as far as the base business? What is Tim Wiggan doing as far as TD Securities is concerned? Is he in a holding pattern? Or if they want to deploy capital, they are allowed to do that in advance of the strategic review being done?",Alarmed,
The Toronto-Dominion Bank,TD,NYSE,2024-12-05,Tim Wiggan,"People are always our primary concern in any business I've been involved in, and they've always been capital markets. I've continually said that you can have the best capabilities and the best platforms and the best technology, but we need people. And I believe we will have and continue to have a team of people that will allow us to execute. And frankly, when we're through this, [Technical Difficulty] Securities will be a destination of choice for professionals in the markets that we operate in.",Alarmed,
"Greif, Inc.",GEF,NYSE,2024-12-05,Unidentified Analyst,"Hi guys. Thanks for taking my questions. This is [indiscernible] on for Mike Roxland today. I guess just I apologize if I missed it earlier in the call, but does your guidance assume full implementation of the containerboard price increase?",Alarmed,
"Salesforce, Inc.",CRM,NYSE,2024-12-05,Karl Keirstead,"Maybe we'll just -- we'll press on that a little bit because it would seem that if a customer is going to justify a big investment in agents, maybe the justification can simply be the speed and accuracy of their responses to the customer and that might create enough value to justify the investments in this new technology. But the ROI to the customer is more powerful when they can actually start slowing down the pace at which they're hiring contact center agents or frankly, eliminating them. That's the big ROI. So is it not likely Bill that over the next several years as your agents and others get more powerful that we will see seat compression? And for investors worried that you might win on the Agentforce side, but don't forget, you might lose on the seat side, what would you say in response to those concerns?",Alarmed,
Duluth Holdings Inc.,DLTH,NASDAQ,2024-12-05,Dylan Carden,"Thanks. Sorry if I missed this. You mentioned 25% of the fleet comes due by '26. Do you have a sense of what falls under your new threshold as far as sort of the -- even if it's a range, the magnitude of closures from here?",Alarmed,
Bank of Montreal,BMO,NYSE,2024-12-05,Gabriel Dechaine,"Okay. And then, for Piyush, the PCL outlook, you gave us a decent, I guess, sense of what to expect, but the messaging in Q3 was that we'd have high 50s basis points or somewhere in the 60s basis points on impaired over the next few quarters and we got the high -- mid to high 60s basis points this quarter. How do you expect the impaired loss ratio to trend over the course of 2025? And, is there a point at which you'll be releasing performing provisions? I know mechanically you probably will, but if I look at your coverage ratio, I'm looking at the performing ACL, the trailing 12-month impaired, still lower than where you normally would be.",Alarmed,
Bank of Montreal,BMO,NYSE,2024-12-05,Ebrahim Poonawala,"Good morning. I guess maybe just Piyush following up on credit, so I heard your comments on PCL. Just address two more things, if you can. When we think about the formations, whatever, $2.2 billion this quarter, is that feel like based on the work you've done, we are at peak formations? Like, again, assuming there's nothing that goes wrong with the macro, should we see that $2.2 billion begin to come down starting next quarter? And also talk about how we should think about losses. When you look at the net write-offs jumped quite a bit this quarter. Just trying to get a sense of the loss content of these loans that are actually getting into impaired loans.",Alarmed,
Bank of Montreal,BMO,NYSE,2024-12-05,Lemar Persaud,"Yeah, thanks. For Piyush, I think last quarter, you suggested it felt like I think Q4 and Q1 losses could be the peak. And then, we move back towards the long-term historical average as we move through 2025. I think that number was the mid-30s. Correct me if I'm wrong on that one. I'm just trying to figure out how you're thinking about the trajectory in getting to that high 40s guidance. Does it feel like towards the end of 2025, moving back to that historical average is possible, exiting 2025?",Alarmed,
Canadian Solar Inc.,CSIQ,NASDAQ,2024-12-05,Philip Shen,"Okay, thank you. Shifting to the other topic on AI and data centers, these hyperscalers are very hungry for power. You guys have your Recurrent business. There’s a lot of uncertainty, as you highlighted in your release and remarks, in the U.S. market, and so power demand is going higher but it doesn’t seem like the hyperscalers are willing to pay a premium on power thus far. When do you think they might be willing to pay higher prices that can support economics in the development of solar in the U.S.? There’s so much uncertainty in the higher--you know, with the ITC risk, of that being compressed or going away. It won’t go away, but we think it might get compressed .What are your thoughts as to the timing as to when hyperscalers are willing to pay higher prices to offset some of this uncertainty and the potential weaker economics? Thanks.",Alarmed,
Canadian Imperial Bank of Commerce,CM,NYSE,2024-12-05,Gabriel Dechaine,"Just first one on the credit guidance, that's been reiterated. And if I'm understanding you correctly it’s that the loss rate will be higher in the start of the year and the grade down over the course of the year. It's consistent with what another bank said and in contrast with different banks. Just wondering why your outlook might be different? I know these portfolio trends and all that stuff that play a role. Is it largely because the -- that CRE office portfolio loss rate continues to decline and that's going to offset stuff over the course of the year?",Alarmed,
Signet Jewelers Limited,SIG,NYSE,2024-12-05,Mauricio Serna,"Yes, thank you. Just a quick follow-up. We wanted to understand the digital banners, like the impact on the total price, like, why is that? Because of engagement, what -- is there more promotions and just on the promotional environment, how are you thinking about that in Q3 versus the previous quarters and how are you thinking about that in Q4? Thank you.",Alarmed,
Honeywell International Inc.,HON,NASDAQ,2024-12-05,Joe Ritchie,"Helpful. I want to go back to the conversation we had earlier around some of the acquisitions, and particularly the Access Solutions deal since it was the largest one announced to date. There's some concern heading into 2025 on not Access Solutions specifically, but the commercial end markets in the U.S. At the same time, to the point you made earlier, there is a significant amount of investment that's occurring from a mega-project perspective here in the U.S., and the companies that are selling into these facilities are likely to start benefiting in 2025. So in that context, how do you think about what trends are you seeing in the business today, and then how do you think about like accretion that you could potentially see from the business in the next one to two years?",Alarmed,
"SentinelOne, Inc.",S,NYSE,2024-12-04,Gray Powell,"Oh great. Thanks for taking the questions. And yes, I'll echo Brad's comments. It's great to see the net new ARR get back into positive territory. Just in terms of seasonality, maybe I missed this, but what was it that actually drove the stronger quarter-over-quarter growth in Q3 this year that, was different than prior years? And then just like how should we think about the sustainability of - whatever that driver was?",Alarmed,
KLA Corporation,KLAC,NASDAQ,2024-12-04,Timothy Arcuri,"Great. Can we talk about gross margin. And it's sort of struggled to get much above 62% recently. So can you talk about some of the puts and takes. I think China is for not just you, but for everybody a bit higher margin. So that's a headwind coming down. That's a mix headwind. Service is a little lower gross margin for you, I believe. So that's -- maybe that coming down a little bit is a better offset for you. But when you look at the puts and takes, it seems to me probably a little challenging for you to get gross margin much above 62%. Can you just talk about sort of how you can push gross margin up?",Alarmed,
"nCino, Inc.",NCNO,NASDAQ,2024-12-04,Charles Nabhan,"Hi, guys. Thanks for getting me in. And I apologize if I missed this, but -- you had mentioned that the home-builder deal fell into 3Q. Could you quantify the impact that may have had on the quarter and specify whether -- how much is in professional services versus subscription?",Alarmed,
"Moderna, Inc.",MRNA,NASDAQ,2024-12-04,Cory Kasimov,"Okay. And I mean there's -- there are analogs you look in the past, where vaccines that are now very large struggled initially until ACIP issued guidelines and they're kind of broad treatment recommendations for them. Would you expect that to be the same for CMV?",Alarmed,
Intuit Inc.,INTU,NASDAQ,2024-12-04,Michael Turrin,"Yes. That all makes sense. Just before we get into some of the specific drivers, the long-term targets acknowledging the earnings growth of Intuit remains as consistent as ever. The mix shift of revenue growth has changed a little bit. And within that, the consumer targets have come down a touch, the Credit Karma targets have just been kind of -- they've evolved, right, as that business has evolved and cyclicality has certainly played a part in that. Just help us understand what goes into that planning cycle, that decision to kind of tweak those long-term ranges, what the considerations are and what gives you confidence in the 6% to 10%, the 10% to 15% on a go-forward basis?",Alarmed,
"Ooma, Inc.",OOMA,NYSE,2024-12-04,Brian Kinstlinger,"But 100,000 lines equates. If they all converted, there's no loss of lines. For example, 100,000 lines on a rough basis adds what kind of revenue?",Alarmed,
"American Eagle Outfitters, Inc.",AEO,NYSE,2024-12-04,Janet Kloppenburg,"I wanted to just, Jen, learn a little bit more about the choppiness. Did any of that beyond weather, which I heard loud and clear, could any of that have to do with perhaps inventory and balances like I saw a lot of the colors sell down in the stores? And I thought maybe you could have had more of that like the colorful sweaters and that kind of stuff. And I wanted to understand more about November, Mike. I think you said that November was weak, maybe until Thanksgiving and then it picked up. And I think that's what you said. Maybe you could clarify and if you've had some choppiness then? And does the great SG&A performance of the third quarter, does that steal from the fourth quarter on SG&A? Thank you very much.",Alarmed,
"American Eagle Outfitters, Inc.",AEO,NYSE,2024-12-04,Dan Stroller,"Hi. Good evening. This is Dan on for Simeon. Thanks for taking our question. Curious what your general lead times are now? And maybe how much has been left open to buy for holiday versus prior years? And I'm sorry if I missed it, but how are you planning to end the year with inventory? Thank you.",Alarmed,
"American Eagle Outfitters, Inc.",AEO,NYSE,2024-12-04,Marni Shapiro,"That's great. And then, Jen, if we could -- it sounds like almost a tale of two businesses right now. When things are good, they're really good. I was in your stores all Black Friday. You know I sent you pictures. Your bags were literally everywhere. They were gremlins through the mall. So is the choppiness, to me, you had a lot of sweaters leaving the store. You had a lot of warm weather. To Janet's point, your fashion when it came in sold very, very quickly. How much of this can you really attribute just to lack of weather-driven demand? And if that really is the case, I guess, why would you be so concerned about January? I mean it's possible we have a really warm January, but it feels inconsistent because you're getting really good reception to all the products you're putting in the store? So I'm trying to marry those two things.",Alarmed,
Verint Systems Inc.,VRNT,NASDAQ,2024-12-04,Joshua Reilly,"Yes. If you look at customers renewing here, are you seeing any change in seat counts and what the customers are actually buying in terms of the net spend actually being higher as a result of everybody's concerns about what's going on with contact center seats in the market?",Alarmed,
"Five Below, Inc.",FIVE,NASDAQ,2024-12-04,Jeremy Hamblin,"Thanks. Congrats to Winnie and congrats to the whole team on the improved results. I wanted to come back to just understanding when you look at Q4, you're off to a solid start, with the Black Friday, period. But what do you think maybe you missed out on? If you could have had a do-over on where your product assortment was, what do you think the missed opportunity is in Q4, whether that's licensing opportunities with kind of some exciting things like Moana, Wicked, et cetera? But what do you feel like you would have leaned into a bit more that could have drove business better? And then just as a reminder, can you outline for us, Ken or Kristy, what the compressed season impact was in 2019? I think I recall is like several hundred basis points to comp.",Alarmed,
"Five Below, Inc.",FIVE,NASDAQ,2024-12-04,Scot Ciccarelli,"Good afternoon, guys. So, you guys have pointed to excessive weakness with your lower-income consumers, as the primary sales headwind. I know you've had your hands full, but do you have a feel for what customer cohorts drove the sequential improvements in traffic? Was it concentrated with lower income consumers? Or was it kind of across the board?",Alarmed,
Seagate Technology Holdings plc,STX,NASDAQ,2024-12-04,Aaron Rakers,"That's -- so it's read its heads and wafer stuff. Okay. So moving past that, and maybe somewhat tied to it, but this characterization of demand durability, visibility in terms of nearline, persistent questions always like, well, how is this different, right? Like do you really have good line of sight in terms of these drives that are obviously recovering from a demand perspective over the last couple of quarters are getting deployed. And are we not concerned at all that there could be an inventory build that you have another correction in front of us, just talk about that.",Alarmed,
"Gilead Sciences, Inc.",GILD,NASDAQ,2024-12-04,Umer Raffat,"Islatravir. I'm curious how you guys think about that 1 pill once a month, any risks with that or not? My personal concern is CD4 accounts with that, but I'm just curious...",Alarmed,
"Gilead Sciences, Inc.",GILD,NASDAQ,2024-12-04,Umer Raffat,"Got it. Let's transition to oncology business. A couple of things there. I think the first one is -- maybe just to -- for folks that may have missed it. There's always like market speculation that comes up from a BD perspective as well. But I think one of the comments you made at the start, which I think you guys have been pretty consistent on is the scope of BD is limited to small to midsized transactions, and that's kind of the direction you guys are going?",Alarmed,
Amgen Inc.,AMGN,NASDAQ,2024-12-04,Umer Raffat,"Outstanding. Well, there are so many directions to go down, but let me just start by saying anyone who wants to ask the question from the audience, just let me know and I'll make sure -- we arrange for that. But I guess we should start with MariTide even though I actually had a lot of like structural question from a broader Amgen perspective heading into Prolia XGEVA next year as well. But I want to come back to that. But let me -- since everyone is so focused on MariTide right now. Question number one for me. We can talk about the 20% and the weight loss seen. The curve did not plateau to your point, so it keeps going. However, patients are transitioning to Part 2, and I was just thinking about -- so we technically never get a read beyond that 20%, but then I was also thinking some of the patients will be rerouted to the same arm as well. So can we get a read at least in a small subset of the patients that they got to 20% and did that curve continue from there?",Alarmed,
Amgen Inc.,AMGN,NASDAQ,2024-12-04,Umer Raffat,"Okay. But in that 280 mg, looking like the best dose and the obesity course, and again, that was different than the diabetes. So 280 mg gets you to 20% weight loss. But upon rerandomization in Part 2, 280 drops down to 70 mg, meaning it does not move over to 420 mg. So I guess in that cohort that was tracking at 20% peak weight loss. Do we truly get to see how much that will deepen because we technically won't, right? Because they get to a lower dose in Part 2.",Alarmed,
Amgen Inc.,AMGN,NASDAQ,2024-12-04,Umer Raffat,"Got it. So 420 mg to 420 mg transition, that's where you want to go above 20%. When can we get that data at the earliest? Just to understand the max weight loss, Justin, is that something that could come by summer next year? Is that going to happen after Phase 3 is already underway?",Alarmed,
Amgen Inc.,AMGN,NASDAQ,2024-12-04,Umer Raffat,"I'll tell you the direction I was going with is, traditionally, a lot of the trials, which show the weight loss, the max weight loss potential of any drug, they're up to 75% females. Your obesity cohort was 67% female. Your diabetes was actually in the low 40s, meaning that diabetes then technically show where the weight loss could truly go because there were lesser females. And the direction I was going was, is there a male to female imbalance between these arms, which makes them look a little all over the place where you have lesser females in one arm, so the arm looks a little lesser on weight loss and more females than another arm, so it looks deeper. Do we know that off top by any chance?",Alarmed,
Amgen Inc.,AMGN,NASDAQ,2024-12-04,Umer Raffat,"No, clearly, clearly, clearly. Okay. Great. Any questions from the audience so far just before we move on? Heart rate changes perhaps, I know you guys mentioned they were in line with the incretin class. One of the big themes that stood out at EASD, where I missed you. Was one-off going to very, very high levels. Was there any instances of someone going to 15 to 20 beats per minute, anything along those lines?",Alarmed,
Hormel Foods Corporation,HRL,NYSE,2024-12-04,Peter Galbo,"Okay. Okay. Thank you for that clarification. And then if I can just on turkey, I get the -- I think it's $0.025 headwind in the first quarter. I think there was a mention on some benefit from lower grain prices that you're expecting. So is -- maybe I have this wrong, but is the expectation in '25 that turkey on the full year basically ends up being a neutral, again, offsetting the first quarter weakness against kind of a grain benefit? Do we have that correct?",Alarmed,
Royal Bank of Canada,RY,NYSE,2024-12-04,John Aiken,"Good morning. Graeme, I understand your commentary on the macro and completely on side with that, but one of the things that's standing out this quarter is the ongoing uptick in terms of residential mortgage impairments. I was hoping we could get underneath the hood on that a little bit, particularly with when we take a look at what's been going on in terms of the mortgage. The past due has seen a steady incline over the last couple of quarters where we've seen a bit of a more mixed approach with some of the other consumer lending products. Can you give us a sense in terms of what you're seeing in terms of residential mortgage market? What's causing the increase in impairments? And hopefully, some sort of outlook in terms of what you expect for 2025 on residential mortgage in terms of credit quality?",Alarmed,
"Foot Locker, Inc.",FL,NYSE,2024-12-04,Tom Nikic,"Thanks very much for taking my question. Mary, can you speak to the balance between sales and margin in the quarter? You were able to improve both comps and gross margin, but just not to the degree that you expected. Can you kind of rationalize and contextualize the performance in the quarter and kind of drill down a little bit more into what fell short of expectations?",Alarmed,
"Foot Locker, Inc.",FL,NYSE,2024-12-04,Janine Stichter,"Hi, thanks for taking my question. I was hoping you could elaborate a bit more on Champs and WSS. Those have been two underperforming divisions and we saw them start to turn a corner. So just a bit about what's working there, maybe different from the other banners. And then within that, I'd be interested in any demographic trends that you're seeing. I know WSS in particular has higher-lower income consumer exposure. Just curious what you're seeing among income cohorts. Thank you.",Alarmed,
Alcoa Corporation,AA,NYSE,2024-12-04,Jon Tower,"And let's touch on, I guess, sticking with more regulations. How is the regulatory environment in Washington at the moment? Has it softened at all, with some lithium shutdowns? Are there -- are they concerned about competitiveness of processing facilities?",Alarmed,
Stellantis N.V.,STLA,NYSE,2024-12-04,Unidentified Participant,"I think one area which investors have been very focused on is the loss of market share in North America, and you kind of answered it, with respect to the Cherokee, for example, and certain white spaces where you just don't have the product today. Is that the principal driver of why you have seen so much market share loss over the course of the last 12 to 24 months, or has there also been an element of maybe your pricing has been too ambitious?",Alarmed,
McKesson Corporation,MCK,NYSE,2024-12-04,Elizabeth Anderson,"Okay. No, that makes sense. Maybe turning to your international business, which is largely Canada. That has a higher AOI longer term growth rate than the U.S, in terms of how you guys have laid that out. Like, what drives that differential in terms of that growth rate? I know you have a slightly different strategy there than you've been tweaking over the last year or so. But, can you maybe dig into that a little bit more and help us understand those drivers?",Alarmed,
The Campbell's Company,CPB,NASDAQ,2024-12-04,Robert Moskow,"One question on Snacks. The margins were around 13.5% in the quarter. That's quite a bit lower than what I had expected. And I think what Campbell expected too. And I just wanted to know, with this environment for pricing being under pressure and cost you seem to have some supply chain inflation that's a little bit higher than what I would have thought. Can you still hit your margin target for this year? I think there was like a 50 basis point expectation for margin expansion. And maybe just longer-term, I think we are all kind of concerned that the salty snacks category took prices too high during the pandemic and that there is a value correction -- value equation correction that needs to be established going forward. So how does that inform the 17% margin goal longer-term? Thanks.",Alarmed,
LyondellBasell Industries N.V.,LYB,NYSE,2024-12-04,Duffy Fischer,"And then just the last one to put this to that relative to what your expectations were before, the chunks of the business that weakened the most -- I mean, obviously called out polyethylene, you didn't expect a $0.03 in October. But when you go through your other big businesses, PO, Oxys.",Alarmed,
Zoetis Inc.,ZTS,NYSE,2024-12-04,David Westenberg,"Got you. Let's move on to Librela. It was flat sequentially in the U.S. and your numbers in Q3 were really strong. So, the stock took a step back there. Now, in terms of concerns on Librela flat sequentially, can you give us maybe some other examples, including Librela ex U.S., where you maybe didn't see flat sequential -- or where you didn't see some type of flat sequential growth? I mean you've been in the international markets for years now. What's the seasonality look like in Librela?",Alarmed,
Zoetis Inc.,ZTS,NYSE,2024-12-04,David Westenberg,"And then -- yeah, no one want to hear me talk. Just in terms of concerns on the label change, I mean, do you have a time estimate when a label change might occur? And is there any concern here? I know there were neurological lens label on the isoxazoline class, but you still see a major shift to isoxazolines. Any impact from any kind of label change?",Alarmed,
"Editas Medicine, Inc.",EDIT,NASDAQ,2024-12-03,Q - Liisa Bayko,"Great, that was really interesting that you announced an intention to partner a program. It's a little bit of an unusual strategy, often people just partner. Why did you make that decision to announce that?",Alarmed,
"Okta, Inc.",OKTA,NASDAQ,2024-12-03,Madeline Brooks,"Yes. And then so for my follow-up, I guess, if I look at the identity market, both Workforce and SIEM, both growing faster than that 5%. I mean kind if we analyze performance here, is there anything that Okta can do better to try and just reinvigorate the growth in those core markets where the market is growing faster and that 5% growth rate would suggest just some share loss there and any thoughts there? Thank you.",Alarmed,
"Okta, Inc.",OKTA,NASDAQ,2024-12-03,Rob Owens,"Great. Thanks Dave and good afternoon. Todd, I want to build on some of the comments that you made earlier and appreciate kind of the overview of where we are in terms of identity. And I think Brett said, we should be doing better from a new customer perspective. And frankly, I would agree. So where is the market just in terms of being dynamic around customers wanting to switch at this point? We continue to hear identities broken is the reason that most of these breaches occur in the first place. So why isn't that more dynamic? And you've put this hunter-farmer model in nine months ago, and I realize these things take time, but I would expect that [150] (ph) kind of quarter-over-quarter number to start to improve here. So where is the governing factor in that, especially relative to I think your broader comments of where identity is right now?",Alarmed,
RH,RH,NYSE,2024-12-12,Steven Zaccone,"All right. Good afternoon. Thanks for taking my question. Congrats on the accelerating momentum. I was curious, Gary, if you could just help us understand the drivers of really the acceleration in the business. What's really changed with the product? How do you feel about your competitive positioning? Why do you think you're outperforming the industry by such a wide margin? And then if the industry comes back stronger in '25, do you think you're well positioned to scale and fulfill that higher demand?",Confident,
"Build-A-Bear Workshop, Inc.",BBW,NYSE,2024-12-06,Steve Silver,"Thanks, operator. And thanks for taking my questions, and congratulations on the strong quarter. My question first is around the continued strength in traffic. I think it's very impressive how Build-A-Bear continues to outpace the national retail traffic trends out there. And I think on past calls, you've mentioned the leverage that the company could have when it comes time for lease renegotiations given that strength. I'm curious as to whether -- over the next couple of years, whether there's a certain number of stores that might become eligible for lease renewals and if this continued outperformance does provide the company any leverage in those regards?",Confident,
"Chewy, Inc.",CHWY,NYSE,2024-12-04,Nathan Feather,"Thanks for the question, and congrats on the strong results. Really encouraging to see the continued momentum. Active customer growth continues to accelerate. Can you double click on what you're seeing in overall pet ownership trends and how we should think about the relative contribution to customer growth as compared to some of the idiosyncratic initiatives you've been working on? And then given the expectation for customer growth to improve further in 2025, how should we think about the key puts and takes you're considering for growth in the year? Thank you.",Confident,
Potbelly Corporation,PBPB,NASDAQ,2024-11-09,Todd Brooks,"Congrats on a nice quarter in a really choppy macro environment. So well done. If I could jump off -- just kind of looking at the fourth quarter same-store sales guidance, the down 50 basis points to down 250 basis points, can you characterize the momentum that we saw kind of end of Q3 which has continued or maybe accelerated a little bit into Q4? Just trying to qualitatively get a sense that, are we coming in towards the higher end of that and that guidance is basically giving us a cushion if the consumer slows as we get towards the holidays and things may get a little choppier with them? Or is there any way to kind of characterize what drives the tail outcomes within the guidance?",Confident,
"Phreesia, Inc.",PHR,NYSE,2024-12-09,Jailendra Singh,"Congratulations on a strong quarter and color, and a very impressive margin guide for fiscal '26. Obviously, profitability and free cash flow are extremely important, we love that. But I'm just curious, how did you go about balancing between the goal of more than doubling your EBITDA margin in fiscal '26 and reinvesting some of the profitability back into the business to push top line growth higher?",Confident,
Victoria's Secret & Co.,VSCO,NYSE,2024-12-06,Alex Straton,"Okay. Thank you so much. Congrats on a great quarter. I wanted to focus on the digital business. It seems like that had some real standout momentum. So curious what you attribute that to and what that percentage of the business can be over time? And then one quick secondary question is just on the recent momentum. Is that driven by like a new customer or existing customer, a combination of both? I'd love some thoughts on that as well. Thanks a lot.",Confident,
"Dropbox, Inc.",DBX,NASDAQ,2024-12-03,Timothy Regan,"Yes. So maybe I'll first describe what Dash is trying to do. And so Drew does talk about Dash as being the Dropbox that he would build for today's environment. As far as solving the challenge if it used to be 100 files across your desktop. Now it's 100 browser tabs across your browser and it can be across different tools and applications. So really solving for that fragmentation of tools and content. And so what does Dash do? One of the key features is universal search. So I can have us on search box across all my tools. So I can search in one search box across Dropbox and Microsoft or Google or Notion or HubSpot A lot of the tools I use to find content that I want and need. And so certainly, that keeps me productive in my day as opposed to bugging Peter for what was that file [Technical Difficulty] my team as much as I had done in the past. So that's the, call it, the kernel functionality that Dash offers. Answers is another piece of functionality. So for example, I was looking at our second quarter Board deck which is 180-page PDF file. And I just wanted some quick answers as I was preparing for the conference and I said, hey, what did we do well in second quarter and it gave me a nice 10 bullet summary. And what did we do poorly? What do we need to work on? And that's another 10 bullet summary and it did a really nice job of synthesizing 180-page PDF doc. I could also say, all right, write me an e-mail that I could send to my team about this board deck, and it can do that. So it's almost a personalized ChatGPT centered around your content and your company's content. That's another key feature that it has. Stacks is another feature where I can aggregate both files and URLs because it's not just filed anymore, it's cloud content. So around each earnings cycle, I create an aggregated stack around my Q2 or Q3 or Q4 earnings includes my word docs, my excel docs, my PDFs, my Google slides, and I can share that with my team. So we stay -- it keeps our team organized around a particular project or event. And then one of the more interesting and aha features that we're offering to customers, particularly for IT decision makers, because security is very important with IT tools and particularly for IT decision makers that's what they're very focused on. So we've introduced this protect and control functionality. It effectively is a dashboard that allows an IT decision maker to see what content has been shared internally and externally and to manage that content more central from a more centralized basis. Whereas in the past, if somebody wanted to know, hey, how is a piece of content share, they have to search in e-mails or find different docs and really go through a laborious process. Now they can do this essentially with Dash. And through this protect and control feature. So appealing to IT decision makers has been very important. I'll get to your question on momentum now. We've been using Dash internally for several months now and Dropbox employees are tough customers. If we don't like something, we won't use it even if it's our own product. And so we've been using it. It's getting strong daily active use getting strong weekly, monthly active use. So that's very encouraging. I use it literally every day. So I'm excited about it. And so we launched this in mid-October, strong early reaction from customers. We've landed our first set of paying users. They're getting onboarded from a market potential perspective, IDC has described it as $8 billion TAM tripling over the next four years. So strong market potential as well, so much execution in front of us, so much we need to do to drive this through to our customer base. And so -- and again, relative to a $2.5 billion ARR base, it's going to take a while for it to move the needle. But we're very optimistic about the long-term potential here and excited to see what we can do with it.",Confident,
Credo Technology Group Holding Ltd,CRDO,NASDAQ,2024-12-02,Joshua Buchalter,"Hi guys, congrats on the results and thank you for taking my question. I was hoping you could maybe spend a minute or two talking about your go-to-market and competitive position, specifically on optical DSPs. I mean - you cited some pretty impressive power stats on your 3-nanometer optical DSP and also mentioned that 50 and 100 gig per lane was hit record numbers. Should we be thinking about the 200-gig product serving as sort of a step function change and how you feel about your competitive position against some pretty big incumbents and 50 and 100 are proven grounds. I'd be curious to hear you talk about your - the catalyst for further inflection in the DSP market? Thank you.",Confident,
Zoom Communications Inc.,ZM,NASDAQ,2024-11-25,Arjun Bhatia,"Perfect. Thank you. And congrats on the reacceleration here. Eric, maybe if we can switch gears a little bit to Contact Center. You have that 20,000-seat deal with the Spanish revenue service, I believe, this quarter. That's a very large deal, very impressive. Can you just maybe elaborate a little bit on what were some of the major factors that drove Zoom to win a deal like that? What was the process like? How competitive was it? And what were some of the maybe differentiating factors that you saw in that, that you can maybe replicate in other contact center deals?",Confident,
Zoom Communications Inc.,ZM,NASDAQ,2024-11-25,Allan Verkhovski,"Hi guys. Thanks for taking the questions here. And I'll echo the congrats on a strong quarter. Michelle, it looks like the deferred revenue growth in the quarter came in right as you guys were expecting, which is a slight change of pace from the beats we've seen there. There are a number of large deals you highlighted in the quarter, like the Contact Center deal with over 20,000 seats. Can you just walk us through the puts and takes there in the quarter? And perhaps give us a refresh about the level of conservatism you're embedding in your Q4 guide of deferred revenue growth being 5% to 6%?",Confident,
Atour Lifestyle Holdings Limited,ATAT,NASDAQ,2024-11-22,Sijie Lin,"So congrats for another strong quarter. My question is, since this year we have achieved rapid hotel opening, will we maintain the 400 hotel opening guidance or adjust again? And the new signings are also strong, but considering the RevPAR decline led by high base and supply growth, will there be any changes in new signing momentum going forward? Thank you.",Confident,
"Ross Stores, Inc.",ROST,NASDAQ,2024-11-21,Michael Binetti,"Hey, guys. Congrats on a nice quarter. This is a really big beat – margin beat for one comp guys. Is there any near-term change in the leverage point we should think about? Or could you help us contextualize what you think this – in this quarter would not repeat in the theoretical, if we saw one comp again. And then on the branded goods strategy, maybe you could just help us understand if the underlying merch margin decelerate or accelerate versus 2Q? If we exclude the shrink true-up, are we past the peak of the branded goods pressure, or what – maybe what would cause it to accelerate or continue to moderate?",Confident,
Warner Music Group Corp.,WMG,NASDAQ,2024-11-21,Kutgun Maral,"Good morning. Thanks for taking the question. Just at a high level one on the broader music industry. Looking at the labels specifically, the industry construct remains very attractive. There's healthy competition for sure, but the big three still drive roughly two-thirds of global Recorded Music revenue and our must-haves for any platform. And structurally, you continue to see improvements with DSP price increases and the shift to artist-centric royalty models. So a very healthy and encouraging backdrop. On the other hand, I think as investors have looked at the other parts of the ecosystem, a lot of value has instead accrued to the DSPs and even certain live entertainment companies in part because of a view that they are at the forefront of capturing a greater share of wallet from consumers and monetizing the growing power of music. I'm not saying that those companies are undeserving of Wall Street's optimism, but it seems like the perceived potential for the labels has lagged despite their crucial role in everything. So I don't know if it's changing the dynamics with the DSPs and ad-supported tiers or a reimagined approach to super fans. But can you share your views on what the biggest opportunities for WMG are over the next few years to better participate in what seems to be a very robust growth profile for the overall music industry? Thanks.",Confident,
"The Gap, Inc.",GAP,NYSE,2024-11-21,Mark Altschwager,"Great. Thanks for taking my question. First, Richard, where is each brand's real estate footprint today versus the longer-term opportunity? And any plans to accelerate store refreshes moving forward as you reinvigorate the customer experience. And then Katrina just on gross margin a quick follow-up there. I guess, one, did you see ongoing AUC tailwinds in the quarter or was that fully played out in the first half of the year. And then just overall on gross margin, it's been a nice consistent source of upside this year, suggesting some pretty conservative planning there. How are you thinking about the range of outcomes over holiday on the promotional front? And was there any -- did you approach the guide any differently in Q4 versus what you've done year-to-date just given the compressed shopping window and perhaps greater uncertainties there? Thank you.",Confident,
"Keysight Technologies, Inc.",KEYS,NYSE,2024-11-19,Adam Thalhimer,"Hey, good afternoon, guys. Congrats on the beat. And Mark, congratulations on your retirement.",Confident,
Bristol-Myers Squibb Company,BMY,NYSE,2024-11-19,David Elkins,"Yes. It really comes down to what we're going to be judged upon is not what we say we're going to do, but what have we actually done? And that's what we're focused on. That's say-to-do ratio of, if we say we're going to do it, let's do it. And I think the last 2 quarters, you guys have probably hopefully have seen that, that's what we're really focused on. It's really executing in the near term both on the growth portfolio, but as well as executing on the pipeline. And I think we've had a tremendous track record of success of getting Phase III products approved, based upon that. And we had a lot of Phase III programs, as I said, they're going to be reading out, which I can go through both this year as well as next year and into '26. So there's a lot of derisking events that are really coming for the company in the next 18 to 24 months. So we're focused on making sure that they go well. Some of those programs feel really good about that actually some of the enrollments are accelerating. So we'll see how that plays out here. But to your point on any kind of trough guidance, it's us performing with the growth portfolio, and that continues to deliver quarter-on-quarter. We had 2 really strong quarters, but we've got to continue to deliver throughout 2025, I think all of you are going to be looking to us, what do we deliver with Cobenfy and how that, that does in its first year. We're very much focused on that launch as well, which will go into the growth portfolio. And then I think the data readouts are all going to be derisking events and you guys model our portfolio and the pipeline is saying, we do you risk adjust that until you get the data readouts. But we got a lot of data readouts. Like just this year, you saw we had ACR this weekend. We had -- even though it's very early, but CD19 in immunosuppressive diseases, this is an opportunity to really reset these like lupus diseases where your patients are having organ failure. And we talk a bit about that, but we have cirrhotic arthritis for Sutyktu coming out this year. We got the approval of Opdivo subcutaneous happening in December. And as we think about next year, we've got important indications that we'll get nonobstructive HCM for Camzyos. We also have the approval of first-line myelofibrosis for Reblozyl, which was an important continued growth driver for Reblozyl. And then I've even talked about Iver and mezigdomide, which are the price degradations that are in multiple myeloma that could be the next follow-on Revlimid and [indiscernible] products, that with those Phase III readouts coming in '26 as well. So -- and the last thing I'll say 1 more because we do have a lot of good programs coming, LPA1 in pulmonary fibrosis. So we can talk about that as well, but we have IPF and PPF, but the first of those Phase III programs is in '26. So with the entire growth portfolio and then you take those additional 6 products, plus these additional indications, you're really going to see, by the time you're in that 2016 time period, what the longer-term growth profile of the company is.",Confident,
"ProPhase Labs, Inc.",PRPH,NASDAQ,2024-11-15,Ted Karkus,"Great question. And I apologize, I got to give a shout out to Hunter Diamond. He's an analyst that actually follows our company, does a great job writing up research reports. It wouldn't surprise me after this that he'll write up a research report. I don't know that he will or he won't, but it wouldn't surprise me. Anyway, Diamond Equity Research, Hunter Diamond, thank you for your question. I didn't really even talk about that on this call today, except very, very briefly. And this could be a very big deal. And it's just -- it's kind of premature and I don't like to mislead anybody and I don't -- with Pharmaloz, it's a done deal that we're putting it up for sale and that we're aggressively along. So not that we're guaranteed to sell it, but I can tell you definitively, it's up for sale. And so it's appropriate for me to say it's up for sale. These are the numbers and these are my expectations. With the BE-Smart Esophageal Cancer Test, we go in 1 of 2 directions. We either commercialize it ourselves, partner it after we commercialize or we partner now. Now from my way of thinking, we're far along in the development stage of this. This is when large multi-billion-dollar companies want to partner just before commercialization. The reason I like the idea of partnering is because these large companies already have this massive infrastructure in place. They have the sales force. They're already going into the GI's offices, the physicians' networks. They have the relationships with the insurance payers, with the key opinion leaders, et cetera, et cetera, et cetera. Very easy for them to commercialize our test. At the same time, I know that there are multiple colon cancer diagnostic testing companies that are dying to get into the esophageal cancer space. It is a perfect fit. You all know with the colonoscopy, how that's performed. Well, that goes up one way. In the endoscopy, they go down your throat, it's going down the other way. They want to get you coming and going, not my joke. But seriously, these companies want an esophageal cancer test and we got the proprietary IP that they need. So the question is, if our market is a potential $7 billion to $14 billion market, one of these large companies could potentially 3 years from now, they could build our test. We commercialize it in roughly a year. 2 years out, it could be doing easily hundreds of millions of dollars in revenues on its way to $1 billion in revenues. Just imagine, I don't know what our royalty would be. Hypothetically, there are some industry standards in there, like a $25 million or $50 million upfront, a milestone when you actually commercialize. And then it could be a 7% royalty. 7% royalty on $1 billion is $70 million a year. I'm not going to say that we're going to get $70 million a year for esophageal cancer test in royalties. By the same token, if instead of $1 billion test, it's only $100 million -- we can do a $100 million test by ourselves, by the way. I don't think we need a large company. I think we'll get to $100 million a year by ourselves. But let's suppose we partner it. When they first get to $100 million in revenues, you know it's going to grow to $200 million and $500 million. But even at $100 million, it's a $7 million a year of free earnings cash flow for our company. That alone would make our company worth 5x its current value or 10x or whatever it is. So the idea of partnering, it just speeds up and accelerates the valuation of the test and at the same time gives it more upside because the risk reward partnering with a large company probably significantly reduces the risk and still gives you a lot of upside, maybe not as much as on our own. But I think that if we partner, they'll make it a much bigger test than we will by ourselves. And then the truth of the matter is if we did it by ourselves, ultimately in a couple of years, we'd probably sell it anyway. So Hunter Diamond specifically asked though who we're talking to. I will just tell you they are multi-billion-dollar cancer diagnostic testing companies. And it's somewhat preliminary, but my guess is preliminary could accelerate very, very quickly. There could be a competition for it. Again, I don't want to jump the gun and I don't want to say that we're going to do this. I am very confident in selling PMI because the revenues and numbers are there right now and I know that there's a long list of potential buyers. With our esophageal cancer test, let's see how the next month goes with discussions. Hopefully, I'll have something really positive to say about it and we'll see over the course of the next 2, 4, 6 weeks. Anecdotally, I'll tell you that our consultants at FHC sent me some cryptic note like yesterday. And I said, what do you mean? What do you mean? And he just kind of repeated with a smile. I know he's making progress and I'll see what that means. So we have real -- the bottom-line is we have real potential there and I'm excited about it. Thank you for all the questions. I'm sorry, we ran out of time on the questions. Noella, you're supposed to ask me for closing remarks. I'm sorry, I'm doing your job right now. Go ahead. You go.",Confident,
Hudbay Minerals Inc.,HBM,NYSE,2024-11-13,Dalton Baretto,"Congratulations on a great quarter. A couple of questions from me on Copper World, just given the incoming Trump administration. And I guess, first, I want to ask, do you think that you can accelerate any of the permitting process for Phase 2 over the next couple of years or the next four years, I guess?",Confident,
Suncor Energy Inc.,SU,NYSE,2024-11-13,Doug Leggate,"Thank you. Thank you everyone. Appreciate you taking my questions. Rich, nothing short of impressive delivery as you – as everyone has a pained this morning, but I've got two questions I was hoping you could clarify. So one is we've obviously – weather is always a factor when you look at utilization rates and your things seem to be a bit of a tailwind this year. So I'm trying to understand what inning do you think you're actually in on a normalized basis on execution. And I guess it's another way of asking, how much of the $10 do you think you've actually achieved? And at what point will you give us the upside case?",Confident,
"Ambac Financial Group, Inc.",AMBC,NYSE,2024-11-13,Dennis Chua,"Hey guys, congrats on the great quarter. Congrats on the close on Beat and seems like there's just one more hurdle for the sale of AEC. I had two questions. So one was on the buyback, the decision on pulling forward that buyback and starting it immediately. Obviously, we think that was a good decision. But what changed in the last couple of months such that the board decided to do it now? And then the second question I had was on Everspan, notice that the year-to-date gross written premiums and program fees are really tracking ahead towards your previous guide of I think it was like $375 million to $400 million of gross rent premiums for the year, $12 million program fees for the year. Would you say that we're tracking ahead of that or is Q4 just seasonally a little bit weaker and are we on track for that mid-teen ROE in the near to midterm? Thank you.",Confident,
Ceragon Networks Ltd.,CRNT,NASDAQ,2024-11-13,Scott Searle,"Hi, good morning. Good afternoon. Thanks for taking my questions. Doron, Ronen, congrats on the quarter. Nice job. Hi, maybe to just start off on India, a record quarter. Doron, I'm wondering if you could talk a little bit about how the outlook is shaping up for India, as you look into the fourth quarter. And I know it's a little bit early, but your maybe initial thoughts on 2025, in terms of the sustainability of that kind of strength, particularly it sounds like you've got that, that third major customer start to ramp up?",Confident,
On Holding AG,ONON,NYSE,2024-11-12,Janine Stichter,"Congratulations. Just a follow-up on margins. With the gross margins, you're tracking ahead of where we thought you would be. It seems like there's more momentum with the D2C business. It sounds like you'll have maybe some airfreight tailwinds going into next year. Just help us think about how we should be modeling medium-term gross margins. Is there anything else that would offset some of the tailwinds that we would see from channel mix, less air freight, it sounds like you have some price increases. Anything else you should be thinking of there just as we forecast out the gross margin?",Confident,
On Holding AG,ONON,NYSE,2024-11-12,Rick Patel,"Congrats on the strong execution. I'm hoping to double click on apparel. You touched on the growth rate being somewhat constrained. Is there anything besides the DC that could have been a drag. And then just bigger picture, do you feel the assortment is in a good place in terms of the fit and style that you can hit the accelerator in terms of the growth? And if so, how do we think about the channel strategy going forward?",Confident,
AstraZeneca PLC,AZN,NASDAQ,2024-11-12,Emmanuel Papadakis,"Thank you for taking the question. Perhaps a quick follow up on AVANZAR, if I may, just to clarify, is all commerce still the intent for the primary analysis? And do you have agency alignment on that? And then maybe a question on the outlook for the respiratory franchise, very strong quarter for Symbicort and Breztri. Maybe you could talk a little bit about the sustainability of the former Symbicort. Can that continue to be a source of growth in 2025 and indeed beyond? And then Breztri, what about the potential to accelerate that in 2025, given apparently the IRA tailwind, but more importantly, the asthma readouts you have coming in the first half of the year? Thank you.",Confident,
"Tyson Foods, Inc.",TSN,NYSE,2024-11-12,Wes Morris,"Yes, I'd love to. Ben, thank you for the question. And let me give you a little background so that it'll clear up a little bit. And I'd like to answer specifically your question around '25. And so, we executed our strategy in '24. It was a great team effort as we drove over a $0.5 billion in operational improvement across live plants and then matching up our supply and demand. And so, we delivered our strongest Q4 in history. But here's the part that most people don't know. While we were working on the cost side, we were also resetting the stage for the revenue side and winning with consumers. And so, Donnie mentioned our number one shared retail value added. We did a complete do-over in which we upgraded our quality to the point that our testing exceeded consumer expectations. Not I like it, but it exceeds my expectations. We've got a big innovation pipeline, both experimental and better for you. And experimental is form and flavor, what I call where food meets fun. And then the better for you is capitalizing on the protein content. We upgraded our packaging and it's based on basically decision trees of shopper's shop, brand, and then form and flavor. Donnie referenced our new advertising campaign. And what's exciting about that is that campaign resonates with our core shopper. Just as importantly, it resonates with the younger shopper, creating sustainability of demand over time. And so, we do have a stronger business and an impressive leadership team. We're well positioned into '25 and beyond to have a successful, sustainable business. And let me make one more comment about commercial, because that's something we've not talked about on the calls and a big step change going into '25. Our speed and improvement and go-to-market has been greatly increased. And so, business growth and R&D are a highly functioning team to not only understand them by consumer needs, but to create products and get them to commerce quickly. We've got the strongest pipeline of new products that I've seen in my career across any segment. And so, with that, let me transition to your question around 2025 outlook and how good is the number. And let me start with, hey, last year, my team surprised me with the speed and intensity of the improvement, right? So, yes, we did say 700, and we continued to perform faster and better than I anticipated. We think we've got good balance, good analytics, and good insight into what 2025 looks like. I'm very encouraged by 2025 as we've got a good team, we've got better fundamentals. Overarching markets appear stable. We've got a plan, performance improvement plan more than offsetting inflation. Then we'll spend around $100 million driving that mixed change of value added. And while our volume looks a little soft, last year, our fully cooked mix was up 5%. So, we've already started that mix adjustment to improve profitability. And so, all-in-all, we got a better cost structure, we got strong value added go-to-market hitting with a lot of intensity in 2025. And so, our guidance based on current market outlook, understanding we're more insulated than most companies, I feel good about. Now, we also think we're realistic about the macroeconomic impact of total demand, what's the industry supply potential, any impact to exports, ongoing weather patterns, which seem to be more frequent, and feed costs and global feedstocks. And so, we feel very good that based on what we know, our guidance is more accurate than any time in the past.",Confident,
Shopify Inc.,SHOP,NASDAQ,2024-11-12,D.J. Hynes,"Hey, good morning, guys. Congrats on the great quarter. Harley, can you talk about what you focused on from a product perspective to drive further B2B adoption, especially in the enterprise? I mean, you're obviously seeing nice momentum there, but is there any additional unlocks that you're focused on?",Confident,
Yalla Group Limited,YALA,NYSE,2024-11-12,Chenghao Li,"Hi management. Thanks for taking my question and congratulations on a robust quarter. My question is about our game business regarding casual game products, we mentioned that Yalla Ludo and the 101 Okey Yalla both achieving new quarterly revenue records. Could management elaborate more on drivers of growth on these two products? Thank you.",Confident,
Grab Holdings Limited,GRAB,NASDAQ,2024-11-11,Jiong Shao,"Thank you very much. Congrats on the very strong results. Two questions as well. Firstly, I would love to learn a bit more about your fintech business. I know you started with Digital Banking Singapore lending out loans to make money. And now all three digit banks are offering credit products now. Could you sort of elaborate a bit on the borrowers profile? Like who borrow from you? What kind of the typical terms and expand a bit, please, on the acceleration in growth rate from this business next year, I believe you highlighted that before, it's probably one of the most important drivers for revenue reacceleration. And so my second question is on the delivery margins, it's great to see you have made a lot of progress, I think, 50 basis points increase sequentially, if I'm not mistaken, to 1.8%, but that's still quite a bit below of 4% with – could you elaborate a bit on what kind of growth trajectory for your advertising business maybe? You noted earlier about in-store monetization, again, as some of us know that Chinese peer is doing a great job there in China. Could you talk about how do you plan? When do you plan to monetize the in-store part of the delivery business? Thank you very much and sorry for the long questions.",Confident,
Lincoln Educational Services Corporation,LINC,NASDAQ,2024-11-11,Raj Sharma,Yeah. Thank you for taking my questions again. Congratulations on solid results and the raised guidance.,Confident,
ACV Auctions Inc.,ACVA,NYSE,2024-11-09,Bob Labick,"Good afternoon. Thanks for taking the questions. Great job on the quarter. Nice upside on the volume in particular. So as I look at it, it seems like -- and I know this is my rough math, but it seems like quarterly volume the organic growth accelerated versus the first half. And if that is true, what are the key drivers? What's the kind of the incremental organic growth from the quarter versus an already strong first half?",Confident,
Potbelly Corporation,PBPB,NASDAQ,2024-11-09,Jeremy Hamblin,"Congrats on the solid results in the quarter. I wanted to first come to the kind of the same-store sales trends. I think what you said was that you saw some acceleration throughout Q3 and have seen a little bit of improvement here in Q4. Wanted to just see if you could provide us with a little bit more detail behind the cadence of that. And then also within the Q3 comps, if you could give us a sense on what you saw in traffic, menu pricing and average check.",Confident,
Sportradar Group AG,SRAD,NASDAQ,2024-11-09,Ryan Sigdahl,"Good morning, Cartsen, Craig. Nice job, guys. I want to start with the increment or the guidance raise, so incremental margins implied at 60% on the upside from revenue to EBITDA. I guess are there any big investment plans or stair-step functions on the cost side that we should anticipate in '25, '26? Or as I look at Slide 18 of kind of that margin improvement, 17% to 19% to 20% over the last 3 years that, that should accelerate in '25, '26 as you get better leverage on those straight-lined sports rights?",Confident,
Research Frontiers Incorporated,REFR,NASDAQ,2024-11-08,Joe Harary,"Okay. In that case, if any of you had questions that we haven't fully answered, if you thought of anything else, just e-mail us, we do our best to answer them. And now I'd like to make some closing remarks. The outlook for the smart glass industry remains extremely promising, and I think we prove that every quarter and every day bolstered by growing revenues in automotive and aircraft and increasing regulatory support and tax incentives, and then new product introductions like the retrofit. Research Frontiers has a solid position and a strong foothold in the smart glass industry. We're well positioned as a recognized leader with an innovative, high performing and reliable solution. Our recent results underscore that SPD-SmartGlass technology is increasingly viewed as the industry standard solidifying our leadership even further. With our guidance, our entire industry has been strengthened as well with licensees gaining resources to expand and our technology being adopted across a diverse range of products and industries. And on the interview yesterday, Gauzy mentioned that they had 700 employees. When I first met Eyal Peso, they had 50. Demand is rising from highly visible iconic global brands and their customers further validating our technology's transformative power. SPD-SmartGlass technology is enhancing customer experiences across sectors, especially in automotive and aerospace where it sets new standards of comfort and energy efficiency and performance. And in some industries where the customers such as airlines can finally now choose they are selecting SPD as shown by the new Airbus and Boeing programs. This quarter, we continued our track record of growth and progress with Research Frontiers and our licensees building traction and momentum across multiple industries and continued growth in our established markets, as well as opening up -- while we also open up new markets and uses for SPD-SmartGlass technology. The third quarter of 2024 marked our seventh consecutive quarter of revenue growth compared to the prior year. In some areas where we are the established leader, we have a strong foothold, such as in automotive and aerospace. In other emerging markets for us such as architectural, infotainment and information display and consumer electronics, we're just getting started. But because it's virgin territory and because of our track record in the other areas, I think we have the leg up there. We've been in business the longest and have the largest network of world class companies offering our SPD-SmartGlass technologies. We build upon our base of success and high performance and reliability proven across tens of thousands of cars and aircraft that have been in use for decades. No one else has that longevity or track record. Each partnership, each project and each installation further validates our leadership and the undeniable value that our SPD-SmartGlass technology brings. Competitors have tried to do what we have succeeded at. Most have failed or are failing. In my opinion, this is because of their flawed business models, high costs, bad logistics and inability to scale and the poor performance of their technologies. Just in the second half of this year, we've seen multiple bankruptcies among our competitors, such as View and Halio. The architectural market, for example, has proven too difficult for others in our industry. Not for us. We see tremendous potential in the retrofit market for buildings, offering opportunities to drive sustainable solutions into existing infrastructures worldwide. No one else can do this. Because we are a film based light control technology, the logistics for us and our licensees are far better. SPD-Smart light control film can easily be shipped anywhere in the world it's needed. The introduction of SPD into new premium vehicles as well as current initiatives to tap into the market for more moderately priced vehicles also marks a significant milestone, broadening our reach and making SPD technology more visible and more accessible to a wider audience. As we look ahead, we can see more clearly what the future holds for our industry, and Research Frontiers is more optimistic than ever. With the support of a strong growing industry network and partners like Gauzy, who share our vision for expanding SPD's reach, we are well positioned to capitalize on the promising opportunities that lie before us, such as the several new car models that I had mentioned earlier in Europe and in Asia that are expected to be introduced in 2025 using our SPD-SmartGlass technology and, as I mentioned, some in new places and in new ways. Thank you once again for your trust, confidence and commitment to our journey. We look forward to continuing on this exciting path together, continuing the momentum and to sharing more achievements with you. We expect, like our shareholders, further growth, visibility and success. Thank you.",Confident,
PAR Technology Corporation,PAR,NYSE,2024-11-08,Mayank Tandon,"Thank you. Good morning. Congrats on the quarter. Savneet, I wanted to just focus on the large deal activity. I think when we came into 2024, you'd called out record RFP activity and I believe there were seven large deals. I think you logged one or two, if I'm keeping count correctly. I just wanted to get sort of a status update on the other ones. Do you think you could still land a few more? What's the status on that? And if you were able to do it, could that potentially help accelerate your organic ARR growth? I know you've said mid-20s. Is that something that's conceivable if you were to win some of these larger opportunities in the pipeline?",Confident,
Insulet Corporation,PODD,NASDAQ,2024-11-07,Robert Marcus,"Great. Thanks for taking the questions. Congrats on a really nice third quarter. My one question. This quarter, Europe really stood out. Sizable beat, you said it was #1, new patient winner, and pricing helped. So I just wanted to help clarify a few things. Is that #1 in just the countries you're selling in? Or is that #1 overall in Europe? Which would be really impressive. How do we think about the magnitude of new patient growth? And if you want to throw U.S. in there as well, happy to hear that. And how do we think about the benefit of price and how sustainable is that? And how much more is to go in Europe? Thanks a lot.",Confident,
Insulet Corporation,PODD,NASDAQ,2024-11-07,Danielle Antalffy,"Hey, good afternoon guys. Thanks so much for taking the question and congrats on a really strong quarter here. Just a quick question. As we think about the Q4 guidance and how you're thinking about the U.S. Omnipod line item, specifically, it does come in at the midpoint below consensus, but you just beat the consensus number. So I just want to make sure we're considering everything in what is usually a seasonally stronger quarter from a deductible perspective and make sure I'm not missing anything there. Thanks so much.",Confident,
"ADMA Biologics, Inc.",ADMA,NASDAQ,2024-11-07,Kristen Kluska,"Hi everyone. Thanks for taking the questions. And congrats again on a great quarter. I’m not sure if I’m familiar with any company raising guidance five times in a year, so you may have the record on that one. So, I saw in the press release this might be one of the first times, I think, you’ve put it in writing about the potential for this to be a $1 billion revenue opportunity. So I was hoping you can maybe give us a little bit more color around some of the work that you’ve been doing to get more hyperimmune plasma as that’s likely going to be the driver to get you to those numbers. Hello? Oh sorry.",Confident,
"Toast, Inc.",TOST,NYSE,2024-11-07,Stephen Sheldon,"Hi, thanks. And also a big congrats on the strong quarter. One of the really encouraging win with Potbelly's in enterprise. So just curious how that enterprise pipeline is building. I know it usually takes a lot longer to convert, deals there. And for customers that you've won upmarket, what are some of the bigger factors that have helped you win versus competitive solutions?",Confident,
"Toast, Inc.",TOST,NYSE,2024-11-07,Dominic Ball,"Hello, Aman and Elena. Great job as usual. I mean, really impressive on software ARPA expansion. Can you speak a little bit more towards, where such sharp acceleration quarter-on-quarter has come from? And then going forward into 2025, how does this also change as you start to win even more retail, international and larger merchants?",Confident,
"The Goldman Sachs Group, Inc.",GS,NYSE,2024-07-15,Brennan Hawken,"Good morning. Thanks for taking my questions. You flagged, Dennis, the record financing revenue, which clearly shows momentum behind the business. And it would be my assumption that given rates have been more stable for quite some time now, it seems to reflect balance growth. So one, I want to confirm that that's fair? And could you help us understand how we should be thinking about rate sensitivity as it seems as though maybe a few rate cuts might be on the horizon?",Confident,
AZZ Inc.,AZZ,NYSE,2024-07-11,Kevin Gainey,"Good morning, gentlemen. Congrats on the great quarter.",Confident,
Theratechnologies Inc.,THTX,NASDAQ,2024-07-10,Justin Walsh,Hi. Congrats on the continued strong execution and thanks for taking my question. I was wondering if you could provide any updates on your efforts to find potentially a [indiscernible] assets to bolster your product portfolio.,Confident,
GEE Group Inc.,JOB,NYSE,2024-12-20,Derek Dewan,"Thank you, Kim. That leads into the next question, which is right on target. Can you speak to the current national unemployment rate, which suggests a tight labor market versus the performance of JOB in the past year would suggest a loose market. Is this a result of the markets that JOB operates in, or are there other factors? So the employment statistics that the BLS puts out are interesting. First of all, as you know, they've been adjusted downward several times in each quarter that they've been announced. Also, the job gains that have been announced have been primarily in government-assisted jobs, hospitality and some what we call lower-end type jobs. Our business does not benefit from that. In fact, IT is huge for us and projects have been put on hold due to economic uncertainty. And accounting and finance, which is our next largest segment, also there's been hesitancy in hiring there, particularly in the full-time side. So there's a big discrepancy in how the staffing industry operates at the -- what I call the higher-end professional segments versus the jobs that are being added mostly in the lower-end segments. Interestingly, the industrial sector of staffing took a hit as well. So it's a dynamic that you have to digest further when you get a labor report from the BLS. You really have to look into it, and how it impacts the staffing industry as a whole, and then what vertical you're in and segment. Health care took a hit too, pretty big. Now the good news is we think we've hit the bottom of the cycle with respect to contingent labor employment and direct hire employment and we see a gradual increase moving forward. On top of that, we are taking aggressive action in any event to streamline our cost structure and run off the existing revenue that we have. Someone asked, at what point would we be breakeven or profitable? That analysis is ongoing, and we're pretty hopeful that it will be sooner versus later. In any event, we're prepared for a robust recovery. I had another staffing company in '08, when we took a hit, about 1/3 of our revenue, we were heavily IT at that point, as well as accounting and finance. Took a hit, about 1/3 of our revenue went down in '08 during The Great Recession. Started to see flatness from that downturn in '09, and then an unbelievable recovery in 2010. We think we're in a similar pattern now. And that was the most prolonged downturn in the whole industry for years, '80-'81, '90-'91, 2000-2001, and then '08-'09 with recovery in 2010. That's the cycle of staffing. I believe that we're well positioned here to get upward movement and profitability and also be very prudent in how we use our cash. Those things are something that we do. We're not leveraged at all. And we're poised to really take off. Can you comment on demand trends you're seeing toward the end of the fiscal Q1 and into fiscal '25 by end market? Has there been any change in the environment? That's another great question. So the environment for IT seems to be perking upward. We have pretty good perm month in December. It looks good and it's better than the prior month. So November was an interesting dynamic. Most of the workers took off the whole week of Thanksgiving, instead of the 2 days or even 3 days of that week, most took the whole week off. So there's a lot going on in the labor market within corporate America and also in the temp sector. But again, we're seeing the activity pick up again in December. The first quarter, which is our actual second quarter fiscally, which would end March 31, is not our most robust quarter typically. However, the hiring starts hard in February and then it picks up, it runs hard through the spring into the summer, and is usually strong in the fall as well. So we're highly optimistic, quite frankly. And we're working really hard to get back to profitability. I mean that's the key focus right now above all. We're not used to and don't like running at the level we're at now. So we're going to fix that. The temp penetration, this is another good observation. The temp penetration rate is currently around 1.69%. Historically, it has averaged around 1.9%. And the last time it came to that was '08, '09. So that validates what I just said. That was a great observation. And we believe it will pick back up. In terms of acquisitions, are you looking at expanding areas like IT, where you are already a player or bolt-on acquisitions of different specialties? The answer on that one is both. There are some other verticals that will benefit us. And here's the other thing. Prices for deals and structure of deals is -- are much better now. After staffing companies took a hit, people are becoming more realistic on pricing and structure of the deal. So we'll be very opportunistic in that regard. And we're trying to find deals and we'll do deals that not only bring their business to the table, but that would benefit us. For example, if we could get an offshore recruiting model to lower our SG&A, that would be very helpful, so we can compete more effectively on high-volume accounts, on what we call managed service provider or VMS accounts, vendor management systems. Most of the Fortune 500 have those programs in place, I'd say, the Fortune 1000 actually. So that's another area that we don't typically go after very hard that we will if we get the recruiting mechanism in place. And one way to do that is through an acquisition that has an existing recruiting offshore model going. That's been successful, that's proven too. How is AI affecting the sectors you operate in, either in new jobs or jobs lost? Again, we think AI is a benefit to our industry. It streamlines recruiting. We have AI in some of our tools that we use. It's becoming more prevalent as a tool in our industry. And is it eliminating positions that we would normally fill? Clearly, low-end positions can be replaced by AI. AI will benefit the high-end IT business and we have a focus to staff jobs that require AI capability and AI knowledge. So we're big fans of AI. We think AI will actually allow us to move quicker on placements, find the best candidates and create jobs, but high-end jobs. And it will replace menial task-oriented jobs. So that's our view on AI. Let's see.",Confident,
Carnival Corporation & plc,CCL,NYSE,2024-12-20,Matthew Boss,Great. Thanks and congrats on another great quarter.,Confident,
Carnival Corporation & plc,CCL,NYSE,2024-12-20,Brandt Montour,"Good morning, everybody. Thanks for taking my question and congratulations on the results today. So the first question -- you're welcome. The first question is on the booking curve, Josh, and I don't know if this is an easy one to answer. But when you try and take forecasting out of it and you're just focusing on your booking curve today versus the way or versus how you're booking -- your bookings looked at the same time last year, does the pricing look any less robust than this time last year, perhaps tougher comps or anything else that you would highlight?",Confident,
"Mission Produce, Inc.",AVO,NASDAQ,2024-12-19,Ben Klieve,Hi. Thanks for taking my questions and congratulations. Great end to a great year here. My first question is the result in the quarter relative to the pre-release information. Your both revenue and EBITDA comfortably exceeded what you had laid out on the pre-release five or six weeks ago. I'm just wondering what the delta was in the actual results versus what you saw in the pre-release.,Confident,
"Mission Produce, Inc.",AVO,NASDAQ,2024-12-19,Ben Klieve,"Got you. Very good. All right. Well, I appreciate that context from you both. Congratulations again on a really great quarter, really great year, and I'll get back in queue.",Confident,
Cintas Corporation,CTAS,NASDAQ,2024-12-19,Tim Mulrooney,"Okay. That's good color. It sounds like just some fine-tuning around the edges and continuation of what you've been doing. So that's very helpful context. Thank you. For my second question is, I just wanted to touch on the incremental EBITDA margins, 60%, I think, in the quarter, obviously, very impressive, well above Street expectations. Just putting my analyst head on and trying to pick this apart a little bit, curious, if there's any one offs or discrete factors that we should be considering that we're either favorable to this year or unfavorable to last year that might help explain some of the strong outperformance because 60% is obviously just really, really high? Thank you.",Confident,
Steelcase Inc.,SCS,NYSE,2024-12-19,Reuben Garner,"Got it. Thank you, guys. Congrats on the strong quarter and happy holidays to all of you.",Confident,
"Darden Restaurants, Inc.",DRI,NYSE,2024-12-19,Peter Saleh,"Hey, good morning and congrats on a great quarter. I did want to ask maybe about the Uber Eats partnership and the accounting of how you guys are accounting for the delivery and the service charge in the Olive Garden comp? And what, if anything, is reflected in your guidance going forward from the benefit of customers maybe switching from self-pickup to delivery through Uber Eats? Is there anything there?",Confident,
HEICO Corporation,HEI,NYSE,2024-12-18,Scott Deuschle,"Eric, can you give us any sense of what the growth acceleration at specialty products could look like next year? Because it sounds like you got a lot of tailwinds there between the OE ramp and the missile defense growth. And I was just looking at my model, and there was a period of time in 2022 and 2023 where specialty products was growing over 50% pretty regularly. So I'm not trying to get too excited here, but just trying to get a sense of whether something like that could perhaps repeat itself. Thank you.",Confident,
Jabil Inc.,JBL,NYSE,2024-12-18,Ruplu Bhattacharya,"Hi. Thank you for taking my questions and congrats on the quarter. Can you talk about the relative margins of each segment and what we should expect for fiscal '25, so for Regulated Industries and Intelligent Infrastructure and Connected Living? How do you -- how should we think about margin recovery in each of these segments, which segment has the most upside to margins?",Confident,
Birkenstock Holding plc,BIRK,NYSE,2024-12-18,Mark Altschwager,"Thanks for taking my question and congrats on the strong quarter and year. I wanted to ask about pricing. It looks like price accounted for about half of the 8% ASP increase in 2024, call it 4%. Is that a good way to think about 2025 as well? And a similar question on mix that was also a big driver. Should we expect much of a change there for 2025? Thank you.",Confident,
"General Mills, Inc.",GIS,NYSE,2024-12-18,Peter Galbo,"Okay. No, that's helpful. Thank you. And maybe just a follow-up on Pet as well. I think if you kind of remove the retailer lap from last year, you probably still would have been up on an organic basis in Pet sales, which is encouraging. And just curious kind of how you think about the context of that underlying momentum into the back half. Thanks again.",Confident,
Quanex Building Products Corporation,NX,NYSE,2024-12-13,Adam Thalhimer,"Hey, good morning, guys. Congrats on a record year.",Confident,
51Talk Online Education Group,COE,NYSE,2024-12-13,John Banks,"Hey, congratulations. Great quarter, especially with the number of customers you have. Just a couple of quick questions. Next year, Jack, like -- with cash flow, so -- with profitability, I know that you're at a big growth phase of the company. Can you just give a little color about cash flow and maybe profitability going into next year? And my second question, with new markets you guys are looking to get into, Spanish, Vietnamese, on your website, any color on like the new markets you're entering for next year? Thank you very much, and congratulations.",Confident,
RH,RH,NYSE,2024-12-12,Michael Lasser,"Good morning. Good afternoon. Thank you so much for taking my question. Your outperformance relative to the industry has obviously been very wide. So, how are you thinking about taking advantage of this, such that, would you further accelerate some of the investments that you're making in 2025? And if that were the case, would you be willing to trade some margins, so suppress margins, even if it meant that you were still accelerating your sales? Thank you so much.",Confident,
RH,RH,NYSE,2024-12-12,Brian Nagel,"Hi, good afternoon. Congrats on the improving momentum within the business. So, my question and it's probably going to be a bit of a follow-up here. But just looking at the business, and Gary, you talk a lot about -- we have talked a lot about -- the last several quarters about the macro environment, we discussed it here on the call tonight, but you're looking at the business and the improving demand trajectory you're seeing. Are you -- do you think -- clearly the new product is helping -- or driving this, but do you think you're also starting to see maybe the early signs of some, so to say, let up in the US housing market?",Confident,
Broadcom Inc.,AVGO,NASDAQ,2024-12-12,William Stein,"Great. Thanks for taking my question. I want to add my congrats to all the great results this year and for the quarter and outlook. But Hock, this is sort of a stunning turn of events in the last year with what we've been accustomed to thinking of as a sort of mature, slow growth business at its core with all the M&A tacked on to it. And I wonder with the sudden acceleration of the organic business, given your exposure to these capabilities in ASICs to bring AI technologies to customers, does that change your interest level in M&A? And does it change your focus area of potential M&A going forward? Thank you.",Confident,
"SentinelOne, Inc.",S,NYSE,2024-12-12,Saket Kalia,"Yes. Very clear and very helpful. One of the areas that I want to touch on just that I think one of the most important topics that came out of OneCon is sort of the momentum around non endpoint solutions. We've talked so much about endpoint. That's obviously an accelerating business, but the non-endpoint solutions like DataLake, like Purple AI, like cloud and identity, can you just remind us of the rough sizing of kind of that in aggregate? And maybe stack rank those in terms of opportunities for growth.",Confident,
Ciena Corporation,CIEN,NYSE,2024-12-12,Samik Chatterjee,"Congrats on the results and the guide. I guess if I can start off with the fiscal '25 guide and just sort of ballparking here in terms of 10% revenue growth, which plus orders and revenue should be around this sort of $1.1 billion level every quarter that you did in 4Q. How -- maybe if you can sort of talk about the interplay between how you're thinking about interplay between old and backlog through the year? Because are you assuming that you continue to sort of build backlog through the year, and typically, your orders do sort of pick up towards the back half of the year. So, if that means, do you have more upside for the year? And then I have a follow-up.",Confident,
Adobe Inc.,ADBE,NASDAQ,2024-12-12,Brad Sills,"Wonderful. Thank you. I want to ask a question, David, of you, please. In the past, you've provided some good color [Technical Difficulty] it sounds like there's momentum there. It seems like this would be the year with all the Firefly Services integration into the core franchises that we could see some acceleration and conversion of that funnel. So, would love to get some update from you on that effort and how you see that unfolding throughout the year. Thank you.",Confident,
"Fortinet, Inc.",FTNT,NASDAQ,2024-12-12,Saket Kalia,"Yes. Absolutely. Keith, maybe back to you from a margin perspective. You raised your long-term operating margin target to 30% plus, up from 25% plus prior, right? And you've seen some really impressive outperformance on margins this year, like on product gross margins, right, as we discussed. And what's interesting is that your margins are actually higher than 30%, that 30% target right now. And so just maybe back to the question how do you sort of think about the puts and takes to the 30% given the need to invest, I mean the channel that you've built and just the sheer scale of the business.",Confident,
"Champions Oncology, Inc.",CSBR,NASDAQ,2024-12-11,Unidentified Analyst,"Hello. This is [indiscernible] on for Matt Hewitt. First off, congratulations on a strong quarter. Could you please provide any color on the market dynamics? Other CROs are saying that there is some lumpiness in the funding environment. What are you seeing?",Confident,
"Autodesk, Inc.",ADSK,NASDAQ,2024-12-11,Simon Mays-Smith,"You can see that up and down the P&L on balance sheet and cash flow, we raised guidance. So, that was good at the midpoint. The momentum in the business, while still being held back as it has for many quarters from raising new business continues to be -- grow at a decent clip, we're executing well on the new transaction model. And some of our longer-term strategic initiatives to drive growth with things like AI, et cetera, we're making good progress on, and also some of our optimization initiatives as well, we're sort of making good progress on. So, all-in-all, in good shape in an uncertain world. We're feeling in decent shape.",Confident,
Lam Research Corporation,LRCX,NASDAQ,2024-12-11,Doug Bettinger,"It's actually a combination of both, to be honest, right now. Yes, I think if you look at where NAND bits are consumed, it's in phones. Phones are soft, right? It's in clients, clients I think, are going to go through a refresh next year. So I think both of those will get somewhat better, as we go into 2025. There's still inventory out there in terms of NAND inventory. I think, generally speaking, if you listen to people in the industry, they believe that will largely get worked through by the middle part of next year. So that's good. Things will set up could be a reasonable year next year in terms of needing to invest in incremental capacity for those reasons. On top of that, Tom, to be basically the direct thing you asked, the capacity that is out there is actually becoming somewhat aged. And for the industry to continue to evolve specifically in the enterprise SSD space. Eventually, the industry wants to go to QLC, and it's TLC today, eventually going to QLC. For that to actually happen technically, the installed base needs to get upgraded, and it sort of goes hand-in-hand with the fact that the upgrades that will occur to move right now, two-thirds of the industry capacity is at sub-200 layer devices. The things that you upgrade to go beyond 200 layer, are also the things that enable QLC structures to show up in the architecture. So those two things will enable the bit growth, and basically the technical specifications, for QLC that the enterprise SSD market is going to need. And that is a growth area, certainly on top of their traditional markets for storage in phones and clients. So that's part of why when we look at kind of where things are this year, versus where it's going to head over the next call it, 2025, next 12 months, the equipment needs to get upgraded. And when we look at what we believe is going to happen in the NAND market, it's going to largely be characterized, at least from an equipment spending standpoint next year, by upgrading the installed base. The good news for Lam when the installed base gets upgraded is, we get a very large share of that spending, because we are the constrained tools in a NAND fab. We deposit that the mold stack. We do the most critical etches down through the structure, and we also deposit all of the metallization, the tungsten. And so those are the things that constrain the output of the installed base, and when we go into an upgrade phase. Those are the things that we'll need to get upgraded. And that's part of why when we look at next year, and you think about the things we've already talked about, NAND upgrades get all around showing up advanced packaging continuing to ramp. We believe Lam is well positioned going into next year to outperform the broad market, because the things that we enable the industry to do are in growth phase.",Confident,
"MIND Technology, Inc.",MIND,NASDAQ,2024-12-11,Ross Taylor,"Thank you. First, it's always exhausting to follow Tyson because you're having to spend so much time crossing off your questions. First, congratulations on everything you guys have accomplished this year, especially the operational performance, which is really impressive. I have not seen a Q yet. So, is it possible that you give us what the GAAP earnings would be this year, year-to-date? Obviously, your early GAAP earnings were impacted by a number of other factors. These are impacted by some factors, but I'm trying to get a run rate earnings per share number for where you're sitting at this year?",Confident,
"Coinbase Global, Inc.",COIN,NASDAQ,2024-12-11,Michael Infante,"Very helpful. Rounding out the discussion, it feels pretty safe to assume that some of the more punitive regulatory outcomes across the industry have largely been derisked and optimism across the industry is clearly accelerating. As you look ahead to 2025, where do you envision the most potential upside to come in your business or what opportunity do you think may not be fully appreciated in the current landscape?",Confident,
"Stitch Fix, Inc.",SFIX,NASDAQ,2024-12-10,Maria Ripps,"Great. Thanks so much for taking my questions, and congrats on the strong quarter. Can you maybe talk about key contributors to stronger than expected spend per client this quarter? I think you mentioned a Fixed flexibility and price architecture, but was there anything else that's sort of worth highlighting here? And then so you raised the full-year guidance, which is great to see, but maybe more broadly, how sustainable do you think these sort of dynamics are going forward?",Confident,
"G-III Apparel Group, Ltd.",GIII,NASDAQ,2024-12-10,Bob Drbul,Hi. Good morning. It's impressive to see the outlook increase in light of the environment. Can you talk a bit more just about the third quarter outperformance and maybe just walk us through the puts and the takes for the remainder of the year?,Confident,
JPMorgan Chase & Co.,JPM,NYSE,2024-12-10,Marianne Lake,"Yeah. So probably just to continue the trend of the narrative, big picture no, which is to say that there are very, very large parts of that agenda where we have a high degree of confidence and conviction and proven track record and models. And so, nothing is ever a sure thing, but we feel very confident when we're acquiring new customers in card or new customers in the consumer bank or opening new branches. We know we feel very confident that we have a clear understanding of how those things will play out. And as we continue to back test them, they continue to play out in line with or even better than our expectations. So, we're not learning anything that's forcing us to course correct sort of big, big picture. That said, of course, we spend every dollar a dollar at a time. So, we don't spend it in galactic chunks. In fact, one of the reasons why when you guys are asking so many questions about the details of it, it's hard to oversimplify it is because each individual thing that we're doing is measured in small millions of dollars. It's not measured in hundreds of millions of dollars. And so, the specifics do change. But thematically, starting at the top of the page that you'll recall with our growth businesses, we're not increasing our investments in Connected Commerce, but we are integrating and optimizing those assets now. We do continue to add advisors in Wealth Management with a reasonably clear understanding of when and how productive they will be. And we had a good hiring year in 2024. Marketing continues to be something we understand well. And we have two objective functions. One is to acquire profitable customers, and the second is to make sure that we continue to have high spend engagement with our existing customers. And we're seeing a lot of demand for our products and a lot of profitable opportunities to invest, similarly actually in the consumer bank. And then the branch strategy. And that's a very long game, but we understand what we're doing, and it is paying dividends. So, we talked about our share gains and how much of that is driven by the branches we've opened in the last five years. And we expect those to continue to be a tailwind, and we're not stopping now. And so, then the last big chunk is in product, technology, data, design. And that is a lot of different things, but we are still in a sort of generational modernization agenda and it's moving. So, data center modernization is more behind us, but we're still modernizing our core infrastructure and those things take time. And we're in a rapidly evolving kind of product environment in terms of customer expectations and our ability to deliver products and services and engage them in our ecosystem. And so, we continue to invest in products and data, but we feel pretty good about the performance of what we're doing and we'll update you as we always do.",Confident,
JPMorgan Chase & Co.,JPM,NYSE,2024-12-10,Marianne Lake,"Okay. So, a couple of things. First of all, First Republic is largely over. We're still completing the loan migration right now, but the big chunk of it was done in the middle of the year and the follow through in the third quarter. The only reason I mentioned that is it's a little early maybe in December to talk about the progress we're making beyond that in wallet share gains. Those things take a little bit of time, but we're pretty optimistic. We retained 90% of clients in the banking complex, 95% of deposits, more than 75% of advisers and clients in the Wealth Management space. And so, we feel we have a pretty stable and it's pretty stable base. Just we of course want to do an incredible job for the Heritage First Republic customers. But when we've talked about our strategy and leveraging First Republic, both leveraging our learnings, but also leveraging the opportunity to accelerate the affluent strategy, it was very much about deepening into existing Chase customers. And so just for context, we have over 6 million affluent customers that bank with us happily, and only 15% of them invest with us today. And those customers have $7 trillion of investments. And so, we have happy Chase customers that are not yet enjoying the benefits of what we have to offer in Wealth Management. And this is a strategy using the concierge service, the coverage model, the JPMorgan Financial Centers as a strategy to deepen into wealth for those customers. And remember, if you went back five years ago, we maybe didn't have all of the right capabilities and all of the right assets to be able to feel we could invite those customers to do that with us and feel confident that we would do an amazing job. We do now. Our self-directed capabilities just won JD Power Awards so that our advised capabilities, we have built new channels, we've built new capabilities with Wealth Plan. Yes, First Republic helped us in terms of assets and accelerating getting to $1 trillion. But we're pretty excited about the opportunity going forward. It's just early. So, we'll update you. We had a great year in Wealth Management. We had record first time investors this year, and we've grown AUS, including First Republic, but a 16% CAGR growth five years. So, adding advisors and just grinding it out.",Confident,
JPMorgan Chase & Co.,JPM,NYSE,2024-12-10,Marianne Lake,"Really important. So, it's actually and I know that this, but while we now talk about connected commerce in a much more cohesive way and talk about the sort of interrelationship between these things and while we've kind of put it in a curated place where we can sort of really focus on it, these are things that we have been doing for 5 years or 10 years. So, we've been in the travel business for 10 years. We've been in the office business for 5 years. We just didn't really own the assets to allow us to sort of innovate and create the right customer experience or have the ownership economics to reinvest in the value proposition. And we had that opportunity during the pandemic to acquire those assets. And so, there are three reasons why it matters to us and mattered then and continues to matter now. The first is that for our core card customers, as you articulated, commerce experiences, but particularly travel was the number one passion point, and unfortunately also a very significant pain point for our customers. And so, we wanted to be able to lean into that sort of passion, and it remains the case that for core card customers. It is the most significant driver of both acquisition and retention of affluent customers. And so, you want to be able to do a great job, but when it also is a pain point, you want to be able to improve that. Number two is that we wanted to drive value to our strategic partners through a two-sided platform and the ability for us to invest in that. And then number three was to diversify our revenue streams towards some capital light more recurring revenues. On number one, really working extremely well. We've materially improved customer satisfaction and reduced the pain in the travel outcomes. There's still work to do. We look set to do the same thing in offers. On the second point, we are driving value to our strategic partners on the platform. An example of that is that we have in our Luxury Hotels collection, we have 1,000 hotels in the Edit, which is what we call that collection. And those participating hotels are seeing share gains or share growth in same-store share as a result of being in the program. So, we are driving value for our partners. And then as a result of that, yes, we are expecting to meet our expectations on volume through the platform next year and the revenue that comes with that. So, we're pretty optimistic, but it is really important to the car business. And so, if you look then at the longer term, we said that we would hope to be at $30 billion of volume over the platform in 2025. We're on track to do that. But $30 billion is still a small percentage of the addressable population. And depending on how you measure it, between travel dining, office and shopping, there's $600 billion plus or minus that our customers spend on our cards. And so, for $30 billion of that to be going through our assets is only 5%. It's not an unreasonable expectation that we ought to be able to double that over time. And so, as we continue to invest in value for our customers and value to our partners, which then allows them to invest in the experiences too. We will continue to try and drive more and more of that volume over our platform, and that should be a tailwind for revenue growth, and it will meaningfully contribute to cards ROE at the time.",Confident,
JPMorgan Chase & Co.,JPM,NYSE,2024-12-10,Marianne Lake,"Okay. So, I'll update you. The 20% 30% in consumer bank and card accounts over four years is now 30 and 40 or very close to that over five years. So that momentum continues, which was my point earlier about we continue to lean into growing the franchise, which is the sort of catalyst for everything else that comes after that. If I start with the consumer bank, our share gain story, as you say, we're pretty proud of it, 220 basis points over the last five years. And 80 basis points of that came from branches that we've opened since 2018. And remember, they're still pretty young. And so those will continue to fuel growth in the future. But that First Republic was a piece, so that was close to 40 basis points, which means that more than half of it came from our legacy footprint as we continue to invest in bankers in banker tools in omnichannel capabilities, in branch tailoring, in customer segmentation, making sure we have the customer and the right product for them. And so, as we look forward, we're expecting the same, which is more than half of the growth is going to come from the legacy platform. And if you include the branches we've already built, 75% of our growth towards our 15% target and beyond will come from a combination of legacy and the branches we built through ‘24. But we're not stopping. And so, the remaining 25% will come from the branches we're about to open. And those will continue to grow for decades. So, we're pretty excited about that. And as I said earlier, those branches that we're opening are performing really well. So, it's really well. So, if not -- each individual next new brand we're opening isn't getting worse from a performance basis -- in fact, they're in line to better than our model. And these things are not straight lines. So, on average, we've gained 30 basis points share over the last 10 years. We think that's a reasonable trajectory going forward. But in any one year, it could be plus or minus of that. And so it's a flywheel we're just going to keep going. In Card, it's a similar but different story. Obviously, it's not the same -- we don't have new markets. It's a national business, but it does benefit when we enter new markets with branches. So, we do see growth in accounts and share when we start really investing in new markets. So, it is a beneficiary of that. In Card, we start from a higher share place, but similarly have gained share over the last four or five years, 50 basis points of sales, 30 basis points in outstanding. And that momentum, which was at the end of last year has continued into 2024. And we highlighted outstanding’s as being an area that we felt we could see some outside share gains because we felt like we were punching a little below our weight. And so, we saw that happen in '23, and we've seen that continue in '24. But it's not that we have to dial up premiums or like pay for the privilege, it's about making sure that we're investing in the segments where we are currently able to and see outsized growth starters, small business, affluent, and we had record new accounts in each of those last year. It's about making sure we're capitalizing on our owned channels, so dot-com and branches because they are the most efficient channels that we have, leveraging our data to make sure we're underwriting as deeply as we can, but profitably and with confidence. And then also making sure that in addition to sort of core card, we're innovating on installment lending and other sort of lending options like pay over time, which is gaining traction. And so, I would say we're feeling pretty good about that, and we're at 17% share and growing towards our 20% target. So, in both cases, we think that there's more share gains ahead of us, it's hard work. I mean, this is like a branch at a time, a vintage at a time, tactic at a time. There's no silver bullet. It's just it's everywhere, but we know what to do.",Confident,
Western Digital Corporation,WDC,NASDAQ,2024-12-10,Joe Moore,"Great, so maybe in the [initial] (ph) time -- shifting to Hard Disk drive, you guys are also at record gross margins there. Also very impressive gross margin performance on the drive side. Can you talk about what's driving that and is that kind of something cyclical or is that kind of the new normal level of Hard Disk drive profitability?",Confident,
"Casey's General Stores, Inc.",CASY,NASDAQ,2024-12-10,Robert Griffin,Absolutely. I appreciate the details and congrats again on a great quarter.,Confident,
KKR & Co. Inc.,KKR,NYSE,2024-12-10,Alex Blostein,"Great. All right. Let's talk a bit about other businesses you guys have established starting with maybe the capital markets business, which has been around for a while, but the ramp has been quite impressive. I think this year, you guys are on track to do about $1 billion of revenues in this business. The firm clearly benefited from a couple of sizable transactions this year. But I think it just still underscores just the magnitude of potential upside in a capital market cycle that's a little more supportive. So help us maybe frame the opportunity you see for KKR's capital markets fee pool over the next couple of years? What would you kind of tie that to? $1 billion of revenue is obviously great this year, but what is the ultimate size of this business could get there?",Confident,
"Toll Brothers, Inc.",TOL,NYSE,2024-12-10,Trevor Allinson,"Okay, thank you. That's helpful and very encouraging. And then the second question is on your lot supply. You mentioned in your release having all the lots you need to grow in 2026. As we look at your lot supply currently on a four-year supply basis, it seems like it's down a bit from where it's been in the last few years. So the question is, as you stand here today, given your outlook for 2025, demand is still healthy for your product. Do you need to accelerate the loss you have under control from here? Thanks.",Confident,
"HealthEquity, Inc.",HQY,NASDAQ,2024-12-10,Steven Valiquette,"Great. Thanks. Good afternoon, everyone. Jon, congrats on your retirement. And Scott, congrats on joining the company shortly here as CEO. Really, my questions here are just more on the just confirmation on the dollar amount of HSA cash custodial asset contracts you're pricing each fiscal year. Your previous slide deck, you had $3.4 billion for fiscal '26, now the 10-Q shows it went down a little bit, but then fiscal '27 went up a little bit. The yields are still about the same. But really my question is just to try to reconcile for -- so -- as of right now, the $3.2 billion that's set to reprice in fiscal '26, how much of that will happen sort of early in the year versus potentially later in the year, just to figure out how much is baked into the guidance you recognized in fiscal '26? And then the -- on a similar vein, when you talked earlier on the call about pulling forward some of these repricings, I'm assuming some of that might have been the fiscal '27 maturities, unless I'm wrong. But again, just to confirm, is any of that baked into the fiscal '26 guidance or would that be upside relative to your initial view that you gave today on FY '26?",Confident,
Oracle Corporation,ORCL,NYSE,2024-12-09,Brad Zelnick,"Great. Thank you. And congrats on the continued acceleration at scale. Larry, as Oracle leads with larger and larger GPU clusters, there's healthy industry debate around scaling laws with Elon Musk allegedly pushing the envelope of what's possible. I'm curious to hear your perspective as to whether there's diminishing returns on the amount of compute thrown at model training and Oracle's ongoing leadership in AI infrastructure and GPU superclusters.",Confident,
"Phreesia, Inc.",PHR,NYSE,2024-12-09,Jessica Tassan,"Congrats on the quarter and the strong guide. I was hoping you could talk a little bit just about the network solutions selling season in fiscal '25, maybe what drove some of the strength in fiscal 3Q, any specific tailwinds related to Part D? And then I'm hoping you can describe some of the feedback you've heard from your pharma customers regarding the appointment of RFK to lead HHS, how are you and your customers kind of thinking about and delineating between marketing and education, because in our view it's kind of an important distinction?",Confident,
Hello Group Inc.,MOMO,NASDAQ,2024-12-09,Raphael Chen,"[Foreign Language] I will translate myself. Thanks for taking my question. Congrats on the strong growth momentum of overseas business. Could management share the main contributors driving the overseas business growth rate in the third quarter, also we have the latest revenue and profit figures for the overseas business and growth outlook for the fourth quarter and [2025] (ph).",Confident,
"Rent the Runway, Inc.",RENT,NASDAQ,2024-12-09,Jennifer Hyman,"So our Reserve business certainly provides an easy way to enter Rent the Runway for Reserve pricing as low as kind of 10% of the retail price starting at just $30 to rent a dress, you can come and have a great experience renting for a holiday party or wedding, et cetera. And so we've always seen a diverse customer base across age, across geography, across income level into the Reserve business. And prior to 2024, we had seen that, that business had been declining year-over-year, which was not great in terms of driving new customer growth into Rent the Runway because traditionally, Reserve has been a driver of new customer growth. And so we really put an emphasis on Reserve this year to reaccelerate it. We've made some very quick and significant progress given that our Reserve business is up over 20% in Q3 and new customers into that business are up 35% year-over-year in Q3. So we're showing that we can drive more people into the ecosystem of Rent the Runway. And then we've set up really great life cycle marketing communications. Once you have a great experience in Rent the Runway, obviously, to familiarize that customer with the suite of products that we have from Resale to Subscription. And even the launch of this one swap $119 a month Subscription plan this month gives us yet another kind of entree to sell our Reserve customer into a more lightweight Subscription program where you get that one shipment a month, but have access to the full assortment of our inventory. So one of the really positive things that we're seeing about Subscription is five, six years ago, a Subscription to fashion was fundamentally about early adopters, people that were comfortable with what was then a radical new way to get dressed. Now even a Subscription to fashion has become more mainstream. And how do we know that? We know that because of the diversification of the customers coming into Subscription as the first product that they engage with, with Rent the Runway. And we're seeing very high kind of engagement amongst a much more diverse age demographic into Subscription, more diverse geographies where she's coming from and certainly diverse use cases. So we see a lot of really nice momentum in our Subscription business and feel very confident that with this very simplified focus within the company right now and cross functional alignment around key goals that 2025 is going to be the year where we really accelerate our subscriber acquisition and growth.",Confident,
Victoria's Secret & Co.,VSCO,NYSE,2024-12-06,Ike Boruchow,"Hi, good morning everyone. Let me add my congrats. Two questions. First for Hillary, you talked about a lot of change over the last four months in apparel, which I assume predominantly talks to PINK. Can you just give us a little bit more insight on what changes in KPIs you've seen that's given you renewed confidence. And then on TJ, real quick, just I'm trying to understand the Adore Me payments that are being made this year, I think it's like $200 million – I was trying to make sure I understood. Is that because of the business is outperforming? How should we think about that impacting cash flow? And then is there more payments in future years if the business continues to outperform.",Confident,
"Build-A-Bear Workshop, Inc.",BBW,NYSE,2024-12-06,Greg Gibas,"Great. That's helpful, Voin. And I wanted to get just a little bit more color on the increased expectations for store count growth. You talked about net new store count 65 versus the 50-plus before. And I just wanted to get a sense of what's driving that? Maybe where is that upside relative to your previous expectations or plans coming from? Is it simply you're finding more attractive locations? Is it a function of kind of accelerating the timeline? Or any color you can provide there? And just, I guess, regarding that mix, how much is domestic versus international roughly?",Confident,
Samsara Inc.,IOT,NYSE,2024-12-05,Alex Zukin,"Hey guys, thanks for taking the question. Congrats on another solid quarter. I just maybe wanted to ask about the general sales cycles, demand environment. Have you seen any shift? You clearly had a really, really strong Beyond conference in a number of international events. Just momentum linearity in the quarter, any kind of feeling like there was a hesitation because of the election and then that opened up? And then I got a quick follow-up.",Confident,
"Rubrik, Inc.",RBRK,NYSE,2024-12-05,Andrew Nowinski,"Hey, good afternoon. Congrats on another great quarter and particularly, the improvement in contribution margin, I think, really stood out. I just wanted to ask a question. So coming back from the Wells Fargo TMT conference this week. I mean, it was really clear that data protection, DSPM and of course, cyber resilience, I think, were top of mind for many organizations. That really stood out to us as like the one key takeaway based on the strong growth you're seeing in your cloud ARR. I mean, it looks like you're seeing this, too. And I'm wondering if there's inflection in demand for DSPM and cyber recovery is related to an inflection, maybe in Gen AI rollouts? Or is it something else? Just wondering if you could pinpoint what's driving this inflection. Thank you.",Confident,
"Rubrik, Inc.",RBRK,NYSE,2024-12-05,Brad Zelnick,"Great. Thanks so much. And congrats on the strong execution. The entire team has so much to be proud of. Bipul, I wanted to start by asking you about Annapurna, the goddess of nourishment. Can you talk about the vision and evolution leading up to this week's announcement? What we should expect in terms of availability across other cloud platforms? And is this something you expect to price and monetize implicitly or explicitly.",Confident,
UiPath Inc.,PATH,NYSE,2024-12-05,Sanjit Singh,"Yes. And to that point on that better execution, it's two quarters in a row now where you've set guide and exceeded those targets and not so much about like necessarily guidance, but with the improved execution, if you got, let's say, a better spending environment or to the extent that the commercial market starts to come back online, how much of that -- how much do you think that would be a tailwind to your ARR growth overall?",Confident,
UiPath Inc.,PATH,NYSE,2024-12-05,Chirag Ved,"Got it. And one more on the financials front. You delivered a strong margin beat this past quarter. You called out the restructuring, but what drove the beat? And do you believe these same factors could help drive upside in Q4 given that Q4 has historically been your strongest margin quarter?",Confident,
Veeva Systems Inc.,VEEV,NYSE,2024-12-05,Brian Peterson,"Hi, gentlemen, thanks for taking the question, and congrats on the strong quarter. Peter, I just really wanted to hit on the regulatory backdrop. I know there's a lot of potential changes coming in the Trump administration, at least that are being discussed. I'd love to understand what your customer feedback has been there and how you think about the potential implications to Veeva under a new administration.",Confident,
Veeva Systems Inc.,VEEV,NYSE,2024-12-05,Brian Peterson,"Got it. And maybe a follow-up for Brian. The margin upside this quarter was really impressive. Just anything that you would call out in terms of timing of expenses in the third quarter? I would appreciate any perspective there. Thanks, guys.",Confident,
Veeva Systems Inc.,VEEV,NYSE,2024-12-05,Brent Bracelin,"Helpful color. And then maybe Brian, for you, 43.5% operating margin, this is kind of the highest we've seen out of Veeva on record, the biggest beat versus your guide in three years. A bit of a hot start for you for the first quarter out of the gate. But how should we think about the cost discipline you put in place in the quarter and leverage? And it just -- your guide obviously implies you're going to have some additional expenses here in Q4, but walk us through the philosophy on cost discipline and leverage you showed this quarter and what it means here as we think about next year.",Confident,
Veeva Systems Inc.,VEEV,NYSE,2024-12-05,Jailendra Singh,"And my follow-up is on the decent acceleration in net headcount increase in the quarter. Anything to read into that? I mean, clearly, you're seeing some good momentum here. Any particular areas you guys are focused on with respect to headcount additions? Or is it more across-the-board?",Confident,
"Argan, Inc.",AGX,NYSE,2024-12-05,Rob Brown,Good afternoon and congratulations on a strong quarter.,Confident,
lululemon athletica inc.,LULU,NASDAQ,2024-12-05,Alex Straton,"Perfect. Congrats on a great quarter. Thanks for taking the question. I just wanted to focus on U.S. sales. It looks like they stabilized on a quarter-over-quarter basis. So, I'm just curious, do you view this kind of as a bottom for that geography and should it improve from here? And maybe thoughts on the longer-term growth rate of that business? Thanks a lot.",Confident,
lululemon athletica inc.,LULU,NASDAQ,2024-12-05,Michael Binetti,"Hey, guys. Thanks for taking our question. Congrats on a nice quarter. Just a quick one on the model. It looks like one of the key drivers of the gross margin in third quarter was lower inventory provisions. Would you just remind us how influential that could be in the fourth quarter? And then maybe just a little -- stepping back a little bit on the gross margin, unpacking a little bit more, maybe what's under the surface on the product margin? I think you said one of the big pieces there, Meghan, was upside to the guidance was good control of fixed costs on the product side. Is that -- I'm curious how sustainable that is with the high fixed cost base in North America and the negative comps in that market. Is that something that's as controllable in the fourth quarter, or is there something unique to third quarter that let that be a bigger lever for you while the comps remain negative in your biggest market?",Confident,
"DocuSign, Inc.",DOCU,NASDAQ,2024-12-05,Jake Roberge,"Hey, thanks for taking the questions and great to see both revenue and billings start to reaccelerate. Can you help us understand how much of that reacceleration is being driven by the stabilization in your core versus the momentum that you're starting to see with IAM? And then I understand the tough billings comp during the fourth quarter, but how sustainable do you think that type of performance is?",Confident,
"DocuSign, Inc.",DOCU,NASDAQ,2024-12-05,Arsenije Matovic,"Got it. And I guess can you explain what's driving that early renewal tailwinds that we're seeing, that's contributing a bit more to that billings outperformance than we've seen historically. And on fiscal 4Q, I think last year, you called out early renewals contributing about $30 million tailwind and guidance for this quarter coming up, embedding a little bit of early renewals. I guess is there anything you can give us in terms of what's embedded in that guide, how to think about it into 4Q on that billings dynamic? Thanks.",Confident,
Hewlett Packard Enterprise Company,HPE,NYSE,2024-12-05,Wamsi Mohan,"Hi, yes. Thank you so much. Congrats on the strong quarter and guide, especially given the dilution from the preferred stock. As we look at your AI business, the -- can you maybe give us some sense of how your AI pipeline is shaping up, given that the backlog levels kind of dipped in the quarter? And I know you made some comments about how it's backed up intra-quarter. But can you give us some sense of how the pipeline looks and what the composition of that could be? Thank you.",Confident,
GitLab Inc.,GTLB,NASDAQ,2024-12-05,Sanjit Singh,"And congrats, Bill and congratulations Sid on an astounding career looking forward to what you do next. I guess I wanted to talk a little bit about the category and how said -- you mentioned the move to workflows and the genetic architecture as sort of the next phase of this -- of AI in this category. And I wanted to say like how you anticipate that playing out? Is that sort of going to be in conjunction in parallel with copilots does it sort of subsume code assistance and copilots? And what do you think is going to be GitLabs sort of strategic advantage when it comes to agents and the genetic architectures?",Confident,
GitLab Inc.,GTLB,NASDAQ,2024-12-05,Joel Fishbein,"Sid, wishing you the best as well. And Bill, congrats on the new role. I said, I'm going to ask something that was sort of on tape with Sanjit asked earlier, which was – two things are happening, one is that people are the skeptics out there, say that the market's saturated. Obviously, your acceleration of revenue growth says that that's not true. Number one. Number two is, as part of that, how much -- what inning do you think that we're in, in terms of this vendor consolidation and these disparate tools? And how much room do we have to go from that standpoint.",Confident,
"Lakeland Industries, Inc.",LAKE,NASDAQ,2024-12-05,Gerry Sweeney,"So first question, it's probably going to a little bit longer winded in-depth, but I think you'll understand where we're going with this. So we had the U.S. rebounding, Jolly and Eagle are starting to get the legs underneath them. But then we also have your guidance, $165 million of revenue and $18,000,000 of EBITDA. Obviously, I think there's confidence going into the fourth quarter everything's going in the right direction. But it appears that either your revenue guidance of $165 million will have to be far exceeded or margins will have to jump up significantly in the fourth quarter to get that $18 million of EBITDA. And I know there's a step up in basis of inventory, etcetera. So could you give us a little bit more maybe granularity as to how we achieve this guidance with all these operations and everything accelerating into year?",Confident,
"Caleres, Inc.",CAL,NYSE,2024-12-05,Dana Telsey,"As you think about the brand portfolio, what were the biggest brands where there was a rate of change, what decelerated, did anything accelerate in brand portfolio? And then if you think of the Famous Footwear business, what are you seeing there in terms of the health of that consumer? And it sounds like the FLAIR stores still outperform the base. Is it still 43 you're looking for this year? And just lastly, with the promotions in this current fourth quarter, how do you expect them to be different? You mentioned BOGO before. What's adjusting in the promotions in Famous Footwear or in brand portfolio as you go forward?",Confident,
KNOT Offshore Partners LP Common Units,KNOP,NYSE,2024-12-05,Fredrik Dybwad,"Hey Derek, congratulations doing a great job with the backdrop of the company. Just then Dan Sabia left, he did the option extension with [Indiscernible]. And then you have an upcoming firm period on Raquel, which expires at closer to the summer. Could you give more color on timing and of course, timing-wise, when you expect an option extension to be caught?",Confident,
"Lands' End, Inc.",LE,NASDAQ,2024-12-05,Alex Fuhrman,"Hey guys, thanks for taking my question, and congratulations on a strong quarter during what seems like has been a pretty promotional holiday season for a lot of retailers here. I wanted to ask just about the guidance, if we could just drill into the revenue versus GMV. It looks like a little bit lower GMV guidance despite revenue guidance being within the prior range, albeit a little bit lower at the midpoint. Is there a simple explanation there, or is it just a matter of a small move lower, and that's just all there is to it?",Confident,
"SentinelOne, Inc.",S,NYSE,2024-12-04,Brad Zelnick,"Great. Thanks very much and good to see the ARR momentum continue to build. Tomer over the last few months, you've been very clear that the benefits you're seeing from market disruption and many of the newer growth levers, and execution improvements, wouldn't all show up immediately in your financials. And the trend is clearly positive from what we can see in Q3 results. But what is it that you see in terms of pipeline and the visibility that you have ahead that gives you confidence in acceleration? And then for Barbara, how does that inform how you might be thinking about next year at this point? Thank you.",Confident,
"SentinelOne, Inc.",S,NYSE,2024-12-04,Matt Dezort,"All right, thanks for taking the question, and congrats on the results. Tomer, for you, I think you talked about more enterprise displacements than ever in the past this quarter. Can you talk about whether pipeline supports continued momentum there, maybe how pricing and discounting are behaving specifically in those conversations? And then on the flip side of that, how are you seeing your ability to win change, if at all, since July 19 in the 50% of the market that is still leveraging legacy AV? Thanks.",Confident,
"Ooma, Inc.",OOMA,NYSE,2024-12-04,Mike Latimore,"Great, thanks. Yes, congrats on the strong cash flow and new wins here. Just want to clarify, on AirDial in the second quarter, you said AirDial had a record bookings. Is it fair to say in third quarter you had higher bookings in the second quarter?",Confident,
"Ooma, Inc.",OOMA,NYSE,2024-12-04,Unidentified Analyst,"Hi, this is Chris on for Arjun and thanks for taking my question. I want to echo about some of the earlier congrats on a solid quarter. So it's good to see you're having some record cash flow coming in. And now with the debt completely paid off and behind you, are there any changes in terms of how we should think about capital allocation going forward?",Confident,
CSX Corporation,CSX,NASDAQ,2024-12-04,Tom Wadewitz,"Yes. Okay. Great. Let's see. So how are you thinking about pricing for next year? Are you optimistic? I mean, I know there's some sensitivity on truckload. There's your own good momentum on service and translating that to price. But how should we think about pricing and also whether there are kind of -- whether we should be optimistic about pricing accelerating or kind of stability is a good thing?",Confident,
"Daktronics, Inc.",DAKT,NASDAQ,2024-12-04,Anja Soderstrom,"Hi, and thank you for taking my question and congrats on the great quarter here. So given that the second quarter was a lot better than we had expected and you're given your prior commentary about you expecting to be in line with consensus on the full year. Do you expect a more steeper decline in revenue for the second half than we had before or how should we think about that seasonality?",Confident,
"Okta, Inc.",OKTA,NASDAQ,2024-12-03,Gabriela Borges,"Hi, good afternoon. Thanks for taking the question and congrats on a solid quarter. Todd and Brett, I wanted to pick up where they just left off on the 15% of bookings that are coming from emerging products. Remind us how that number compares to history. And Brett, you mentioned with the net retention rates, there are two dynamics impacting that. You've got the pressure on MAUs and [C count] (ph) and then you've got the tailwind from cross sell. Talk to us a little bit about when you think emerging can offset the headwind in MAUs and C count and it's a long way of asking when you think net retention might trough? Thanks.",Confident,
"Okta, Inc.",OKTA,NASDAQ,2024-12-03,Jonathan Ho,Congrats on the strong quarter. Just wondering if you could give us some additional on the go-to-market specialization opportunity that you've referenced? And maybe help us understand why you see the need to do this now? Or what's maybe the impetus driving that?,Confident,
"Okta, Inc.",OKTA,NASDAQ,2024-12-03,Madeline Brooks,"Good afternoon. So I think overall, we can all agree that this is a really strong quarter for you guys. So I think then when I take a step back and look at the market, I really want to kind of hone in on the 7% guide for next year. And if I just kind of extrapolate what new bookings was for this quarter, we can kind of get to an assumption that maybe the core workforce and SIEM markets are growing roughly 5%. And so I first want to clarify that 7%, does that include any upside from new bookings or new bookings from or from new products? Or are new products already baked into that guide? And then just one follow-up question after that.",Confident,
"Marvell Technology, Inc.",MRVL,NASDAQ,2024-12-03,Harlan Sur,"Hey, good afternoon, and congratulations on the strong results and outlook. Matt, great to see the strong ramp and execution on your 5-nanometer AI training custom solution at your large cloud customer. This customer has been articulating for several months now, right, the strong deployment strategy for these ASICs. That same customer today announced its next-generation custom solution at 3-nanometers, which would be ramping, according to them, end of next year, so calendar '25. Imagine, like many others, they're pulling in their AI program. So, given what appears to be strong execution of your 5-nanometer program and the total ramp by Marvell team, the multi-year agreement with this customer that was announced a few days ago, your characterization of sort of multi-generational roadmap with them, is it fair to assume that you will be the ASIC vendor supporting your customer on this next-gen 3-nanometer training ASIC targeted to ramp late next year? The only reason why I ask is because there just continues to be a lot of competitive noise out there around this 3-nanometer program.",Confident,
"Marvell Technology, Inc.",MRVL,NASDAQ,2024-12-03,Tom O'Malley,"Hey, Matt. Thanks for taking the question. Congrats on the great results. I wanted to ask on some of the parts of the Amazon announcement. So, AEC was mentioned, PCIe retimers, switching products. So, you're hearing just a lot from other smaller companies that are seeing some big robust revenue ramps. Could you just do your best to maybe size how significant those are for you today? And then, when you look out kind of over the next 12 months, what area of those non-optical DSP businesses are going to be the most significant for you? Just generally, where are you going to see the most growth outside of like that core optical DSP business? Thanks, Matt.",Confident,
"Marvell Technology, Inc.",MRVL,NASDAQ,2024-12-03,Tore Svanberg,"Yes. Thanks, Matt. Congratulations on the strong execution and also congratulations to Loi on his retirement. So, you announced the Ara 3-nanometer 1.6T DSP today. I think it's only about 18 months ago since you announced the Nova 5-nanometer. So, I was a little bit surprised about the timing there. Am I reading into too much there, or is there something going on in the marketplace where there's a big push now towards 3-nanometer and lower power? And any more color you can add on the timing of Ara would be great.",Confident,
Torrid Holdings Inc.,CURV,NYSE,2024-12-03,Marni Shapiro,"Hi, guys. Congratulations to Laura. I'm so happy that you guys are back together and that she's gone from throwing blazers. Much better having this girl power moment here. It feels to me like you guys have done a great job now sort of fixing all of the operations and fundamentals. And as you're -- I can't think of a better way of putting this, but as you're turning on those product spigots and the customers reacting, it's almost having a magnified effect on things like margin, et cetera. So can you just talk a little bit about that? Because you've, like you said, a lot of newness coming. Corey touched on the inventory. From my vantage point in your stores, anytime something new comes in, I never think you have enough inventory. It moves so fast. So can you just kind of pair together, you know, a little bit like here's where we are foundationally and this is how we see turning on these spigots of fashion and how it's kind of dropping kind of quickly? You claimed that you're also spending on marketing. If you could just pull it together a little bit cleanly, a little bit more tightly.",Confident,
Intuit Inc.,INTU,NASDAQ,2024-12-03,Taylor McGinnis,"Perfect. That was great context. And maybe just to dive a little bit more in terms of what this means for the numbers. So, when we look at the 2Q revenue guide, very impressive and implies a strong acceleration. You guys talked about how consumer is expected to be down low-single-digits. So, when we think about where that strong acceleration is coming from, whether that be Credit Karma being able to maintain the double-digit growth that we've seen or more of that coming from the Global Solutions Business, how would you unpack that?",Confident,
Intuit Inc.,INTU,NASDAQ,2024-12-03,Taylor McGinnis,"Perfect. And then, maybe shifting gears to the consumer business. So, if we look at the high end of the revenue guide for consumer, it's very similar to what you did last year. So, based on our math in order to get upside, and correct me if I'm wrong, but you might need to see a modest acceleration either in TurboTax Live or the DIY business. So, when you just think about where you could see -- where you see the most opportunity based on some of the initiatives you guys have in place here? I guess, what are you most excited about? And then, as a second part to that question, what is Intuit doing that's different? I know you talked a lot about like the promotional side, right, but anything else beyond that, that's different this year than last year that's giving you guys a lot of that optimism that we heard on the call?",Confident,
Colgate-Palmolive Company,CL,NYSE,2024-12-03,Q - Dara Mohsenian,"So maybe we can just start with organic sales growth. Obviously, we've been through a period of above-trend pricing in the group that's coming off as we look out over the next few quarters, maybe you can just talk about, are you confident at the enterprise level across the organization that we land at this 3% to 5% organic sales growth going forward as we look out past some of this hyperinflation or just excess inflation in non-hyperinflationary markets. And part of the question is, I think from an internal standpoint, you guys have made a ton of progress with the strategy changes over the last few years. It seems to be driving greater household penetration, greater market share, so on the one hand, you seem to have a lot of momentum internally, perhaps the external markets are a little more challenged given some of the volatility we're seeing with the consumer and pricing coming off. So maybe juxtapose those two things versus each other. And as you look going forward, obviously, we're not going to continue with the growth rates we've been at, which has been well above your long-term target, but are there some things that could move you towards the higher end? And how do you think about sort of headwinds versus tailwinds?",Confident,
"Donaldson Company, Inc.",DCI,NYSE,2024-12-03,Angel Castillo,"Good morning, and thanks for taking my question and congrats on another strong quarter here. Just wanted to touch base on maybe just to start on the pre-cash flow conversion, you mentioned that that's kind of in line with your expectations, but can you just give us a little bit more color on maybe the 47% conversion and just as you think about, it seems like it was maybe more kind of working capital, just kind of those drivers and maybe how you get back to that 85% to 95% for the year.",Confident,
"Lumen Technologies, Inc.",LUMN,NYSE,2024-12-03,Ana Goshko,"Okay. So outside of the PCF deals, I think you recently mentioned seeing some increased demand for waves and IP with large enterprises in the mid-market segment. Just anything you can tell us about -- is that momentum continuing, accelerating and what you're generally seeing on the macro? And how could the new environment we're going to be in with a new administration impact you, in particular, with regard to your public sector exposure?",Confident,
The Coca-Cola Company,KO,NYSE,2024-12-03,Dara Mohsenian,"Great. And as I think back over the past few years, you've had a really impressive track record of growing earnings and overcoming external headwinds. You've delivered pretty steady earnings growth versus if you go back years ago, when FX and some of the bottling divestitures were pretty big headwind. We are seeing some of those headwinds come up for 2025, right? Currency, where we are today is certainly a substantial headwind, interest expense in theory is a headwind also. So just putting all of that together, how confident are you that 2025 is an earnings growth year? And how do you think about potentially offsetting some of those headwinds strategically versus reinvesting in the business? You've talked about how historically you have to overcome FX to some extent, if it's continuous from a multi-year standpoint. So, I'm just trying to understand how that all comes together in 2025?",Confident,
"Core & Main, Inc.",CNM,NYSE,2024-12-03,Kathryn Thompson,"Great. Thank you for taking my questions today. The first is just on -- focusing on end markets and going to first focus on the municipal end market in particular. You have current expectations for up low single digits for 2024 and not that we're necessarily looking for 2025 guidance, but any thoughts on kind of the pace and momentum going into next year with large amounts of IIJA money still to be spent. And municipalities [indiscernible] are generally steadier versus end markets. But there could be some unique tailwinds helping with that end market. And if you could have just a similar commentary on the non-res end market too. I guess, the same backdrop. Thank you.",Confident,
"Core & Main, Inc.",CNM,NYSE,2024-12-03,Patrick Baumann,"Hi, good morning. Thanks for taking my questions. I appreciate the 2025 end market and marketing [Technical Difficulty] Can you talk about what's been allocated out of that? I think it was $55 billion of funding for water from IIJA. What's still to come and why it's been so slow to develop? And what's the upside to that low single digit growth rate when this comes. And then on non-res, if you could comment on -- if you have exposure to data center development, what that might be and could that be a meaningful tailwind for that non-res end market for you or not really? I'm just curious what you do from a data center perspective.",Confident,
"CleanSpark, Inc.",CLSK,NASDAQ,2024-12-02,Mike Colonnese,"Hi, good afternoon, guys, and congrats on a very strong fiscal year here. Just a couple from me. First, it would be great to get your perspective as to why you believe that miners have lagged Bitcoin this year, especially considering that, at least historically speaking, CleanSpark and some of the other top tier miners in the space have actually outperformed Bitcoin during this stage of the cycle. Would be great to get your views there.",Confident,
"CleanSpark, Inc.",CLSK,NASDAQ,2024-12-02,Reggie Smith,"Not certain. I appreciate that. Thanks for the insight and the color, as always, guys. Great quarter. Congrats.",Confident,
"PagerDuty, Inc.",PD,NYSE,2024-11-27,Koji Ikeda,"Got it. Now that's a nice data point on the pipeline. And so a follow-up question here is on your target operating model, maybe for Jennifer or Howard, whoever wants to take it. I'm looking at the slide in the deck, and you guys are essentially at your target operating model. And so, I am a believer in the TAM that you guys are addressing. I do, do believe there's the potential here for you guys to accelerate growth here sometime over the medium term. And so, how do you think about kind of balancing being at the target operating model with this growth opportunity ahead of you? Are we essentially at peak margins for a while and incremental upside could be invested into growth, or I guess how do we think about that balance?",Confident,
H World Group Limited,HTHT,NASDAQ,2024-11-27,Lydia Ling,"[Foreign Language] Management, this is Lydia from Citi. So I have 2 questions. And so first one is on the store opening and like you actually accelerated the store opening in the third quarter. So could you share your latest target for your full year opening for this year? And how about the signing momentum in the fourth quarter to date? And could you also share your plan for the opening and store closure for the next year. And my second question is on the competition landscape in the midscale and also the upper-midscale segment. As we see the supply in this segment -- this segment also increased, do you expect some pricing pressure looking ahead? And also, do you face actually more competition on the quality of property resources for this segment?",Confident,
uCloudlink Group Inc.,UCL,NASDAQ,2024-11-27,Vivian Zhang,"Hello. Good morning and evening. This is Vivian Zhang with Diamond Equity Research, and congratulations on another strong quarter. So my first question will be about the partnership you just mentioned with the U.S. airport retail channel. So can you provide us some more color on this cooperation and how it will impact the future product sales?",Confident,
"Arrowhead Pharmaceuticals, Inc.",ARWR,NASDAQ,2024-11-26,Dina Ramadane,"Hi. Good afternoon. This is Dina on for Jason. Thanks so much for taking our question. Congrats on the deal announcement and the progress this quarter. The first one we had is more of a broad strokes question. How does the Sarepta agreement change your TRiM discovery engine prioritization by tissue type and targeted number of lead preclinical candidates that you plan to kind of accelerate into the IND stage over the near term? Like, do you plan to kind of separately advance preclinical assets for your own internal verticals or for additional partnerships? And then I just had a follow-up on your zodasiran strategy. Is it may be safe to say that we could see an execution of a CVOT when the company is in a better capital position with cost from the plozasiran studies winding down in 2026 or so? Thank you.",Confident,
"Arrowhead Pharmaceuticals, Inc.",ARWR,NASDAQ,2024-11-26,Patrick Trucchio,"Thanks. Good afternoon and congrats on the collaboration. I just have a couple of follow-ups on it. Can you tell us how the clinical or preclinical programs are expected to be prioritized within the collaboration with Sarepta? And how much input Arrowhead would expect to have in that process and separately, can you tell us how the collaboration contributes to or accelerates achieving the 2025 strategy?",Confident,
"Nutanix, Inc.",NTNX,NASDAQ,2024-11-26,Jason Ader,"Yes, thank you. Hi, guys. So when I look at the second half and you gave basically guidance revenue per quarter for the second half. But then looking at the operating margin for the year, you raised that only slightly after having pretty significant outperformance in Q1 and also guiding to a pretty robust operating margin in Q2. So that implies the second half is going to be kind of way down on the operating margin. And I know you said you're going to be ramping expenses, but just want to make sure that there's nothing kind of idiosyncratic to the second half that we're not thinking about. And then can you talk about where that ramp-up in spending is going to come? You said sales and marketing and R&D, but could you be more specific within those buckets?",Confident,
BBB Foods Inc.,TBBB,NYSE,2024-11-26,Unidentified Analyst,"Hi everyone. Hello, Anthony, Eduardo. [Indiscernible] JPMorgan. Thanks for taking my question. Actually like, I'll put my question in two pieces. So first, like we did see the company accelerated while the market actually decelerated. So, my question to you and maybe try to resonate with the spaghetti chart, but trying to look into the quarterly trends, trying to break down the same store sales between ticket and traffic. Just to try to understand how more Mexicans are seeing higher value proposition into 3B stores. The second question goes into like going back to the gross margin. We understand that that fluctuates on a quarterly basis. Really depends on mix and like commercial stance from both you and the competition. But just wanted to understand like where we should be anchoring like the normalized level when we look at a 12-month, 18-month basis. So, if we could assume that 2023 levels would be the levels going forward as a normalized basis. Last but not least, I mean like look at the expansion as you flag. I mean you're comfortable into the guidance this year thinking on the seasonality like probably it suggests that you could naturally beat the guidance this year. But looking to the quarter what I wanted to understand is that like how can we reconcile like this higher SG&A leverage, right? So, it was a quite important number for that and the store openings throughout the quarter just to understand how relevant those new stores were to revenues or if we could assume that eventually could have an even higher operating leverage if those stores were open like earlier into the quarter. Thank you very much.",Confident,
Grupo Supervielle S.A.,SUPV,NYSE,2024-11-26,Brian Flores,"No, no worry. We'll, of course, touch upon that plan as soon as it is possible. My second question is on the investment platform, right? We know it's very successful, and it's -- can you maybe elaborate a bit on what are the plans for this investment platform? Where do you see it maybe in the next, I don't know, 18 months? Because I know, obviously, real wages could also bring some tailwinds here, right, as people have more available income to not only save, as you mentioned, increase deposits, but also maybe invest, right? So how are you thinking strategically about this initiative? Because we know it's very well positioned in the market. So it would be great to hear from you. Thank you.",Confident,
Embecta Corp.,EMBC,NASDAQ,2024-11-26,Marie Thibault,"Hi, good morning. Congrats on a great quarter and guide. Wanted to ask here about the patch pump program and try to understand a little bit better what's coming next. Congrats on making a decision there. But want to understand a little bit about what you're hoping to do with the free cash flow generation in addition to paying down debt. Are there other capital allocation priorities that you want to highlight, whether that's -- I know you pay a dividend, but increasing a dividend or share repurchases or potentially M&A, anything else to consider there?",Confident,
Abercrombie & Fitch Co.,ANF,NYSE,2024-11-26,Dana Telsey,"Congratulations on another successful quarter, and congratulations, Robert. Fran, if you look at the Hollister business, we saw such nice acceleration in comps not only from last year but from the second quarter. Where are you in the arc of that business as it continues to move forward? And is there any difference in the men's and women's performance? And then, Scott and Robert, incremental investments were a topic of conversation last quarter. With marketing, how are you thinking of the components of investment going forward, and what we should look for?",Confident,
Abercrombie & Fitch Co.,ANF,NYSE,2024-11-26,Corey Tarlowe,"Great. Congrats to Robert on the CFO appointment. I wanted to ask about the drivers of the Abercrombie growth. Could you maybe unpack for us what you felt were some of the largest drivers of the growth in the quarter and where you're seeing any momentum? And then I was curious if you could just also touch on anything you saw on YPB in the quarter? And then for Scott, as we think about the margin profile as we look ahead, what, in your view, is likely to be sustainable versus transient as we think about the future for Abercrombie's margin structure?",Confident,
Abercrombie & Fitch Co.,ANF,NYSE,2024-11-26,Matthew Boss,"Congrats on a nice quarter, especially despite all the weather. So, Fran, could you speak to global brand awareness and new customer acquisition that you're seeing overseas? And if you could elaborate on the strong early holiday response and current business momentum that you're seeing in November across brands, I think that would be great. And then maybe, Scott, if you could just break down 4Q gross margin expectations maybe relative to the 20 basis points of expansion in the third quarter and just your comfort with inventory.",Confident,
Abercrombie & Fitch Co.,ANF,NYSE,2024-11-26,Janet Kloppenburg,"Congratulations on the good performance. Fran, I wondered if you could talk about the Hollister margins, the contribution margin, given the real acceleration that you're seeing in top line there? And maybe the brand has more room to go in terms of improving margins there. And Scott, just one question. When we think on inventory, when we think about the inventory, and I understand what's going on with freight, et cetera, should we think that you'll go down to single-digit levels next year? Or is there a possibility you'll remain at the double-digit level as we look forward?",Confident,
"DICK'S Sporting Goods, Inc.",DKS,NYSE,2024-11-26,Brian Nagel,"Hi, good morning. Congrats again. Another great quarter.",Confident,
LexinFintech Holdings Ltd.,LX,NASDAQ,2024-11-26,Yada Li,"[Foreign Language] Then now I do the translation. Congrats to the exciting results. My first one is, what's management view on the growth strategy for the fourth quarter following the rollout of government policy stimulus at the end of September? And can we see signs of consumer loans demand recovery based on the current operational data? And secondly, what's the core drivers for the significant net profit growth this quarter? And will this growing momentum of net profit continue in the following quarters?",Confident,
Semtech Corporation,SMTC,NASDAQ,2024-11-25,Harsh Kumar,"Yeah. Hey, Mark Lin. Mark, Hong and the entire Semtech team, congratulations on a very strong quarter, very strong guide. I had one quick one on data center and another one on LPO. So, Hong, for you, could you just give us an idea of what you're thinking about the growth for ACC in the January quarter as you're guiding? And then, when do you think it will steady out to a sort of a steady-state sales format? Is it second half or will it continue to build through the year? And then, I have a follow-up.",Confident,
Blue Bird Corporation,BLBD,NASDAQ,2024-11-25,Craig Irwin,"Well, I like those comments, and congratulations again on the record results.",Confident,
Zoom Communications Inc.,ZM,NASDAQ,2024-11-25,Kash Rangan,"Hi, thank you very much. I will Echo the congratulations, sir. And congrats to you, Michelle, on your first earnings conference call with Zoom. Eric, we had the pleasure of attending Zoomtopia as well I’m curious, where are the budgets for AI coming from? Is it from a separate pool from your customers? Or are they taking the budgets -- out of budgets or AI money out of budgets that were designed for Zoom? And also a follow-up question on the macro. A tone of customer conversations for both the elections, do you sense that there is slightly higher animal spirits, better appetite to spend in tech -- on [tech edit] (ph) -- and on Zoom's products in particular? Thank you so much.",Confident,
Zoom Communications Inc.,ZM,NASDAQ,2024-11-25,Alex Zukin,"Hi guys. Congratulations on a solid quarter. Maybe just -- I'll say, 1.5 questions. On the monetization side, Eric, as you're starting to see AI companion additions and interactions start to scale as you think about the kind of ultimate monetization opportunity of AI in terms of the broader portfolio, how, when, where should we see it? Is it through selling contact center that's more AI native into the overall base. Is it the verticalization of the AI Companion 2.0? Is it better AI companion expanding. Just give us a flavor for the how and the when. And Michelle, if I look at from a kind of forward KPIs, I see enterprise billings growing double digits again. I see CRPO growing double digits again. I see churn for the online business basically getting lower every quarter by 20 to 30 basis points. why shouldn't we kind of extrapolate that as the online business stable, flat enterprise business accelerating from here?",Confident,
Zoom Communications Inc.,ZM,NASDAQ,2024-11-25,Siti Panigrahi,"Great. Thank you. Michelle, congrats on your first earnings call and you talked about your focus to reaccelerate top-line growth. Can you guys hear me?",Confident,
Zoom Communications Inc.,ZM,NASDAQ,2024-11-25,Samad Samana,"Hi, good evening. And I'll echo the congrats on the next quarter. Maybe on Workvivo. I know Meta announced that it would be sunsetting the Meta Workplace product, and it would be in stages over ‘25 and 26 and [midterm] (ph) customers toward Workvivo. Can you guys help us think about how you're thinking about that ramp? You've had good momentum there. Customers grew 72% year-over-year. Can you quantify maybe how much of the growth is coming from Meta and how we should think about that momentum going forward?",Confident,
"Cracker Barrel Old Country Store, Inc.",CBRL,NASDAQ,2024-12-04,Jake Bartlett,"Great. And then just one question on the operations and it's on your remodel program. I guess I'm a little confused with some of the terminology. I just want to make sure I get it right. I'm looking at the last quarter's earnings call, and you talked about the three kind of high, medium, low options, and then you've developed a fourth option, which you're calling a refresh. Now it seems like you're referring to kind of refreshes separately from the four different tiers of remodel. So, I just want to make sure I understand the difference between a refresh as you're calling it now and the four tiers of remodels that you're testing. And I'm also wondering if there's anything more you can share about the relative performance of each. It sounded like -- one of my takeaways from the last call is that the refresh or the less intense remodel was actually having a really good result, and that might end up driving maybe a lower cost of the program overall. I guess my question is whether is that bearing out, that you're finding that maybe some of the lighter investments is actually driving the most attractive returns?",Hedging,
Rocket Lab Corporation,RKLB,NASDAQ,2024-11-12,Matt Akers,"Yeah, hey guys. Good afternoon. Thanks for the question. I wanted to ask about space services. You guys kind of teed that on Slide 4. Just curious. I know you don't want to reveal what that could look like yet but just curious what kind of time frame you had in mind. It seems like you know kind of the Phase 1 and 2 are in pretty good shape so I guess – if you move to phase 3, I mean do we need to get Neutron sort of at a higher production cadence? Are there maybe more parts of the portfolio to fill in? Just curious how you think of kind of the timing there.",Hedging,
"Altimmune, Inc.",ALT,NASDAQ,2024-11-12,Liisa Bayko,"Hi. Thanks for taking the question and congrats on all the progress. Sort of two-line of questions for me. First of all, I guess as it relates to cardiac safety, do you think FDA views this as a class effect and it might be something that, you know, sort of comes up as you talk about, go back to FDA and discuss the fuller Phase 3 program including MASH, which I think is what you intend to sort of prioritize yourselves? I'm just curious about that or is this something where they've seen something specific in the survodutide data? It just seems to me with the ratio that they have versus the ratio you have and the fact that you do have quite a bit of glucose on. I'm wondering if that's something that kind of gets revisited? And then curious about the timing of the additional indications really interesting concept are you going to wait you know for data from, you know, in MASH before initiating those and really taking off or when should we expect to learn more about that? Thanks.",Hedging,
TELUS International (Cda) Inc.,TIXT,NYSE,2024-11-08,Cassie Chan,"Hey guys, thanks for taking my question. I guess I just wanted to ask what your expectations were for sort of tech and gaming vertical to kind of get back to positive year-over-year growth. It seems like you guys are getting some good momentum there, but just curious if you guys see an inflection point in the first half of next year or something.",Hedging,
APA Corporation,APA,NASDAQ,2024-11-07,John Freeman,"First topic, just a little bit more infill on the North Sea. So I just want to make sure that I'm understanding. So the way that you laid it out, Steve, of the ARO, you said about half would potentially be spent between now and the end of 2030. And I guess I'm just trying to understand in terms of just outflow of capital, as you all like ratchet down the CapEx in the North Sea over the next several years and then factoring the AROs, just sort of how I should think about just capital being spent in total in the North Sea over these next 10 full years. When I know the -- it's a minimal spend CapEx-wise in the North Sea next year, but just any color on that front would be helpful.",Hedging,
Lennar Corporation,LEN,NYSE,2024-12-19,Q - Stephen Kim,"Got you. Okay, switching gears to volume, your closings guide is 86% to 88%, up about 10%. I guess my question is does that assume orders for the year noticeably above the closings range, or does it assume a meaningfully higher backlog turnover ratio for the year? Because I, think in order to hit that closings guide, you're going to need one or the other. You're going to need to have orders either higher than, that number or you're going to have to have backlog turnover ratio higher than it was last year. And so I'm kind of curious which is it? And if, you tell me if, it's orders, that orders are going to be higher. I just want to make sure that we're thinking right because that my model is sort of telling me, it's got to be like north of 20% order growth in 2Q and 3Q, including Rausch. And, if you're telling me, well no, it's probably a higher backlog turnover ratio. I'm going to ask, well then, well are you contemplating cycle time impacts for maybe a crackdown on undocumented workers.",Hedging,
"Conagra Brands, Inc.",CAG,NYSE,2024-12-19,Andrew Lazar,"Sean, we saw I guess during the course of the quarter sort of a little bit of a gap open up between sort of scanner and sort of Conagra shipments. And I'm just curious if you saw any benefit from the Thanksgiving timing change on volume in the quarter that you would expect to reverse in the third quarter just given others with sort of similar fiscal years have kind of discussed this dynamic?",Hedging,
"Amentum Holdings, Inc.",AMTM,NYSE,2024-12-17,Trevor Walsh,"Great. Good morning, team. Thanks for taking my questions, and congrats on a solid public market debut. Maybe just at a high level, there were some really good announcements during the quarter around environmental/kind of nuclear-focused deals. And just curious kind of how you guys are viewing that opportunity with kind of with respect to AI more specifically, and if nuclear becomes more of a priority for whether it's here domestically or internationally, if you feel like you're well positioned kind of in the current set of capabilities to help kind of, I guess, reinvigorate that area, or if there might be some more training or people to bring on board in order to kind of better attack that opportunity and kind of just what you feel kind of that kind of longer term sort of picture of what that might look like over time from an opportunity perspective?",Hedging,
"Mama's Creations, Inc.",MAMA,NASDAQ,2024-12-16,Eric Des Lauriers,"Thank you. That's very helpful. And then just in terms of the new longer term targets in the low-30s, I guess, this kind of parlayed into the next question I have. Just wondering if you have any other CapEx projects sort of earmarked for the quarters ahead? And if so, could you just sort of talk about how we should be thinking about those? Are these as sort of intensive of an installation process as we saw this year? So, I guess just a comment overall on any new CapEx projects over the next couple of quarters and then the ability to sort of what you need to do to get to the low-30s longer term target? Thanks.",Hedging,
"REV Group, Inc.",REVG,NYSE,2024-12-11,Mig Dobre,"Mark and Amy congratulations to you and the REV Group team. I guess where I would like to start, Mark, is to get some of your thoughts on where the company is from an operating standpoint. I remember when we were having a similar conversation three years ago, you really talked a lot about simplification, you talked a lot about some of the in plant operating improvements and the heavy lifting that sort of had to be done. The way I interpret your presentation today is you're essentially saying that what had to be done the heavy lifting is basically behind you and now you're switching to a more normalized operating environment. If I'm wrong about that, please correct me, tell us what's still left to be done. And the follow-up to this is, if you're now in a more normalized kind of operating mode, is it fair to say that you are to the point that you can pivot towards M&A a little more aggressively than we've been able to do in the past?",Hedging,
"Yext, Inc.",YEXT,NYSE,2024-12-09,Tom White,"Okay, great. Thanks, Mike. That was very interesting. Maybe just in the letter, I think there was a mention that you guys will continue to evaluate M&A opportunities. And I guess, you've also talked about and you've discussed kind of this fragmentation of search experiences and just how the kind of the search space and digital knowledge space kind of continues to evolve quickly. I'm just curious like are there any other products like if you look out a few years that sort of adjacent products that you can imagine sort of wanting? And I kind of say that thinking about Hearsay and social like I feel like we didn't hear a ton about you guys talking about social for a few years. And then all of a sudden, we heard about it for a couple of quarters and you decided it was something you needed to have. I'm just kind of curious if there are any other kind of adjacent products that you think might make sense for you guys to think about either building or buying? Thanks.",Hedging,
Genesco Inc.,GCO,NYSE,2024-12-06,Mitch Kummetz,"And then, Mimi, on the stores, really two parts to this question, because you're closing some stores and then you also have this new store design. So first of all, I'm curious to know, as you close stores and continue to close stores, what are you seeing in terms of the productivity of stores that remain open in those markets where stores are closing? It sounds like you're not seeing much of a sales hit in general a little bit. So I would imagine that some of those stores, we'll see a productivity lift when they're in a market where there might be other stores of yours closing. So maybe you could just kind of go through that? And then also on the new store design, it sounds like you've had 10 stores open there. I don't know if there are any early results that you could speak to. But I guess more so, can you talk about what you see as being the rollout there and kind of the potential for that longer term?",Hedging,
Genesco Inc.,GCO,NYSE,2024-12-06,Mitch Kummetz,"Okay. And then maybe just a couple of last of things. One, just in terms of Journeys comp, you've obviously bumped up the comp guide for the full-year. I think for the fourth quarter, Sandra, you mentioned positive, but not as strong as the Q. That's a pretty wide range, I'm wondering if you get a little bit more specific? Are you looking low-single, mid-single, high-single for Journeys in the quarter? And also with -- where is the business quarter-to-date, if you can say? And is it sort of -- is quarter-to-date kind of in line with what you're thinking for the quarter as a whole? And then I guess I have one last one.",Hedging,
"America's Car-Mart, Inc.",CRMT,NASDAQ,2024-12-05,Vincent Caintic,"Hey, good morning. Thanks for taking my questions. It's great to see the good credit performance continue that trend. So my first question actually is on credit. So it was nice to see that trend, the LOS having the benefit the back book shrinking. And I'm just sort of wondering if we can talk about kind of how you view things once your portfolio evolution is complete. I guess, if you could compare where your portfolio is now versus what you are underwriting to. So let's say, once the back book goes to zero and the LOS originations become 100% of your portfolio, what sort of losses and allowance credit reserve rate should we be expecting in that environment?",Hedging,
General Motors Company,GM,NYSE,2024-12-04,Joseph Spak,"And then moving over to China. Again, as you sort of said, I don't think this is sort of a big surprise that there was a charge coming. On the restructuring, are those plans actually set? The release was a little bit unclear. It seems like maybe there's still some stuff to be worked out or what -- I know you can't say a lot about the restructuring, but what stage are we at I guess?",Hedging,
"Codere Online Luxembourg, S.A.",CDRO,NASDAQ,2024-11-27,Pat McCann,"Got you. That makes sense. And then my other question is -- might not be the most pressing at this time. But just looking at the license expiries in your -- in the -- I guess, the new world markets, let's say, I think the first one to come up will be Colombia in late next year. And I know that's not market where you're -- you sort of deemphasized that as far as growth goes for the time being and really are more focused on Mexico and the opportunity there. I'm just curious, is that something where you would be kind of renewing that license and trying to maintaining that market for potentially investment growth at some point down the line? Or how do you think about sort of the secondary markets when it comes to the licenses going forward?",Hedging,
The J. M. Smucker Company,SJM,NYSE,2024-11-26,Rob Dickerson,"Okay. That's very helpful. And then maybe just to touch on a kind of comment you just made, which is going to be a question anyway. It seems like there are -- clearly, there are moving pieces around the segments in terms of how profitability is coming in, right? I think you said originally pet might have been kind of 25% or so, op margin in Q2 might come in a little bit better, right? So, so far in the first half, pet is coming in at 28% margin and that's without the release of all the stranded overhead. So, I'm just curious, if we're thinking about kind of that total portfolio, let's say, in the back half, right, coffee margin comes down a little bit, totally understood as to why. Seems like kind of frozen, handhelds and spreads is kind of maybe running around that 23%, 24% range. Pet is doing a lot better, right? And then Sweet Baked Snacks, I'm hearing, a little pull-forward and some activation, maybe there's a little bit more investment coming in the back half. So, is it fair to say just kind of all in that -- yeah, coffee margin is coming down some. Pet, probably higher than we originally thought. Frozen is kind of in-line-ish. And maybe Sweet Baked Snacks comes a little lower kind of in Q4. So, net-net, it all kind of plays okay, but really pet is driving some of the offset in funding of some of the other parts of the business. There's a lot in there, but that's all I have. Thank you.",Hedging,
The J. M. Smucker Company,SJM,NYSE,2024-11-26,Steve Powers,"Hey, thanks. Just a quick, I guess, follow-up to some extent on the pet business. Tucker, you called out, as you talked about, the three key puts and takes. It's just some, I guess, caution or conservatism, acknowledgement of the discretionary nature of pet treating. Just I would love an update on what you're seeing in that category. It appears to us, I guess, at least sequentially that kind of the sensitivity to demand has held pretty stable. We were looking for things to potentially get worse quarter-over-quarter and that doesn't seem to have happened thus far this year. So, I'm just curious, what you're seeing and are you expecting relative sequential stability, or do your comments kind of portend another step down in demand as you go into the back half?",Hedging,
VinFast Auto Ltd.,VFS,NASDAQ,2024-11-26,Tyler DiMatteo,"Hi there, thank you for taking the questions. Appreciate the time. I wanted to follow-up on some of the comments in the press release about the responding to increasing demand. But the new EV facility in Vietnam, the completely knockdown concept. I guess I'm just curious to get a little bit more color, on kind of the rationale for that facility. It seems like it's just going to be to manufacture the VF 3 and VF 5, which makes sense given the demand you're seeing. I guess I'm just curious, kind of why pursue this route, and kind of just the strategic rationale here for this new facility? Thank you.",Hedging,
Semtech Corporation,SMTC,NASDAQ,2024-11-25,Scott Searle,"Hey, good afternoon. Thanks for taking the questions, and congrats on the data center performance. Maybe I'll shift away from the data center since it seems like it's been covered. Hong, on the PON front, it seems like it was another decent quarter, still really China-focused. I'm wondering if you could give us some thoughts in terms of the incoming administration, any sort of impact on the PON business in China. If there is any, kind of how you're thinking about growth there? And then specifically, how you're seeing design activity outside of China, particularly as we start to talk about 10-gig and above?",Hedging,
"Ross Stores, Inc.",ROST,NASDAQ,2024-11-21,Adrienne Yih,"So just to sort of like – sorry, another question on this. Have you given any color on what the kind of brand penetration or the tweaking that you've done, like how much tweaking? Is it mid single-digit percent of the assortment? And I know it's going to be very, very hard to kind of do that on a global basis. But any color there on the amount more in brands? And then, Michael, or Adam, perhaps if you can help give us some color on sort of the differential. And I guess it will be different per brand, what the differential to kind of the current merch margin is relative to kind of what a brand might be like the increased brand penetration. And I guess my final just like wrap up on that. Back when you were doing 14%, 15% operating margins, the gross margin was 100 change, higher 29%. So if we do have kind of merch margin pressure, is the offset to come from leverage from just gaining higher than your historical kind of one to two comp? Is that the – how we should think about it? Thank you.",Hedging,
Elastic N.V.,ESTC,NYSE,2024-11-21,Tyler Radke,"Yes. Thanks Ash. And Janesh, for you, just going back to the commentary around the large customers consumption in the quarter. I guess as you think about the stronger than expected trends that you saw, would you say that, that was kind of onetime in nature? Or do you -- was this kind of onboarding new use cases? And just to clarify, you are saying that you're seeing these strong trends continue. You're just not embedding it into the guidance. Just wanted to clarify that. Thank you.",Hedging,
Jack in the Box Inc.,JACK,NASDAQ,2024-11-20,Brian Harbour,"Yeah. Thanks. Good afternoon, guys. I had a question about a couple of pieces that just feed into your guidance for next year. Have you assumed any refranchising sort of beyond the 13 that you mentioned? And I don't know if -- are there any G&A savings that you come from that? It seems like maybe not at this point. And then also just kind of what drives the repurchase assumption relative to kind of what you did in '24?",Hedging,
NVIDIA Corporation,NVDA,NASDAQ,2024-11-20,Timothy Arcuri,"Thanks a lot. I'm wondering if you can talk about the trajectory of how Blackwell is going to ramp this year. I know, Jensen, you did just talk about Blackwell being better than I think you had said several billions of dollars in January. It sounds like you're going to do more than that. But I think in recent months also, you said that Blackwell crosses over Hopper in the April quarter. So I guess I had two questions. First of all, is that still the right way to think about it that Blackwell will crossover Hopper in April? And then Colette, you kind of talked about Blackwell bringing down gross margin to the low-70s as it ramps. So I guess if April is the crossover, is that the worst of the pressure on gross margin? So you're going to be kind of in the low-70s as soon as April. I'm just wondering if you can sort of shape that for us. Thanks.",Hedging,
"Affirm Holdings, Inc.",AFRM,NASDAQ,2024-11-20,Unidentified Analyst,"Yeah. I mean, a number of card issuers, legacy card issuers, have put options out to sort of put a payment that you put on your card into an installment sort of in arrears, but I don't think adoption rate or sort of consumer focused on that makes a lot of sense. But clearly, this is, I think, the only product in market like this, right, from what I know. And so, yeah, it seems like as people really get to learn how it works, it's going to very much take off. I guess, maybe if I change topics a little bit, I was hoping we could focus on competition, sort of competitive environment. Yeah. I think most people in the room probably took notice of Klarna having filed confidentially a week or so ago. And really, regardless of them being public or private, if you look at the metrics they published, they've been growing faster off a smaller base in the U.S. Conversely, Affirm has expanded into the U.K. And I suspect I'll come back to this, but with aspirations beyond that longer term, would you say the competition is heating up or is this such an expanding sort of TAM that given the geographical differences and some of the product differences, there's a long way to go before we're thinking about this as a BNPL sort of competitive market.",Hedging,
"Keysight Technologies, Inc.",KEYS,NYSE,2024-11-19,Samik Chatterjee,"Hi. Thanks for taking my question. I guess for my first one, Satish, if I can go back to your comments earlier about not really embedding sort of inflection in all of the businesses and your 5% growth target for fiscal '25. How should I think about what kind of recovery or what your expectations are embedded in for semi-cap and general electronics? It seems like both are a bit mixed in terms of what you're seeing, but if you can just outline how you're thinking about those two areas in particular? And I have a quick follow-up after that. Thank you.",Hedging,
"BellRing Brands, Inc.",BRBR,NYSE,2024-11-19,Andrew Lazar,"Great. Thank you for that. And then I guess what is your sort of current view on what the increase in capacity will look like in fiscal '25. I think as of last quarter, it was kind of a mid-teen increase that was expected. I don't know if that's changed or not. And then are you closer to having to start to add maybe additional lines in either or both of the greenfield production facilities because I know that takes some time to get those up and running. Thank you.",Hedging,
"Fortinet, Inc.",FTNT,NASDAQ,2024-11-19,Matt Dezort,"Got it. Yes, I know you guys have quite buoyantly talked about the progression from FortiGate to SD-WAN to SASE. I guess, to stay on the topic, I want to ask about the SASE multiplier. I know you guys put out some slides yesterday. But as your customers progress through FortiGate to SD-WAN, to SASE, how should we think about the multiplier on an ACV perspective from SD-WAN to SASE, especially given it's kind of a different sale versus SD-WAN, which was majority of a cost savings pitch versus MPLS, right? How do we think about that? You mentioned it's a little bit of a longer transition. But how do we think about your ability to achieve those sort of multiplier effects with SASE pricing?",Hedging,
"Amer Sports, Inc.",AS,NYSE,2024-11-19,Michael Binetti,"Hey guys, great quarter. Thanks for taking our question. Andrew, just one quick modeling course correction, I think you said SG&A would be about flat next year. I think street models have about 40 basis points of SG&A leverage, so I just want to make sure I heard you correctly there, that I have the components correctly. Then I guess it sounds like you pulled forward some investment dollars into fourth quarter for growth initiatives, and then Stuart just suggested you’d maybe take a little bigger look at the plan for Arc’teryx footwear next year, but the revenue guidance is kind of the same algorithm we’ve heard from you guys for a while. It seems like you see a few potentials for upside. Can you maybe just--where do you see the most opportunity for upside to the low double digits to mid-teens revenue growth framework next year, and maybe just some thoughts on what you assume at the low end and at the high end of that range as we think about starting out our models for next year. Thanks.",Hedging,
Digimarc Corporation,DMRC,NASDAQ,2024-11-17,Jeff Bernstein,"Yeah. No, that's fine. And then just wondering on -- you had the reseller several quarters ago who had won a deal with precious metals, marking and a deposit return scheme. And just kind of wondering if there was any progress report you could give there? And as part of that, I think you mentioned in the press release that there was some subscription revenue growth from existing contracts and just sort of wondering if you could give any color on that.",Hedging,
"Airgain, Inc.",AIRG,NASDAQ,2024-11-15,Tim Savageaux,"I appreciate it. And I don't know if I heard you right, but I think you talked about the prospects for accelerating growth in 2025. And certainly, you got your addressable market more than doubling. And I wonder if in that outlook, when you kind of talked about sort of your baseline components business and your newer systems business, I don't know if you can break those down for us. But I guess, how much growth from the 5G side are you expecting with regard to that outlook for accelerating growth and growth across all your segments? At least in your own thinking, have you built in material revenue there?",Hedging,
Nayax Ltd.,NYAX,NASDAQ,2024-11-15,Unidentified Analyst,"Appreciate that. That's great to see the benefit of your scale. And then, just a second question for me. In your slide deck, you break out the revenue by region, but it seems like you sort of lump in Latin America into the kind of rest of world category. Just wondering if you can give us an idea of what that kind of LatAm contributes to your revenue diversification and how we should think about the acquisition of VMtecnologia and how you expect that to sort of change the footprint in that market specifically?",Hedging,
Sow Good Inc.,SOWG,NASDAQ,2024-11-14,Eric Des Lauriers,"Great. Thanks for taking my questions. I guess, first, just on the impact of the melted products, you said that some of your customers pushed them to shelves and obviously impacted sales velocity. Should we think of this as kind of a broad-based dynamic or perhaps targeted to just a few customers? I'm just kind of wondering if this is sort of across the customer base or this was more limited in its impact?",Hedging,
Sow Good Inc.,SOWG,NASDAQ,2024-11-14,Eric Des Lauriers,"That's all right. I appreciate the color there. I guess, on some of your other customers, 7/11, Target were sort of big, big wins earlier in the year. Could you maybe just comment on how we should think about these sort of dynamics impacting there? Should we think about these as kind of short-term as well? And I guess just more broadly speaking, besides those customers that you just called out, like how should we think about shelf space? Have you been able to sort of defend the shelf space that you won with them? Have you lost any accounts? Just kind of wondering how we should think about the sort of the customer base going forward, more broadly speaking.",Hedging,
DallasNews Corporation,DALN,NASDAQ,2024-11-14,Unidentified Analyst,"That's great. Glad to see you guys find some more success there. And I guess just my final question, if I could, in terms of the operating structure changes that are sort of taking place mostly in the first quarter of 2025. I was wondering if you could potentially give us a ballpark figure for your employee comp benefits, or maybe it's more of the other products, distribution, line item, what that run rate would be, pro forma, kind of these changes that are taking place. So including the headcount reduction, they've averaged each about the same, about $15 million or so. So, yes, I was just kind of curious what sort of that step down will be, understanding that you probably have some investments as well back into the business.",Hedging,
"BrightView Holdings, Inc.",BV,NYSE,2024-11-14,Greg Palm,"Yeah, thanks. Good morning. I guess, officially, congrats on the breakout EBITDA here, but also just congrats on a really sort of successful time so far in the first year. So, kudos to you and the team there. I want to dig into land growth a little bit more. And I'm not sure if you can kind of rank order the various levers, whether it's kind of the development conversion, the customer retention, but maybe expand on that a little bit in terms of how you see that playing out this year, but also thinking about route density and maybe new customer growth as well and kind of where we are on that kind of strategic focus as well.",Hedging,
"Taysha Gene Therapies, Inc.",TSHA,NASDAQ,2024-11-13,Whitney Ijem,"Hey, guys. Congrats on all the progress for me as well. Just curious, enrollment in the high-dose cohorts is obviously going really well, but wondering if you can characterize the level of demand or interest in the study, I guess, with an eye -- in the adults in particular with an eye towards thinking through kind of the ultimate market opportunity and kind of demand from older patients that you might be hearing or seeing?",Hedging,
Nu Holdings Ltd.,NU,NYSE,2024-11-13,Tito Labarta,"Okay. That's helpful. Thank you for that. And then I guess just another follow up on the margin, cause you had strong growth in deposits again, I know you're overpaying a bit in Mexico to kind of grow that deposit base. Would you consider maybe reducing the remuneration further either in Brazil or Mexico to help sort of on the funding side of things, particularly with high rates in Brazil and then conversely in Mexico, I saw that there was some October data where your loans jumped like 10% in October. So it seems like maybe you're getting more comfort to grow the loan book in Mexico. How do you think about the outlook for loan growth in Mexico from here?",Hedging,
"Fulcrum Therapeutics, Inc.",FULC,NASDAQ,2024-11-13,Dae Gon Ha,"Great. Good morning, guys. Thanks for taking our questions and congrats on the progress. Congrats on the progress. I guess two questions on pociredir, specifically. Going back to your 10-Q filing, it seems like on the Risks section, you have been having this information or the language around request for information to define a potential risk in any further studies that may be conducted in healthy volunteers. You are announcing your intention to do another healthy volunteer study. So curious what exactly was the feedback from the FDA post OXBRYTA withdrawal that led you to having this trial run sort of concurrent with the PIONEER study. And then second, I guess, in terms of the African conduct, just curious what have been sort of the latest FDA feedback on whether or not that meets the standards for the FDA review?",Hedging,
American Shared Hospital Services,AMS,NYSE,2024-11-13,Marla Marin,"So I want to follow up on something you said in the prepared remarks, right? About certain start-up costs, I guess, I guess they would be as you bring on new business launch in Rhode Island and Puebla. But I'm also wondering if when you bring on a new business, if there's a bit of a ramp-up period during which that new center or new centers sort of are ramping up to reach their peak operating efficiency. And Puebla, I think, came online during the quarter. So would you say that, that is something that we're seeing right now in the third quarter?",Hedging,
"American Healthcare REIT, Inc.",AHR,NYSE,2024-11-13,Austin Wurschmidt,"Just piggybacking a little bit on what you were talking about hierarchy in terms of attractiveness of funding options. Earlier this year, you were kind of focused on wanting to over-equitize deals and continue to drive down leverage. You've been able to do that sooner than expected. I guess, how should we think about sort of your plans to fund acquisitions that do come your way from a mix perspective of debt and equity?",Hedging,
Tower Semiconductor Ltd.,TSEM,NASDAQ,2024-11-13,Richard Shannon,"Okay. Russell, maybe looking forward here, trying to help people think about their growth expectations kind of linearity through next year. I know you probably don't get anything quantitative, but just kind of a framework to think about here. Generally, your first quarter is seasonally down. Wondering if you expect normal seasonality here? And then how do we think about growth going into next year. I mean the RF infrastructure looks utterly fantastic power is doing pretty well, and it sounds like your sensor and image businesses is poised to inflect here and I guess we can all project what RF-SOI can do -- or excuse me, in RF mobile, but it seems like a pretty good growth year here. How would you help us think about these dynamics as we put our models together?",Hedging,
"Natera, Inc.",NTRA,NASDAQ,2024-11-12,Matthew Sykes,"Congrats on the quarter. Mike, maybe just the first one for you. Just following up on Rachel's question on the OpEx. I'm just curious, as you think about the women's health business, certainly as it relates to sales and marketing. Are we at kind of a steady state there on the sales and marketing side, where there's sort of some maintenance investment you think you made, but most of the sales and marketing is going towards Signatera. I'm just trying to think about as we move into '25, how you're thinking about the allocation of OpEx across the product portfolio? And just want to make sure that my assumption on the Signatera is the sort of the beneficiary spend are going to be maintained into next year?",Hedging,
"Hudson Pacific Properties, Inc.",HPP,NYSE,2024-11-12,Dylan Robert Burzinski,"Good afternoon, guys. Thanks for taking the question. I think over the last several quarters, you guys talked about being able to achieve or ending the year in terms of office occupancy flat versus end of last year's figures. But it doesn't seem like that's the case any longer. So just trying – just curious, trying to figure out sort of what has changed in the last several months to where you guys no longer feel like you guys can reach flat occupancy year-over-year. I realize some of that is probably Amazon related. But maybe if you can just talk about sort of why that's kind of new news and being incorporated in guide or in occupancy now? And then two, like has anything changed on the leasing front? It seems like if anything at all, like leasing momentum has picked up throughout the year. So just more thoughts on that would be helpful.",Hedging,
"Hudson Pacific Properties, Inc.",HPP,NYSE,2024-11-12,Dylan Robert Burzinski,"And then I guess just one more from me. I mean, touching on the return to office momentum that you guys are seeing across the tech landscape, especially with some of the larger tech companies like Amazon. I mean what we saw in New York was as RTO picked up, you saw a pretty swift correlation to an improvement in leasing activity and minimal downsizing upon vacate. I guess one of the things we're trying to figure out is how does that parallel with what you guys expect to happen on the West Coast? It seems like the pickup in RTO is not necessarily causing a direct improvement in leasing demand, whether it be due to cyclical factors or something else. So just as you guys sit here today and look at the momentum you're seeing on RTO, I mean can you sort of talk about any offsetting impact associated with that? I mean it seems like Amazon is still and some of the other larger tech companies are still giving back space. So can you kind of just talk about some of the puts and takes and how you guys see that playing out over the next 12 months?",Hedging,
GrowGeneration Corp.,GRWG,NASDAQ,2024-11-12,Unidentified Analyst,"That's very helpful color. In terms of the margin opportunity with this B2B portal, and I guess GrowGen 2.0 here, if we think of that versus the more traditional brick-and-mortar business, how should we think about the potential difference in margin? And obviously, I know you guys haven't launched this yet; so I'm not looking for an exact number, but if you can kind of help us understand maybe a reasonable range, whether that's on a gross margin or EBITDA margin basis, however you want to take it. Just wondering if you can help give us a bit more color of -- kind of what you're anticipating from a margin perspective with this B2B portal?",Hedging,
"Progyny, Inc.",PGNY,NASDAQ,2024-11-12,Scott Schoenhaus,"I just want to kind of dig into the selling season more. The 6.7 million lives that you've stated for next year, the 1.1 million you added this year. I just want to make sure the 300,000 federal that were added this past year. Those are still consulting only. They're not full ART cycles. And then I wanted to ask about the 1.1 million lives added for next year. Can you give us any color on where the distribution, what kind of industry is it broad-based? Or is it more in the middle of the country? Like you kind of referenced last selling season, you were doing -- making more progress towards the middle of the country? Sort of any more color there on the cohort of this new clients added?",Hedging,
"Triumph Group, Inc.",TGI,NYSE,2024-11-12,Noah Poponak,"And Dan, you talked about the MAX and kind of ramping back up here and working through the inventory. I guess just curious your view just given how close you are to the situation of Boeing's ability to ramp back up at the total program level. On their earnings call, they, I think, were pretty cautious and sort of alluded to that taking a long time. You mentioned that a lot of the supply chain kept going. The September progress that they had shown looked pretty good. So obviously, they need to balance the right product quality and safety but they also have their own balance sheet and an entire supply chain that's waiting for them to deliver to demand. So I'm just curious from your perspective, how quickly do you think they should and could ramp back up the MAX?",Hedging,
OUTFRONT Media Inc.,OUT,NYSE,2024-11-12,Ian Zaffino,"Okay, thanks. And then also, if I could speak in one more on the MTA, and I don't know if you could per se answer this, but, as far as the rates going up, I guess ridership is still kind of well below where it was pre-COVID. Are you seeing either advertisers returning or kind of what's driving that rate? Just given that a lot of the ridership is just sort of stalled. And any kind of view on what ridership might be doing going forward? I guess a lot of companies are kind of calling people back five days a week. But any thoughts there would be helpful. Thanks.",Hedging,
"First Watch Restaurant Group, Inc.",FWRG,NASDAQ,2024-11-10,Katherine Griffin,"Hi. Thank you. This is Katherine Griffin on for Sara. First, I wanted to ask, I think it was -- Chris, you were talking a little bit earlier about the receptivity to some of your targeted marketing from lapsed users and maybe some customers that have been going to competitors. I'm just curious if you're able to tell if there's anything in common with either cohort. I would guess that these are customers that might be more value seeking. But just want to make sure I understand, I guess, like what -- as far as what the opportunity is to continue to leverage targeted marketing and kind of where you might take share from?",Hedging,
Douglas Elliman Inc.,DOUG,NYSE,2024-11-10,Peter Abramowitz,"Okay. That's helpful and very thorough. And just one more, if I could, for Michael. And good luck and good to meet you as you kind of embark on this journey here in a new position. But just curious, you mentioned talking about ROI targets on all your investments, whether new or existing across the company. Just wondering if you could help us think through kind of quantifying how you're thinking about what the hurdles and return rates you're looking for to sort of create value here within the company?",Hedging,
"nLIGHT, Inc.",LASR,NASDAQ,2024-11-09,Ruben Roy,"Thanks, Scott and Joe. Scott, I was wondering if we can go back to the backlog a little bit. And if you could just maybe talk about directionally kind of how backlog has progressed and especially in light of sort of what you said with some of the data points coming out now. Are you seeing that show up in backlog yet? I know you started off the year very strong with some backlog growth. I'm just kind of wondering how that's progressed, I guess.",Hedging,
Flywire Corporation,FLYW,NASDAQ,2024-11-09,Nate Svensson,"Hi, guys. Thanks for taking the question. Cosmin, you talked a lot recently about focusing on things like free cash flow and profitability. And I guess in your prepared remarks, you mentioned sort of sustained GAAP net income goal. So I know it's early days, but maybe you could give us some thoughts on how you're thinking about disclosures or guidance across these metrics as we head into '25. And then kind of following up on JD's question earlier. If I think back to the 2022 Investor Day where you laid out your mid-term growth target, I don't know if you've given any consideration to maybe providing an update to the street on when you see normalized growth, particularly given all the moving pieces in the business in Canada and Australia, et cetera, just to help us draw a line in the sand with regards to the future growth profile from here.",Hedging,
Farmer Bros. Co.,FARM,NASDAQ,2024-11-09,Eric Des Lauriers,"Congrats on the strong quarter here. My first question is in regards to getting back into specialty coffee with this new brand that's to be announced in the coming months here. How should we think about that impacting financials? And I guess we can start with just kind of the revenue side of things. Should we think of this essentially as reentering a new category and thus mostly incremental sales opportunities? Or is there any sort of, I guess, cannibalization of existing revenues? Maybe your customers buying premium where -- like more premium while they can't buy specialty? I'm just kind of wondering how we should think about the impact on revenues.",Hedging,
"F&G Annuities & Life, Inc.",FG,NYSE,2024-11-09,Wesley Carmichael,"I got it. And I guess my follow-up on the investment portfolio would be regarding the altas allocation. I think, I mean, if I just looked at you across the industry versus peers, like it seems like your alts allocation is a little bit higher. And I know your definition includes some things that aren't private equity and private real estate and private credit. But just curious on -- just -- I do the calculation, and it's 13% or 14% of AUM. Like is that where you kind of want to trend longer term? Or is that higher or lower than you'd expect to be?",Hedging,
Liberty Broadband Corporation,LBRDK,NASDAQ,2024-11-09,Ben Swinburne,"Greg, on the Charter approach or the proposals, I guess the question I have is sort of why now. Obviously, we're seeing other kind of rationalization in the Liberty universe, but I'd love to just get you to kind of step back and explain the thought process of moving forward, at least discussion-wise with this. And also, what kind of has to happen from a process point of view to allow Charter to get back in the market buying back stock, which obviously impacts Liberty and its ability to fund its own buybacks? And then I just -- I don't know if Ron can comment on this, but are there -- is there anything we should be thinking about from a regulatory point of view around change of control in Alaska that's different than what we might see in a typical cable acquisition -- telecom acquisition?",Hedging,
"Olaplex Holdings, Inc.",OLPX,NASDAQ,2024-11-09,Rob Ottenstein,"You kind of touched on this a couple of times, but I just maybe want to give it another shot and drill down a little bit. I think all of us who have been involved were incredibly impressed with the product, the technology, the efficacy, right? And then something happened and there were social media issues. And I think you're largely behind that. Correct me if I'm wrong. But I think what may have also happened is increased competition that may have confused the consumer, with various different kind of bonding products or trying to play off your claims, but in different ways. And so I guess the question is, is consumer confusion part of the problem? And then to the extent that is, and I know you talked about better communication, but can you be maybe even more specific about how to deal with that confusion and how you can actually get across that you're unique in terms of the science and the efficacy? And again, I know you touched on it, but it's so important. I was just wondering if you can kind of address it a little bit more.",Hedging,
"AMN Healthcare Services, Inc.",AMN,NYSE,2024-11-09,Trevor Romeo,"Okay. Thanks, Cary. That's helpful. And then maybe hitting on that broader solutions point. On language services, I just wanted to ask on that as that continues to, I guess, kind of become a larger part of the company from a revenue, but it seems like especially an EBITDA perspective. I was just wondering if you could share any updated metrics there, maybe your growth outlook for say the medium-term, including how much cross-selling runway you have left? And then also what kind of margins that business is running at nowadays?",Hedging,
"Bentley Systems, Incorporated",BSY,NASDAQ,2024-11-09,Matthew Hedberg,"Hey guys, good morning. Sorry, I was trying to unmute myself. I appreciate the time, as always. Let's see, so one question. I'm wondering, you've had really consistent growth this year, and I know you're not offering '25 guidance yet, but I guess for any of you, when you think about growth drivers into next year, it seems like IIJA funding is still very early. I'm hearing some positive things from PLS out there as well as E365. And even it feels like maybe China headwinds could become less of headwinds next year. Could you kind of talk about structurally how you think about growth next year in terms of some of the most important things that you're sort of prioritizing as we sort of like get closer to year-end?",Hedging,
TELUS International (Cda) Inc.,TIXT,NYSE,2024-11-08,Cassie Chan,"Okay, that's really helpful. And then, oh sorry, And then I was just wondering if I could just ask one follow-up question. I'm just curious about the margin levers in the business. I mean obviously like [for a quarter] (ph) you're kind of expecting stable margins, but obviously as you hopefully accelerate revenues again in 2025 and beyond, are there more levers in the business that we can think about, or I guess structurally is around the 18% margin raise or is it difficult to think about your business going forward?",Hedging,
Mettler-Toledo International Inc.,MTD,NYSE,2024-11-08,Michael Ryskin,"Okay. Yes. All right. Exactly. That makes sense. And then sort of a follow-up on that. On the shipping component, I just want to make sure we back it out correctly, the way you kind of described it for 2024. Is it fair to say that ex shipping margins would be up something like 50, 75 bps range, 50, 70 bps next year and that's the swing. I'm just trying to [indiscernible].",Hedging,
"Victory Capital Holdings, Inc.",VCTR,NASDAQ,2024-11-08,Ben Budish,"Got it. Maybe another kind of like a higher-level strategic question. David, in your prepared remarks, you talked about the industry sort of still being in early stages of consolidation. I was wondering if you could unpack that a little bit, it seems like there has been some consolidation over the past several years. How do you think industry-wide that looks over, say, like the next 5? And then specific for Victory, you're not paying cash or debt for this -- for the Amundi acquisition. How do you think about your readiness to do another acquisition in 2025 from an operational perspective? Thank you.",Hedging,
Fluor Corporation,FLR,NYSE,2024-11-08,Steven Fisher,"Okay, thanks. Very helpful. Yes, part of the reason I was asking was because we talked about Mexico a few quarters ago, and it just seems like it's still creating challenges from performance execution, but we're still booking more work there. And so, I'm just wondering if that was just out of necessity to kind of keep the business going. But sounds like you have other prospects there. And I guess related to that, the follow up then is about staffing levels. As you go through this transition, I'm curious how well your staffing levels align with the opportunities you have over the next year or so as you're rolling off some of these bigger projects. Just wondering if we should be concerned about overstaffing and maybe how that fit - if that there's any context here or relationship to sort of this new execution model that you talked about on the call today.",Hedging,
"LanzaTech Global, Inc.",LNZA,NASDAQ,2024-11-08,Leo Mariani,"Okay. That's helpful. And then just wanted to jump over to the cost side here. You guys have talked a lot about cost savings initiatives for quite some time. And I guess if I just look at the numbers here, I guess, I define your cash cost as basically cash G&A plus R&D. I guess those numbers have gone up the last three quarters here. So, can you kind of help me out a little bit with the cost savings initiatives? Have they not yet hit the numbers? Or maybe they were going to be higher than you reported and now there's sort of less growth, I guess, than in the cost? So I'm just trying to understand that. And how do you think cost evolves as you roll into fourth quarter and into next year?",Hedging,
"EOG Resources, Inc.",EOG,NYSE,2024-11-08,Kevin MacCurdy,"Yes. I mean it seems like you highlighted the near-term shareholder return benefit, but this structure could set you up for potentially even higher percentage of returns in the future. I guess my follow-up here is, you mentioned low cost property bolt-ons as part of your balance sheet plans. Do you have any color on where you see the most opportunities for that? And what is the dollar threshold between a low-cost bolt-on and significant M&A, which you've kind of avoided in the past?",Hedging,
"Funko, Inc.",FNKO,NASDAQ,2024-11-07,Linda Bolton-Weiser,"Okay. And then my last question has to do on the cost side. I know you did some headcount reductions and there were some cost savings. Can you remind us like what those savings are sort of planned to be expected in 2024? And then are there incremental savings or this carryover savings that we'll see in 2025? And going along with that you mentioned wanting to bring in some other executives for these important roles. I'm just wondering, if you need to build out more in terms of people skills or other types of, I don't know infrastructure or something? And without giving guidance for next year, just kind of generally, how do you think about the cost side? And does it need bulking up? Or is there still room to improve the cost structure, I guess? Thanks.",Hedging,
"Ameresco, Inc.",AMRC,NYSE,2024-11-07,Sam Kusswurm,"Thanks for taking our questions here. Hi sir. I guess to start relating to the election and your projects business. You ever see federal contracts that are already funded ever get delayed or the bidding process sort of pause due to changes in the administration? I guess I'm wondering if it can be kind of common for sort of a slowdown and several projects that the GSA or other agencies to occur, at least for a short time, given kind of the noise associated with the presidential transition.",Hedging,
Ameren Corporation,AEE,NYSE,2024-11-07,Paul Patterson,"Okay. But there's not going to be some dramatic costs, I guess, when these new lines show up and cheaper stuff comes in? Or is it -- I mean, I'm just sort of -- I'm wondering if there's any quantification on a rate impact? Or is it sort of just -- it's sort of all mixed up together and it's going to take some time for it all to show up, kind of thing?",Hedging,
Mind Medicine (MindMed) Inc.,MNMD,NASDAQ,2024-11-07,Patrick Trucchio,"Right. And then if I could just a follow up question on the functional and blinding discussion from earlier. I'm just curious, with the, particularly with the Voyage trial, just the importance of showing a dose response and also just as far as the, 40-week extension and I guess the kind of the long term follow-up data, can you talk about how this data could help and just in terms of sort of addressing that question around functional blinding and any other bias?",Hedging,
"The Goldman Sachs Group, Inc.",GS,NYSE,2024-07-15,Saul Martinez,"Thank you, that's helpful. And maybe a follow-up on financing, FIC financing up 37% equities, the equity financing, now something close to 45% of all of your equity sales and trading revenues. I guess how much more room is there, or how should we think about sort of the size of the opportunity set, you know, to continue to grow from here? How much more space is there, you know, to use finding a thing as a mechanism to help deepen penetration with your top institutional clients?",Hedging,
Educational Development Corporation,EDUC,NASDAQ,2024-07-11,Paul Carter,"Okay. Because yes, that's what I was just going to ask about is I know the -- I guess, the first group would have done their due diligence, right? I think they had 60 days of due diligence. And just curious why the second group, if they're associated, if they also need that sort of 60-day window? Is there something that they didn't, I guess, learn in the first due diligence period?",Hedging,
Bank7 Corp.,BSVN,NASDAQ,2024-07-11,Nathan Race,"Yes. And just to clarify, it seems like that long-term average is about 4.5%. Is that kind of what you guys are referencing?",Hedging,
"Delta Air Lines, Inc.",DAL,NYSE,2024-07-11,Mike Linenberg,"Hi, good morning everyone. I guess this is a question to Dan and even the team. It's always very helpful when you guys call out where your air traffic liability is and how much it's up at least since year-end. I sort of think we are at a point in the year where over the next few weeks, that's going to shift the other way. And I think it's going to be a bit more pronounced for some of those who maybe have a more seasonal Northern Hemisphere type route network. When I think about, maybe Glen, you talk about the extension of like transatlantic and also the strength that you're seeing to deep South America and how that's going to improve in the back part of the year combined with corporate. How should we think about your swings in your air traffic liability? I mean, in the past it used to be a much bigger hit to cash. And I still think for some carriers, it is going to be a bit of a wake-up call as we get into the back half of the year. But I think for you guys, like how should we think about it and maybe some of the measures that you've done to sort of mitigate that? Thanks and I have a follow-up.",Hedging,
"Conagra Brands, Inc.",CAG,NYSE,2024-07-11,Nik Modi,"Thanks. Good morning, everyone. I just -- maybe I can just follow-up on Rob's question from a different angle. And Sean, I'd love your perspective on this. I mean, I'm wondering if there's a mismatch between, where the consumers are versus how you're spending. I mean, Conagra has been very -- on the forefront of digital marketing for many years, but it seems like a lot of older consumers tend to over index to your categories. And I'm curious, if you think there's a mismatch between where you're spending the money, which is more digital versus kind of more traditional media, which is where some of these older consumers tend to traffic. Any thoughts on that?",Hedging,
"Conagra Brands, Inc.",CAG,NYSE,2024-07-11,Rob Dickerson,"Great. Thanks so much. I guess, Sean, just to come back to the grocery, maybe more Staples business. It does seem like it's lagging a little bit for the various reasons you mentioned and a bit more investment going in there as we get through the year. But I am just curious kind of much more broadly speaking, as we -- if we go back kind of to pre-COVID, right, kind of as you entered the company and we look through all the different brands and segments, there did seem to be kind of a bit of a potential divestment, on some of those grocery brands just to kind of focus the overall portfolio, right. And then we come back and say, okay, well, 80% holding getting shared in the strategic domains, this is our focus. So I'm just curious, as you think forward in the next few years, like I guess, why not just, kind of, step away from some of those brands, kind of, in line with what you've been speaking about on the food service side? Thank you.",Hedging,
"Bassett Furniture Industries, Incorporated",BSET,NASDAQ,2024-07-11,Anthony Lebiedzinski,"All right. Thanks for hosting the call and thanks for taking the questions. And first, just a quick comment. Nice job maintaining a strong balance sheet, certainly given the state of business nowadays. So, I guess, first, when we look at the components of the restructuring plan, how should we think about the timing and the impact? If you could just kind of parse out the different components of the restructuring plan, what's kind of the low-hanging fruit first and then kind of like maybe walk us through the timeline as to the expected benefits? Rob Spilman, Jr. Why don't I take a crack at it, Mike, and you fill in the blanks?",Hedging,
"E2open Parent Holdings, Inc.",ETWO,NYSE,2024-07-11,David Ridley-Lane,"Good. And then just wanted to clarify. So, first quarter here is the peak level of churn that you expect returning to normalized levels by the beginning of fiscal year '26. I guess, I may have had it wrong, but I thought there was more of a pronounced stepdown in churn in the second half. Are you sort of saying it's more ratable as we go through the next three or four quarters, or is there still kind of a stepdown -- kind of a non-linear stepdown in the second half on churn? Thank you.",Hedging,
"Kura Sushi USA, Inc.",KRUS,NASDAQ,2024-07-09,Jeffrey Bernstein,"Thank you very much. A couple of questions. The first one is just on the comp trends. I believe last quarter you guys had talked about strong momentum and you were happy with March. And I think you mentioned you were very happy with the early days of April, yet clearly, Jimmy, you mentioned that the full fiscal 3Q was disappointing. And I think you guys have talked about at least in the pre-announcement that it was really California, which I think you said earlier was totally unexpected. So, I'm just wondering if you can maybe walk through the cadence of trends through the quarter when you saw a, I guess, severe change in trend and your outlook on how you can perhaps turn that around if there's anything you can proactively pursue to maybe reverse the California trend versus kind of just riding out as you talked about the consumer sentiment challenges. And then I had a follow-up.",Hedging,
"Kura Sushi USA, Inc.",KRUS,NASDAQ,2024-07-09,Jeffrey Bernstein,"Understood. And just to clarify, and I appreciate all the color, and it sounds like in March, you were running a 7.3% comp. For the full quarter, it was modestly positive. But seemingly, I guess, April and May were negative. And the fact that we're now in July, it seems like you're guiding for the full fiscal fourth quarter down mid- to high-single digit despite what looks like easier comparison. So, I just want to -- can you share maybe what the April and May and June comp, or any incremental color just so we could see the directional trend that the comps took after that positive 7.3% in March?",Hedging,
Helen of Troy Limited,HELE,NASDAQ,2024-07-09,Linda Bolton Weiser,"Yes. Hi. So, I sort of get the feeling that there's a little bit of a peeling back of the onion in terms of discovering, I guess, maybe things that were not as expected within the company. So I guess I'm wondering, like, do you feel that there's been some holding back of information by some of the operating people in the company? Do you feel like you need maybe to bring in a Chief Operating Officer to help manage all these moving pieces? I just, like, I'm afraid that there's more shoes to drop in terms of realizing that there's some other issues because we've seen a couple of quarters now where things have emerged. So, maybe you could just kind of explain, like, kind of internally what's going on communication-wise across the divisions and how, Noel, I guess, how do you feel about what's going on? Thank you.",Hedging,
Helen of Troy Limited,HELE,NASDAQ,2024-07-09,Bob Labick,"Good morning. I just want to kind of follow up on the last points you made there. The question I can't articulate or answer yet is kind of what happened to the visibility. You gave initial guidance in kind of late April? So two-thirds of the way through the quarter. But then Q1 was obviously more difficult than expected, even with that. And this hasn't really been typical for Helen of Troy. So, I guess, what's impacting or what impacted your visibility and what can be done to change and restore it, or was it just faster macro and the kind of prior visibility that we thought was more an illusion? How should we think about your visibility and what impacted specifically this quarter's -- last quarter's guidance to now?",Hedging,
Helen of Troy Limited,HELE,NASDAQ,2024-07-09,Susan Anderson,"Hi, good morning. Thanks for taking my question and all the details today. I guess maybe just a follow-up on the consumer softness that you saw in the quarter. I guess I'm wondering if you're expecting that to improve in the back half based on the guidance or is it really just those other external factors improving? And then maybe just talk about kind of what you're expecting for second quarter for demand as well. Thanks.",Hedging,
"Micron Technology, Inc.",MU,NASDAQ,2024-07-02,Srini Pajjuri,"Great. Sumit, maybe one quick follow-up on that. You mentioned the high-cap DIMMs as one of the strong areas in the quarter. Just curious, I mean, how does high-cap DIMM, I guess, compare versus HBM in terms of the proprietary nature of the product and the complexity? And also given that it's higher margin, it seems like than in BDR, is it as good a margin as HBM? And also, do you think that sustains? And also if you could put that into some context as to how big the SAM [ph] is, what the applications are for this particular product. Thank you.",Hedging,
"Micron Technology, Inc.",MU,NASDAQ,2024-07-02,Quinn Bolton,"Thanks for taking that question. Just want to come back just to the ability to maintain market share with the transition to HBM memory with the high-cap DIMM modules and the node transitions. And I guess, I think, in historically node transitions, you typically, with the same equipment set, see net wafer starts typically decline, and so it feels like you have got a lot of factors that would sort of argue for a net reduction, continued net reduction in wafer starts. And so I just wondered if you could address, over the next couple of years, what trends should we be thinking about in terms of your DRAM kind of wafer starts over that period.",Hedging,
"Xcel Brands, Inc.",XELB,NASDAQ,2024-12-23,Michael Kupinski,"Good evening everyone, and thanks for taking my questions. I appreciate it. I was wondering, Rob, if you can give us a little bit more color on how Halston is performing. I know that you're indicating that there's some new product kind of being shipped and that sort of thing. I was wondering if you can kind of give us some insights on how that's looking as we go into the balance of this year and into the first quarter of next year?",Hedging,
Carnival Corporation & plc,CCL,NYSE,2024-12-20,Brandt Montour,Okay. Great. Thanks. And then just a quick housekeeping. The Red Sea had a -- something like a $130 million impact last year. How much of that effectively do you get back in '25? And sort of how should we think about the timing of it and the cadence and where it would kind of show up in the comps?,Hedging,
FedEx Corporation,FDX,NYSE,2024-12-19,Chris Wetherbee,"Maybe I could just hit on the guidance for a moment. So I think the second quarter results were generally in line with at least what you guys talked about on the last call. So as we think about the dollar cut coming from the back half of the year, I know, John, you talked about sort of the industrial production outlook and maybe how that's a bit more tempered I guess I also wanted to kind of think about LTL or the freight business within that context. It was obviously under some pressure here. I guess maybe if you could help break down the moving pieces of the dollar in a little bit more detail and then also talk about the cadence of how that plays out? Is it a little bit more 3Q weighted? Or is it a little bit more 4Q weighted? Do you think things get better by the time we get to the end of the fiscal year? Just kind of curious how to think about that.",Hedging,
Lennar Corporation,LEN,NYSE,2024-12-19,Michael Rehaut,"I appreciate that both Stuart and Jon, thank you for that. I guess second question, I wanted to shift towards the top-line. Last quarter, and I think you reiterated this a few times perhaps now, you intend to grow volumes about 10% annually, and it's what you stated last quarter, for fiscal ‘25 and beyond. Your guidance now is 8% to 10%. It does though include the contribution of Rausch Coleman, which I think you said was about a 5% contribution to growth 4,000 units, if you close in the first quarter. So, it obviously implies organic growth kind of in that 3% to 5% range. I'm just wondering going forward, you had the only other competitor of yours of similar volume size to D.R. Horton talk about flat to up slight volume growth in fiscal ’25, and a big part of that just due to the challenges of getting communities online. How should we think about organic growth from Lennar going forward? Is that still, do you kind of view that 10% goal that you stated as an all in number? Is there variability there? Is the organic growth perhaps a little bit less. Because it certainly seems like fiscal '25, might be below a normal or aspire to growth year at least on an organic basis for some builders.",Hedging,
Lennar Corporation,LEN,NYSE,2024-12-19,Stephen Kim,"I want to try to clean up a little bit if I can, on the gross margin. Stuart, I think you indicated that the backlog has gross margins that are kind of running closer to 20%. And I think I heard you say that you sort of thought that the number of, or the percentage of closings that you would get in 1Q that you have not yet sold or had not yet sold at the end of November was about half. So then that makes it easy. That sort of implies that your 19% gross margin in the first quarter, that implies that the stuff you're going to be selling here, over the coming weeks, you're sort of thinking is maybe an 18% gross margin. I think you also indicated though that 1Q has sort of a catch up in sales going on, because you missed your 4Q sales. So that might sort of suggest that, if you're trying to figure out what a steady state gross margin is, that 18% is probably a little lower, because you're actually sort of overselling, if you will, a little bit to make up for 4Q. Just want to make sure I'm thinking about that right, or if there's some other adjustment that we need to be thinking about.",Hedging,
"Paychex, Inc.",PAYX,NASDAQ,2024-12-19,Scott Wurtzel,"Hi, thanks for taking my questions. Just want to ask on the margin side. I mean, the outperformance has been pretty constructive in our view also pointing towards the higher end of the guide for this year. And I know there's been some investments around the sort of advertising front. So I'm wondering if you can just remind us of where you're kind of finding some of those efficiencies to drive some of the better margin performance that we've seen.",Hedging,
"Paychex, Inc.",PAYX,NASDAQ,2024-12-19,Scott Wurtzel,"Got it. That's helpful. And then just as a follow-up, just on the go-to-market side. I'm wondering if you're kind of seeing in your environment with your clients, are you seeing clients sort of maybe adopt more on the initial sale instead of maybe selling sort of the initial product and then going in more for sort of the cross-sell upsell dynamic.",Hedging,
Cintas Corporation,CTAS,NASDAQ,2024-12-19,Jason Bibb,"Got it. That's very helpful. And I guess I'll talk to this. So, are there any verticals that it's easier to maintain those prices? Or is it all sort of -- is it all reverted back to that historical 0% to 2% range? And then I also wanted to just follow up on the incremental margins because those were really strong in the first half. And I know you said that we're -- the expectation is we'll get back to more sort of normal targeted levels for the second half, I was just curious like what the drivers of that would be? So, what changes from the first half to the second half that causes those incremental margins to come down?",Hedging,
"Darden Restaurants, Inc.",DRI,NYSE,2024-12-19,Sara Senatore,"Thank you. I have a question actually, I guess, about the broader environment. You mentioned that like fine dining, the large casual dining brands were all positive. And then I guess polished casual and fine dining were a bit softer. And yet one of the things that you were seeing in Olive Garden, for example, is that pricing up through the protein add-on. So, it seems like people are willing to pay up for protein specifically, but indulge a little bit. Are you seeing any trade? Do you think among your brands? You know, Capital Grill to LongHorn or anything like that? Again, you just mentioned the value of having the portfolio and I was just curious if you can draw any or extrapolate some of the performance, which seems to be strongest at the mid-price points, but with a clear desire for some indulgence and positive mix?",Hedging,
"CarMax, Inc.",KMX,NYSE,2024-12-19,Michael Montani,"Congrats on the quarter. Just wanted to ask -- follow the two parter trend. First, Bill, can you just talk about, I think 245 stores today? Is there opportunity to get that to 300 stores again? And how should we think about the cadence of build-out? Or can you lever multichannel at this point? And then I guess the related question is on the labor compensation and benefits growth now given that the model is more fixed cost structure, should we assume that compensation and benefits will grow slower than kind of top line units at this point for some nice leverage? Or how should we think through that?",Hedging,
"Micron Technology, Inc.",MU,NASDAQ,2024-12-18,Aaron Rakers,"Yeah. Thanks for doing the call back and I have two questions as well. I guess the first question, Mark, I want to go back to kind of the Q&A in the prepared call. I'm trying to understand, like, you talked about constraints on gross margin into the fiscal third quarter. Trying to kind of frame the impact that you're thinking about from the underload. Is it 100 basis points? Is it 200? Is it less? And when you say constraints, are you implying -- are you necessarily implying that there isn't the potential or rather, is there a potential to see some gross margin positive drivers into fiscal 3Q relative to fiscal 2Q? Even with that underload charges, could we see gross margin flat to up? I'm just trying to understand a little bit of what you're trying to kind of frame as far as being constrained?",Hedging,
"Micron Technology, Inc.",MU,NASDAQ,2024-12-18,CJ Muse,"Yes, good afternoon. Thank you for taking the question. I guess first question, could you speak to what gives you the confidence that we’re going to see a make quarter kind of a seasonal pickup and/or cyclical pickup across both DRAM and NAND? And I guess if there’s any sort of sense of magnitude we should be thinking about for each would be very helpful.",Hedging,
HEICO Corporation,HEI,NYSE,2024-12-18,Larry Solow,"Great. Good morning. Congratulations on another good quarter, good year. I guess the first question, maybe a couple for Eric, you gave us a lot of good detail on the Wencor acquisition. Sounds like things are really going well there. Just curious, you mentioned some of -- obviously this is one of the bigger acquisitions that could get ever done and you spoke about a lot of things there. Curious, as we look out going forward, are there still opportunities to gain even more revenue synergies or other things? Now you've had this under the hood for a little more than a year, under the -- under your umbrella, excuse me, things that maybe you didn't think were available or sort of positive surprises that you could work on going forward on that side of the business?",Hedging,
HEICO Corporation,HEI,NYSE,2024-12-18,Pete Skibitski,"Just a couple quick ones maybe for Carlos. Carlos, just because D&A is a pretty big add-back for you guys in cash flow. Do you have an expectation for D&A for ‘25? And then also was just wondering sort of post-COVID, post-Wencor, the use of working capital, especially in inventory, has been larger. I'm just wondering if that was kind of a short-term thing or if we should expect a greater build in inventory going forward? Thanks.",Hedging,
"General Mills, Inc.",GIS,NYSE,2024-12-18,Andrew Lazar,"Jeff, as you mentioned, this fiscal year was always meant to be about sort of improving in-market competitiveness across the portfolio. And I guess now that we're halfway through, I'd still love to get a better sense on sort of what learnings you've taken away from maybe the initial efforts, and how those learnings are kind of informing your back-half expectations, particularly in light of sort of the planned incremental spend? Is it that -- you now see the consumer is just more ready to engage than before and maybe better adjusting their reference price points, or simply just realizing that it requires more spend than it originally anticipated to drive sort of the requisite volume, even outside a refrigerated dough. So I guess, I'm just trying to get a better sense on sort of where the consumer is at this point, and maybe how much of the incremental investment is specific to dough versus some of the other brands in the portfolio.",Hedging,
"General Mills, Inc.",GIS,NYSE,2024-12-18,Ken Goldman,"Okay. Thank you for that. And then, a little more of a random question, but just seeing double-digit declines in your Häagen-Dazs business in China and stores, I appreciate that you're looking to sort of diversify the channels that you work with there, but how sustainable do you see that double-digit decline? What is your outlook there? And is there any chance, I guess, I'm getting at that you'll consider kind of the broader footprint of that retail store business that you have there?",Hedging,
"Amentum Holdings, Inc.",AMTM,NYSE,2024-12-17,Trevor Walsh,"Great. Thanks, both, for the color. That's terrific. Maybe just a quick follow-up for Travis, if I can. The guidance assumptions that you laid out in the presentation called for 8% new business as part of that, kind of top-line estimate. Just for the comments around the incoming administration, I understand it's early days, et cetera, but how much of that 8% of new business kind of is there either wiggle room or kind of optionality? I think you had said $35 billion in contracts being submitted. I'm not sure if that was just for this coming fiscal year, if that has a longer term on it, but I guess how of that 8%, where I'm assuming there's multiple avenues to kind of get there, but how much does that maybe flux or change based on kind of what changes the kind of the incoming administration may or may not do?",Hedging,
"Amentum Holdings, Inc.",AMTM,NYSE,2024-12-17,Tobey Sommer,"In the fourth quarter book to bill, I think we saw the fiscal commentary, but I was curious how that final quarter shaped up. And the last thing from me is, I was wondering if you could comment about if peace sort of breaks out in the Russia-Ukraine war as well as the multiple fronts that have been active in the Middle East calm down, do you -- what kind of direct or indirect exposure do you think that you have relative to sort of the high op tempo that even domestic customers may have in helping support those allies?",Hedging,
RH,RH,NYSE,2024-12-12,Andrew Carter,"Hey, thank you. Good evening. I just wanted to ask about the inventory, kind of going up again and again this quarter, the purchase is up 30%. Could you talk through kind of what kind of inefficiencies are in there? Is there some planning around there? I know that you're exiting China. Is there any safety stock in there for that, already contemplating that and you're exiting Mexico. And on those two points, correct me if I'm wrong, China was 22% of your purchase dollars last year. I don't know if you ever disclosed Mexico. Where is that going, in terms of -- thanks.",Hedging,
Broadcom Inc.,AVGO,NASDAQ,2024-12-12,CJ Muse,"Yeah, good afternoon. Thank you for taking my question. I guess, Hock I wanted to hit on the $60 billion to $90 billion revenue range for fiscal '27 for AI. I was hoping you could speak to the mix you see there between XPU and networking. And within that construct, are you including all kind of the customers that you see out there in hyperscale and vertically integrated consumers? Or any sort of help in terms of what you're including in that potential mix would be very helpful. Thank you.",Hedging,
Broadcom Inc.,AVGO,NASDAQ,2024-12-12,Vivek Arya,"Thanks for taking my question. Hock back to AI. What do you think is the SAM in 2024, so we can get a baseline view of what your $12.2 billion in sales represent and is your assumption that you maintain the share, right? You grow it? Or what happens to that share over time? And then sort of related question to that is what happens to your semiconductor gross margins if AI grows, right to such an extent? Because you gave us a mid-single digit for non-AI and I'm wondering if AI gets to be such a big part of semis, what happens to gross margin. So both kind of the baseline of what SAM was this year and what happens to your share and margins over time?",Hedging,
Live Ventures Incorporated,LIVE,NASDAQ,2024-12-12,Joseph Kowalsky,"Got it. Got it. All right. And that leads, I guess, to my second question, my other question, which is Wayne Gretzky and by the way I don't want in any way suggest that I think the cost cutting alone is an answer that I'm looking for dramatic cost cutting. I'm a long-term investor and my clients are long-term investors. We would much rather see you invest in the businesses and have higher expenses and higher costs now for better results down the road. So please don't think that I'm a short-term guy who's looking for just tons of just cost cutting and nothing else. Wayne Gretzky was asked one time why he is such a great player and he said other people go to where the puck is and he goes to where the puck will be. And I just wondered, I love the concept of buy and hold and what you folks do. My question is the method that you go about for finding these companies because in looking at like with the flooring companies, things like that, we had a tremendous amount of work being done in people's homes during the whole COVID crisis and then it slowed down afterwards. And I just want to make sure that there's something in your methodology that's looking for where the puck will be as opposed to where the puck is. And I just wonder what is the method that you use when you go out and look for a company and I apologize because in some way or another I've kind of asked this question in the past, but I still like to hear the reply.",Hedging,
"SentinelOne, Inc.",S,NYSE,2024-12-12,Saket Kalia,"Yes, yes, absolutely. So maybe I want to use that to pivot to some financial questions here, right? So -- and I fully appreciate you've just got so much more product. There's a net revenue retention opportunity there in the base as well, right? So, let's put all this stuff together. I mean you still have tailwinds from the outage. You've got all these seeds that you've planted in terms of go-to-market let's see how Lenovo sort of goes. But -- and we've kind of crossed the $1 billion -- yes, you're across the $1 billion market in ARR. Not looking for guidance here, but how should we think about sort of the moving parts for ARR next year, if you will?",Hedging,
Ciena Corporation,CIEN,NYSE,2024-12-12,Ruben Roy,"I just had one question, I guess, a quick follow-up for either Gary or Scott. Just following along to some of the previous questions around the data center or cloud service provider contribution to revenue. Gary had mentioned in and around coherent and coherent light optics, the plugs and components. And I think the component part of it is more of a recent potential road map extension. So just wondering, if you could comment a little bit on how you're thinking about the components? I think, Gary, you mentioned as you think about getting into the data center, that could be an opportunity. Wondering if you're thinking about DSPs in kind of more standard DCI inside coherent DSPs as an opportunity over the near to medium term?",Hedging,
The Lovesac Company,LOVE,NASDAQ,2024-12-12,Matt Koranda,"Just in the interest of focusing on near-term stuff. Wondering if you could unpack how the fourth quarter is tracking relative to the down 7% guide. I guess what did you see specifically during the Black Friday, Cyber Monday period. Was it sort of negative high single digits in line with that guide? And then maybe, Keith, could you share the underlying omni-comp assumption that's embedded in the fourth quarter guidance, just trying to get a sense for apples to apples comparison is we had that extra week last year.",Hedging,
Adobe Inc.,ADBE,NASDAQ,2024-12-12,Kirk Materne,"Yeah. Thanks very much. David, I was wondering if I could just follow up on your last comment on sort of obviously driving new users, new adoptions, incredibly important. I just -- is there pricing sensitivity, meaning you're delivering so much value, I think that pricing, given the value you're delivering, would be a bigger lever unless there's pricing sensitivity? So, can you just walk through that a little bit more? Because it feels like you should be able to get sort of all three vectors going at the same time, whereas I know you're going to focus more on bringing people in and making them successful. But I'm sort of -- I guess, is there something else on the pricing side that I'm missing, why you're not getting that as well? Thanks.",Hedging,
"Autodesk, Inc.",ADSK,NASDAQ,2024-12-11,Amy Bunszel,"Yeah. So, certainly here in the U.S., Bentley is -- has been a player in this space for a very long time. And globally, it's much more fragmented. There isn't kind of that sort of more -- non-English-speaking countries, I'd say, there's not that single that one vendor that can serve them all. So, in many ways, what we're doing is we're taking -- we have amazing engineering tools, we have had for a long time and now we're combining them with our Construction Cloud and we're able to provide a modern data environment for these customers that helps understand both design and construction and operations to some extent, which is really what the DoTs are, right? They're the owner. And so, they get involved in all aspects of the project. And in Pennsylvania, where we had a very significant win against Bentley, that was an investment in data, an investment in a modern data management solution with Autodesk Docs and Build.",Hedging,
"MongoDB, Inc.",MDB,NASDAQ,2024-12-11,Raimo Lenschow,"And then the other question that came up is like at the beginning of the year, I think you talked about $40 million of headwinds. And now the question right, I guess, is right. But it's like if I kind of adjust for that out like so how is Atlas growth doing if I kind of adjust that out. I don't know if you want to speak to that.",Hedging,
Lam Research Corporation,LRCX,NASDAQ,2024-12-11,Doug Bettinger,"Yes, just real quick. Our view for the year has largely been pretty consistent all year. Frankly, it hasn't changed all that much. We think wafer fab equipment spending this year, we call it mid-90s, I don't know, let's round it off and say $95 billion this year. Within that, I guess just to give a little bit of color. Leading edge foundry and logic has been pretty good. DRAM has been actually pretty good as well. That's a combination of investments that are occurring in the country of China. In addition to the fact that, you've got product transitions occurring. DDR4, going to DDR5 with some of the new server CPUs coming out. As well as high bandwidth memory, which everybody's excited about, all of the AI compute and what not, so that's kind of where that's at. NAND has been very soft now for coming up on two years, and I'll talk a little bit about how we see that into next year. Likely strengthens into next year. Trailing edge foundry and logic has been soft outside of China. In China it's been okay this year. So I mean that's kind of the painting the picture of 2024, as we go into next year. We haven't put numbers around next year yet, but we expect it to be a growth year as the color that we've provide, I think that was important context. Everybody wanted to know, hi, how do you see next year? We'll give our normal numeric quantification of spending, when we get to the earnings call in January. But we see growth is what I would describe. So let me unpack that a little bit. We think NAND spending is going to be stronger next year than it's been for the last couple of years. It's just been pretty soft for so long. And frankly, when we look at the installed base, two-thirds of it is sort of aged I guess is what we would describe it as, sub-200 layer device capability. Our view is next year is going to - largely be an upgrade year, meaning the installed base will get upgraded. I don't think, there's going to be new wafer capacity put in place, at least of any meaningful amount. But we do think it's going to be an upgrade year, and there's going to begin to be a metallization change in NAND as things moved from tungsten to molybdenum, or let's call it Molly, easier to say Molly. So that's a little bit of kind of how we see NAND strengthening a little bit. Leading edge foundry and logic I think is going to continue to be strong, perhaps led by one customer more than the broader set of customers. And I know probably we want to talk about that a little bit. Trailing edge foundry and logic I think is going to continue to be somewhat soft, right. We're in the middle of an inventory cycle in a lot of those markets, industrial, automotive and so forth. So I don't think that's a surprise to anybody. DRAM is going to continue to be strong, right. You're going to continue to see investment in high bandwidth memory and the continued transition to DDR5 occurring. Offsetting that, everybody always wants to talk about what's going on in China. Our view is China WFE next year, is going to be down from this year, and likely down from the concentration that we're seeing in the December quarter. So I don't know, maybe that sets it up to lead into whatever else you'd like to talk about.",Hedging,
Lam Research Corporation,LRCX,NASDAQ,2024-12-11,Doug Bettinger,"Yes, we've talked about kind of these big newish type of. I don't know if inflections is exactly the right word, but maybe it is. But things that are driving business to grow, basically etch and deposition and specifically Lam Research. Yes, maybe let me take you through the ones you're referencing, and then you can kind of ask further questions. First, advanced packaging. We're very excited about what's going on with advanced packaging. You hear people in the industry talk about chiplet architecture, dye disaggregation, high bandwidth memory uses, I call it advanced packaging. But through silicon via to put the 8 DRAM die together. This is great business for Lam. If you think about to do the advanced packaging stuff, you're stacking things on top of other things, you're interconnecting things. Generally speaking that means you're depositing conductive material, to create the electron path and you're having to etch things, to open up the room to put the conductive material down. That's what we do. And so when you look at this, I guess if we started the year we were suggesting, hi, in a couple of years' time this will be $1 billion business for us, the advanced packaging in total. Then as the year progressed we said, hi, it's $1 billion this year. And then more recently we said it's actually more than $1 billion this year. So this is a great inflection. It's going to keep growing for the foreseeable future, right. If you look at high bandwidth memory, HBM3 is going to 3E. So 8 DRAM die going to 12. 3E will go to 4, so 12 will go to 16. That's more interconnect, right. It's more equipment capacity is ramping for that, so there's that. And like I said, all of the chiplet architecture that you hear the CPU guys and the GPU guys talk about, we enable a lot of that with the TSV process, we are very strong in those applications. So anyway, excited about that. It's more than $1 billion this year and growing into next year. So that's the first one. The second one that we've been talking about is gate-all-around. And again, I like billion dollar numbers. We like billion dollar numbers. And so the quantification for that for us, is when you look at the gate-all-around structure, it is very etch and deposition intensive. To create those sheet architecture, you're depositing films, you're selectively etching them. The intensity of etch and deposition grows to the tune of $1 billion addressable market for every 100,000 wafer starts at capacity that gets put in place. So we're excited about that obviously that's incremental opportunity. Now we're not going to get 100% market share there. As much as we would love to do that, that just doesn't happen in this industry. But we're going to do well there. And so that's an incremental opportunity that ramps into next year. We have said actually that the investment for the whole node, the whole gate-all-around node this year, not just the creation of the sheets, is $1 billion in revenue this year that counts. So just to kind of get your head wrapped around that and growing into next year, obviously. The next one, and again it's another billion dollar number is backside power. And that one likely is late next year, maybe into '26. But that also when we look at the intensity of depositing, metallization and etching, the structure is another billion dollar incremental opportunity, for etch and deposition for every 100,000 wafer starts of capacity that gets put in place. So obviously, we're excited about these things, because when you look at the evolution of architectures, they're moving in the third dimension. They're more materials intensive. And that plays to the strength of the things we do. We deposit film on silicon wafers and we etch them. So then a little bit further down the road, we've been talking about this for a while is dry photoresist where we are collaborating with ASML, to put the resist down in a dry fashion. It enables the photons from the EUV tool to more effectively be absorbed and creates efficiency as a result of that. That's a little bit further away, but I can see in four, five years' time, that also will be a $1 billion opportunity for us. So when we look at these things, we're innovating. We're evolving to grow incremental opportunities that we see, because of the evolution of where the industry is going.",Hedging,
"Dave & Buster's Entertainment, Inc.",PLAY,NASDAQ,2024-12-10,Andrew Strelzik,"Hi, good afternoon. Thanks for taking the questions. My first one, I know that you continue to talk about the strong returns you get on the new stores. But I guess just as kind of they're implementing all these things, and doing the remodels and going down the path of repositioning the business. Is there any thought to pulling back on the store opening pace temporarily to focus on the core for a period of time, and kind of get the comps in the right place, improve the cash flow profile. I know you talked about kind of getting with the Board, to talk about capital allocation priorities. So I'm just wondering if there's any consideration to that?",Hedging,
Arista Networks Inc,ANET,NYSE,2024-12-10,Simon Leopold,"And I guess that sort of leads nicely into kind of my next line of questioning is around where are you investing in terms of hiring and staffing? Because when I think about this vision where the product portfolio is getting broader, but you're moving into different or more into enterprise, which typically means much higher expense ratio. So what are you doing in terms of hiring ahead or investing ahead of growing in newer verticals, expanding in the enterprise for campus and direct sales as well?",Hedging,
"Academy Sports and Outdoors, Inc.",ASO,NASDAQ,2024-12-10,Anthony Chukumba,"Good morning. Thanks for taking my question. So just wanted to kind of circle back on Nike. It sounds like there's a lot of excitement around this launch. I understand there's somewhere limited in terms of what you can say. But I guess my question is, are you envisioning that product would just be in line or are you planning on doing any sort of like incremental special kind of Nike fixturing or displays for that product?",Hedging,
Designer Brands Inc.,DBI,NYSE,2024-12-10,Dylan Carden,"Great. And then kind of related to that, are you losing share in boots? I mean, the industry was also down double digits. You were down, I think you said 27% and do you care? And I guess sort of the implied question in that is, is this sort of a water bed effect at this point where you're kind of seeing gains elsewhere but losses in other places and kind of keeping you at a net disadvantaged position until you get the assortment and a better sort of mix?",Hedging,
"Fiserv, Inc.",FI,NYSE,2024-12-10,John Davis,"Just curious what you're seeing from kind of a brick-and-mortar versus e-com. If you go back, holiday sales are, I guess, the big five, what they call the -- what used to be Black Friday.",Hedging,
Ferguson Enterprises Inc.,FERG,NYSE,2024-12-10,Matthew Bouley,"Morning everyone. Thank you for taking the questions. Wanted to ask back on the opex side with that sort of 5% year-over-year growth. Is there a scenario where you would either pull back on that, depending on how the end markets end up shaking out, or is there a case that maybe some of these investments, from a timing perspective, happen to be a little more front-loaded? Just curious--I mean, if we’re thinking about a 5% year-over-year growth in opex, how that kind of plays into the full year operating margin guide, so just curious again around what that year-over-year growth could look like there. Thank you.",Hedging,
"Casey's General Stores, Inc.",CASY,NASDAQ,2024-12-10,Robert Griffin,"Thank you. That's very helpful. And I guess my final one for me is just on the Fikes deal itself. Is there a seasonality aspect to their EBITDA that we should be aware of? I think just some of the investors, we're doing some quick math on the $89 million that was given when you announced the deal and then kind of back it into what's implied for the guidance change. So, I just want to make sure, is there any seasonality aspect we should be aware of? Is that business still trending around $90-ish million, which in EBITDA as it was when you guys announced the deal?",Hedging,
"Casey's General Stores, Inc.",CASY,NASDAQ,2024-12-10,Bonnie Herzog,"Same-store inside sales guidance of 3% to 5% for the year, which you maintained, I guess at the midpoint this does imply a bit of an acceleration in the second half versus the first half. So, just curious, what will be the drivers of this? And then along those lines, could you maybe touch on how your traffic levels trended in the quarter versus last quarter. And then maybe any color on November and so far in December and again, outlook for traffic for the -- or heading into next year, the rest of your fiscal year. Thanks.",Hedging,
KKR & Co. Inc.,KKR,NYSE,2024-12-10,Alex Blostein,"Right. Let's unpack a couple of these kind of bigger fundraising themes. And I want to spend a couple of minutes on sort of evolution of the institutional channel. Over the last couple of quarters, you've highlighted opportunities in forming longer-dated strategic partnership with several institutions on a multiyear kind of capital recycling basis. I think you highlighted $3 billion example as of the last quarter. I guess what's driving this renewed appetite from LPs? And what does your pipeline there look like? Maybe speak to the typical structures. And at the same time, do you think these vehicles could live side by side with your regular institutional flagship business? Or is there risk of that cannibalizing some of this kind of higher fee flagship dynamic?",Hedging,
"Toll Brothers, Inc.",TOL,NYSE,2024-12-10,Stephen Kim,"Yeah, thanks very much, guys. Appreciate all the color. Certainly, I think the results in the quarter were strong particularly on the order front. Your ASP was also very strong. You've talked about the guidance for the first quarter though, and for the full year that are a little lower, than I think we and many others were expecting for the full year as well as the quarter. I wanted to talk about the operating margin. If we just kind of cut through the gross and this [Indiscernible], and just talk about the operating margin, it seems like you're guiding to something in the neighborhood of sub-17. You've done 18 in each of the last two years, basically. And I'm curious if you can talk about what sort of exogenous factors or factors that are out of your control, are you embedding in your assumptions for 2025 in terms of the market outlook. I am thinking things like can you give us a sense for what you're looking for mortgage rates, can you give us a sense for if you're anticipating any disruptions from, let's say, Trump's immigration policies and things like that?",Hedging,
Intuit Inc.,INTU,NASDAQ,2024-12-10,Keith Weiss,"Got it. So that shock all I'm going to use that. In reference to sort of gaining back the share that you guys lost at the low end of the market. And that's important because that's the top of funnel for kind of future tax filers on a go-forward basis. When it comes to like the core assisted filer, right, like the higher-end filer that's going to an accountant today, is there a different go-to-market or a different marketing needed to bring those guys in? Because we wait for the Super Bowl commercials. They're always great and then we see them like, yes, we got to do our taxes and we go on to the DIY side of the equation. It seems like you would need a different type of go-to-market, a different type of marketing to get out the assisted category.",Hedging,
"MongoDB, Inc.",MDB,NASDAQ,2024-12-09,Sanjit Singh,"Thank you for taking the questions and congrats, Michael, on [an astounding] (ph) career. You had an absolutely fantastic run at MongoDB. I'm excited to see what you do next, or excited if you just take a breather. So congrats, Michael. I guess to take the question -- to start off with the questions, when we look at what Atlas has been doing in the past two quarters, correct me if I'm wrong, but I think consumption is coming in at least modestly ahead of your expectations. Relative to what we've seen at the beginning of the year, what sort of -- is it a function of sales execution? Is it a function of the end-user activity sort of improving? What's driving at least the improvement in Atlas consumption in the past two quarters?",Hedging,
"Braze, Inc.",BRZE,NASDAQ,2024-12-09,Tyler Radke,"Bill, you talked a lot about Project Catalyst. And I'm wondering if you could just sort of frame how you're seeing the conversations just around agentic AI in front office evolve? Obviously, you have Salesforce out there talking a lot about agent force. I know you did talk about a lot of competitive takeaways being strong in the quarter. But what role are customers sort of viewing Braze in this context? And do you think the focus on agentic AI by kind of the incumbent front office provider sort of help or hurt your competitive win rates over time?",Hedging,
"Yext, Inc.",YEXT,NYSE,2024-12-09,Ryan MacDonald,"Helpful there. And then it seemed like from the shareholder letter, like very good quarter, lots of new logo additions, especially in healthcare, some nice expansion activity. Can you just kind of maybe then sort of compare that with kind of some of the maybe the implied guidance for fourth quarter and the top line were taking a sequential step down. Just how should we think about where things stand in terms of the trajectory? And maybe you can divide it between sort of organic business versus or the core Yext business versus maybe some of the initial things you're seeing with Hearsay? Thanks.",Hedging,
"Yext, Inc.",YEXT,NYSE,2024-12-09,Tom White,"Great. Thanks for taking my questions. Maybe just a couple on Hearsay. Now that you guys have had a little, I guess, more time to maybe deeply kind of dive into the books, just curious if there's any kind of new insights you could kind of share about trends in that business, maybe kind of the quality of the pipeline versus when we heard from you guys three months ago? And maybe just update on whether there's any curious if there's any difference in kind of the deal cycles for Hearsay versus the legacy business given that it's kind of exposed to like enterprises having to satisfy compliance requirements. I'm just curious if it's maybe a little bit more resilient on that front. And then I have a quick follow-up.",Hedging,
Samsara Inc.,IOT,NYSE,2024-12-05,Keith Weiss,"Thank you, guys, for taking the question, and congratulations on a really strong quarter. You talked about the 115% and the 120% in terms of NRR and we could definitely see that upsell motion doing really well within your customer base. I was wondering if you could maybe give us an update on kind of where we are in terms of what percentage of the business now is coming from upsells into the installed base versus what's coming from net new? And is there any change in sort of the distribution model or any evolution in the distribution model as the portfolio expands to better sort of segregate sort of the hunters from the farmers, if you will?",Hedging,
"Ulta Beauty, Inc.",ULTA,NASDAQ,2024-12-05,Anthony Chukumba,"Thank you so much for taking my question. Hopefully, you can hear me okay. And I'll just keep it to one question. Obviously, you had a very impressive sequential improvement in your performance. And you've touched on a few different things, but if you had to sort of almost like kind of stack rank what you thought drove the better performance, would it be the more effective promotions? Would it be some of the merchandising changes? Would it be some of the partnerships you talked about, like, with Wicked and I guess, the Mini Brands or whatever. Yeah, if you could just give us -- help us to understand what, from a sequential perspective led to the improvement in performance. Thank you.",Hedging,
"American Outdoor Brands, Inc.",AOUT,NASDAQ,2024-12-05,Matthew Koranda,"Hey, guys. Good afternoon. Maybe just with the fiscal '25 outlook, if I combine sort of the full-year with the third quarter that you're giving, it suggests that we are seeing an acceleration in sales heading in toward the end of the year here. Just wondering if you could put a finer point on the items that are driving that acceleration, it sounded like, Brian, you were saying there's some additional willingness to take a load-in, given the innovation product that you're introducing, but is there also some play out here of the sell-in that we get from MEAT! and Grilla, especially Grilla, I guess, entering the traditional channel? Maybe just any additional color on what you're seeing for the rest of the year here in terms of the acceleration in sales?",Hedging,
"American Outdoor Brands, Inc.",AOUT,NASDAQ,2024-12-05,Matthew Koranda,"Okay. That's good to hear. And then, maybe just the further outlook on fiscal '26 that you're providing, I guess, wanted to get your thoughts on the philosophy of why provide something. I mean, it's not so far out, I guess, but at least in terms of Wall Street is concerned, it's pretty far away. And I guess the mid to high single-digit growth outlook that you're giving, maybe just any additional color on what's driving that. Again, is it sort of some load-in you're seeing on the traditional channel? Is it some demand inflection that you've observed, maybe just additional sort of rationale for why provide an outlook that's kind of that far out.",Hedging,
Science Applications International Corporation,SAIC,NASDAQ,2024-12-05,Matt Akers,"Okay. Got it. And then on the '25 guidance, it looks like you're expecting about 3% kind of at the midpoint here. I think you've talked about something closer to kind of mid-single-digits as long as the recompetes sort of don't go against you. I guess anything else that's big that you're sort of holding back next year that you see as a recompete risk or just kind of how you're thinking about maybe potential upside to that number next year?",Hedging,
"America's Car-Mart, Inc.",CRMT,NASDAQ,2024-12-05,John Murphy,"Good morning everybody. Doug, I just had a first question on sort of the tightening of the credit box. And it sounds like with Elis and the scorecard that you're finding ways to kind of loosen that very responsibly at the higher-end. I'm just curious how much volume you think you may have lost and how much you may gain for that adjustment at the higher end of the credit spectrum or your rankings? And what percentage of your customers you think that is roughly?",Hedging,
Hooker Furnishings Corporation,HOFT,NASDAQ,2024-12-05,Anthony Lebiedzinski,"Yes. Sorry about that, yeah, I was on mute. So good morning to all of you and thanks for taking the questions. So first, just curious, so since the election, have you guys seen any notable changes in demand from your customers? It seems like just talking to others in the industry. They talked about the election being a sort of distraction for the end consumer. So curious to get your thoughts on what you've seen so far?",Hedging,
GMS Inc.,GMS,NYSE,2024-12-05,Trey Grooms,"Okay. All right. And then kind of sticking to the, I guess, the pricing theme here but maybe longer term, pricing expectations, especially around Steel Framing and I guess maybe even Ceilings with the tile and grid. With the backdrop of some tariffs, the noise around tariffs but also with the new administration coming in and that sort of thing, any kind of color on that as far as maybe a little bit longer term kind of pricing expectation there on other parts of your business?",Hedging,
GMS Inc.,GMS,NYSE,2024-12-05,Michael Dahl,"Okay, got it. We can follow up on some of the M&A contributions by segment, I guess, offline. And then shifting gears to margins, I just want to make sure we understand kind of some of the bridge correctly. The 60 basis points, that basket is price/cost mix. It sounded like it's mostly price cost but can you expand on that part a little bit more? And then similarly, I want to make sure that we understand the unrealized rebate issue which in -- volumes are down year-on-year. It makes sense that your rebates would be down. But is there something that was more temporary about that that resolves over the next couple of quarters?",Hedging,
GMS Inc.,GMS,NYSE,2024-12-05,Matthew Bouley,"Just on Wallboard price and mix, did you call out the kind of like-for-like versus mix or, I guess, quantify that impact? And I guess as you're looking at Q3 and presumably beyond as you've got this headwind from multifamily and commercial, I'm just curious if there's a way to parse out how you're thinking about that mix headwind going forward in Wallboard?",Hedging,
The Toronto-Dominion Bank,TD,NYSE,2024-12-05,Meny Grauman,"Understood. I guess the reason I'm asking is that I was a little surprised that it wouldn't have started earlier. I mean, the bank is known about these issues for a while. So I'm just trying to understand, maybe don't fully appreciate sort of the time line here. Were you waiting for something specific in order to kick this strategic review off? How do we understand sort of the time line here?",Hedging,
The Kroger Co.,KR,NYSE,2024-12-05,Ken Goldman,"Okay. Thank you for that. And then speaking about price investments, Rodney, you mentioned that CPGs continue to be a little bit more aggressive on trade dollars. Your largest competitor are in food retail. We’ll see if the judges agree that it’s a competitor or not, but your largest competitor in food retail had more kind of commentary last week or this week about how they would like to see more of those price investments from key vendors. Rodney, your tone, since I’ve known you has always been more sort of agnostic about that. If investors -- if your vendors don’t invest with that, you’ll be happy to sell customers more private label. I’m just curious where you stand in terms of, are you content with the level of price investment or are you more just sort of agnostic and saying, look, whatever our vendors want, it’ll play out either way beneficially for you.",Hedging,
DLH Holdings Corp.,DLHC,NASDAQ,2024-12-05,Ross Davisson,"Just kidding. And just quick follow-up on that. So I mean, is it fair to think about and this is just kind of more like kind of a story to fiscal 2024, is it fair to think about you had this headwind that you just described and it's helpful to understand like some of it was clearly identified when you acquired GRSi, and then some of it was more driven by the executive order. Is it fair to think of F24 as facing that headwind and then the what because of the continuing resolutions and just some of the slowness there that you didn't see as much ramp as you might have otherwise. And so you've got this declining anticipated, but slightly declining piece and you didn't have as much growth as you might have had because of a slow kind of process. Because I totally hear you that there's a large amount and a very -- it sounds a very exciting amount of sort of business to come and I'm excited to see that. I'm just curious as you think back on the year, was there a bit less of a pickup in new business than you might have otherwise hoped?",Hedging,
"Greif, Inc.",GEF,NYSE,2024-12-05,Ghansham Panjabi,"Thank you. Good morning everybody. I guess going back to the Caraustar program, $100 million over -- I think you said 2027. Can you just give us more details on how that came about? Is it a function of your new operating structure that allows you to target something so substantial because it is quite large relative to your EBITDA base. And then also, how should we think about realization timing over the next three years? And then also, how do the buckets -- how do the savings kind of flow through across the various elements that you cited, I think, SG&A network and productivity? Thanks.",Hedging,
Bank of Montreal,BMO,NYSE,2024-12-05,Paul Holden,"Thank you. Good morning. You gave some pretty good guidance on the Capital Markets PTPP. Just wondering if you can dig into the details a little bit more, I guess particularly we're hearing better pipeline and investment banking. Wondering specifically for BMO sort of in that mid-market PE space, what are you seeing there in terms of pipeline and indicated demand from clients maybe that also funnels into commercial loan growth as well?",Hedging,
"Sprinklr, Inc.",CXM,NYSE,2024-12-04,Jackson Ader,"Yes, yes. Got it. Okay. Second question, and I guess this one might be for Manish or for you, Rory. The $2 million in retention bonuses here in the fourth quarter, my cynical side tells me that, that might indicate some unwanted rep churn. And you're looking to kind of bridge the gap between now and maybe when things shake out in February. So just curious, where is your rep churn currently, either wanted or unwanted?",Hedging,
KLA Corporation,KLAC,NASDAQ,2024-12-04,Timothy Arcuri,"I guess I ask because one of your peers that doesn't compete with you in all -- in all your tool types, but the other major player in process control, they've been talking about pushing pricing higher and pushing gross margin higher. So I just wonder, I mean, if there's anybody that can push pricing higher and sort of set the margin, it's you. So I kind of wonder if there's some thought of, well, maybe there is an opportunity for us to sort of reset pricing and margins a bit higher, why can't you do 65% or 66%, or -- because the customer doesn't have any alternative in most cases?",Hedging,
KLA Corporation,KLAC,NASDAQ,2024-12-04,Timothy Arcuri,"Bren, I've always thought of KLA and I've covered KLA for 26 years. So I've always thought of KLA as much of a software company as exists in this in the semiconductor equipment world, I sort of think of you as maybe even more of a software company. I mean, yes, you sell hardware, you don't sell software, but your secret sauce really is in the software as much as it is in the hardware. So we don't talk about that as much. So I'm kind of wondering if you can talk about just from a value proposition for people that don't know the -- that don't understand the like software piece of your story, maybe if you can talk about that?",Hedging,
"Moderna, Inc.",MRNA,NASDAQ,2024-12-04,Q - Cory Kasimov,"Okay. Perfect. So yes, you mentioned the R&D Day in September, a very thorough overview with the priorities and the prioritized programs. One of those priorities, obviously, Spikevax, the COVID vaccine. I guess what are you learning about the kind of continued evolution of the COVID market now for, I guess, four years post pandemic? And how are current trends sort of informing your views of what the future holds when we get to what we anticipate would be a more steady state?",Hedging,
Intel Corporation,INTC,NASDAQ,2024-12-04,Tim Arcuri,"And how do you think about just Naga's comment about the building or planning CapEx more to the high confidence part of demand. I think, we can all debate how successful we think foundry is going to be. But as the CFO, when you're thinking about CapEx and now with sort of what the Board wants to do, how should we think about how you're planning CapEx because is this still too much? It seems like it could still come down quite a bit -- oh, it can come down, you're saying the number?",Hedging,
Intuit Inc.,INTU,NASDAQ,2024-12-04,Michael Turrin,"Okay. That's all super helpful. What else should we think about in terms of the drivers of growth within TurboTax? We know you have dominant market share in DIY. We've seen live success and you just provided some metrics around that. Help walk us through things like fully assisted do-it-for-me type of tax offering? Is that something we'll see more effort behind this year? And then maybe business tax also, if you can kind of touch on that, how that sort of might fit into the overall strategy?",Hedging,
