company,ticker,exchange,date,analyst_name,question,label
"Ameresco, Inc.",AMRC,NYSE,2024-11-07,Sam Kusswurm,"Yes, maybe more related now to your supply chain, too. I think you mentioned maybe, George, in previous quarters that your supply chain and labor were kind of constraints that hadn't yet improved, but were sort of stabilized, which made it possible planned around. I'm curious how you characterize the market -- yes, how would you characterize that today?",
GMS Inc.,GMS,NYSE,2024-12-05,Jeffrey Stevenson,"Did you guys see a deceleration in single-family demand as we move through the quarter and into November as the industry enters an air pocket from slower single-family starts earlier this year? And if so, are you expecting the air pocket in demand to last multiple quarters on the single-family side?",
"NIKE, Inc.",NKE,NYSE,2024-12-19,Bob Drbul,"Elliott, welcome back. Congratulations and best of luck.",
"Moderna, Inc.",MRNA,NASDAQ,2024-11-15,Evan Wang,"In terms of -- I guess, do you expect any kind of impact of new administration on FDA, CDC or the ACIP in terms of, I guess, data requirements for a new vaccine or newer vaccines.",
"BellRing Brands, Inc.",BRBR,NYSE,2024-11-19,Thomas Palmer,"Hi. Good morning and thanks for the question. I just hope to get a quick refresher on your pricing plans. It sounds like you instituted the price increase in the fourth quarter for Premier. And then it did not sound like they were planned last time around on Dymatize. Is that still the case? And then just any magnitude of kind of thinking through the price increase this year and, I guess, confirming that it's just that one round on Premier. Thank you.",
Jack in the Box Inc.,JACK,NASDAQ,2024-11-20,Dennis Geiger,"Great. Thanks, guys. I wanted to see if you could talk a little bit more about the Taco refranchising and kind of what feedback you've had there, how demand has been? Any kind of updates that you could give on the timeline or milestones as we think about franchise percent levels, obviously seeing good progress, getting good agreements tied to those sales. But just any other update and -- as we look ahead to potential milestones? Thank you.",
Hormel Foods Corporation,HRL,NYSE,2024-12-04,Heather Jones,"Good morning. Thanks for the question. I guess my first question is wondering, it sounds like as part of the T&M initiative there could be further SKU rationalization. So I was just wondering if the sales and volume guidance you gave, I know it excludes the Hormel Health Labs, but does it anticipate further SKU rationalization?",
"Rubrik, Inc.",RBRK,NYSE,2024-12-05,Kash Rangan,"Hi, thanks very much. Congratulations to the Rubrik team. My question to you, Bipul, is -- and I have one for Kiran as well. You've always maintained the view that the TAM for Rubrik in this cycle is not just a replacement of the legacy technology, but also participation of the broader pool available to you in cybersecurity, right? I mean that would make it truly a more sustainable growth company. I'm wondering if you could point to any evidence in the quarter and evidence in the pipeline that you see that the TAM in cybersecurity, which is a vast bigger pool of spending than the legacy business and how that is helping your business? And are you able to participate in those new budgets? And also Kiran, congratulations on the operating efficiency improvement. How sustainable is this improvement that we saw going forward? Thank you so much.",
"MACOM Technology Solutions Holdings, Inc.",MTSI,NASDAQ,2024-11-07,Tore Svanberg,"Very good. And that's my follow-up. I had a question for you Steve. So the market is moving quickly to 200gig per lien as you said. And there's sort of a big debate going on between all these various technologies optical versus copper, linear versus TSP and so on and so forth. The great thing for you is that you have exposure to everything. So I'm just wondering from your perspective and especially in relation to optical versus copper, how do you think the market is going to play out for 200gig per lane?",
Sezzle Inc.,SEZL,NASDAQ,2024-11-09,Charlie Youakim,"Karen, do you have any of that data like at your fingertips?",
KKR & Co. Inc.,KKR,NYSE,2024-12-10,Alex Blostein,"Well, let's touch on the first one, I guess, and just bringing you to some of the current events. After the U.S. election, there's clearly been a lot of enthusiasm in the markets around what the new administration could mean for financial regulation but also as a byproduct that just the pace of activity in the marketplace. And the market seems to be obviously quite excited about that. KKR had already seen a pretty meaningful pickup in activity this year, which is how you guys deploy a lot of capital. Realizations started to pick up a little bit as well. How have your view pipelines have actually changed, if at all, post November election? And as you look out into 2025, maybe spend a couple of minutes how you're thinking about pace of capital deployment on both deploying and realizing?",
Main Street Capital Corporation,MAIN,NYSE,2024-11-08,Bryce Rowe,"Thanks. Good morning, all. Hey, I wanted to, Dwyane, maybe start on your commentary around the pipeline. Last quarter you had well above average comment. And it sounds like some of the lower middle market activity might have slipped here to the fourth quarter. Just wanted to make sure I'm kind of reading into that the right way. And then any commentary around the move from well above to above for lower middle market. And then within the private loan book going from well above to average.",
"Xtant Medical Holdings, Inc.",XTNT,NYSE,2024-11-12,Unidentified Analyst,"All right, thanks, guys. Thank you for taking the questions.",
Accenture plc,ACN,NYSE,2024-12-19,Bryan Keane,"Got it. Got it. That's helpful. And then maybe you guys could just talk a little bit about the industry group, the Financial Services. A lot of times, that kind of leads out of economic slowdowns. But it sounds like Banking & Capital Markets was a little bit softer, but some other areas of strength and just trying to figure out where that is in the industry right now because we're kind of getting mixed messages from some of the other IT service providers. Thanks so much.",
"Darden Restaurants, Inc.",DRI,NYSE,2024-12-19,Eric Gonzalez,"Okay, and then just also on the Never Ending Pasta Bowl, I think you talked about the strong performance, particularly those weeks that didn't compare against the prior year. So I'm just curious how the promotion played out during the quarter? Like how did it do once, with the longer promo period, how did it do once those easy last week’s kind of lapped last year?",
"Yext, Inc.",YEXT,NYSE,2024-12-09,Rohit Kulkarni,"Okay. And if I could ask, Mike, could you actually can provide your latest thinking on the breakdown in the rule of 40 kind of North Star that you have had given where you are with the revenue growth and profitability today, how do you expect over the next few quarters to approach the rule of 40?",
Cerence Inc.,CRNC,NASDAQ,2024-11-21,Aman Gupta,"Hi. Yes. Thank you for taking our questions. You have Aman Gupta on for Mark Delaney. First, I guess, last quarter, you guys provided a framework for fiscal '25 of kind of a flat to low-single digit decline for revenue year-on-year, excluding the legacy business and midpoint now is showing growth year-on-year. Can you kind of speak to maybe some of the puts and takes that drove that and what's driving some of that strength you're seeing?",
Star Bulk Carriers Corp.,SBLK,NASDAQ,2024-11-20,Clement Mullins,"Yes, that's very helpful. Thank you. Thank you for taking my questions.",
Wells Fargo & Company,WFC,NYSE,2024-11-09,Gerard Cassidy,"Yes. Maybe moving on to the CSBB group at Wells Fargo, after many years of no growth, it’s now grown – you’ve grown checking accounts for 3 consecutive quarters. The debit card market share is starting to increase as well. Can you talk about the consumer banking strategy? And what are some of the changes you’ve made more recently to drive this growth?",
Fluor Corporation,FLR,NYSE,2024-11-08,Michael Dudas,"Thanks, Jim. That's encouraging to hear. My follow up is on NuScale. Maybe, David, two parts. One, David, your thoughts on such the lead that the technology has over competitors, certainly, which has been better documented. When do you think in the United States, one of those will be up and running? Maybe a little estimate on that front. Has that happened before or after, say Romania? And then given the excitement and the valuation of NuScale and certain things have changed dramatically in the - versus say, six to 12 months ago when you were starting this process, how do you about think about going forward, ownership having investment, balancing that versus monetizing and certainly rewarding shareholders for the patients in this as we move to the 2025 plan?",
Lennar Corporation,LEN,NYSE,2024-12-19,John Lovallo,"That's really helpful. And then just as a follow up, I just wanted to go back onto to an earlier question just to make sure I understand the strategy here. The 10% growth in delivery that target was out there pre Rausch. You guys have maintained that at the high end, including Rausch. So I guess, the question is, if it were not for Rausch, would you have lowered that target? Or conversely, is Rausch just giving you sort of the opportunity to not push pace quite as hard in the existing communities and still get that same volume at perhaps a higher margin?",
LSI Industries Inc.,LYTS,NASDAQ,2024-11-08,Aaron Spychalla,"Just maybe last for me, on EMI, strong performance, good start there. Can you just kind of give some maybe early examples of some of the commercial synergies and just how you're thinking about those, and then also cost synergies with some of the margin expansion targets you've laid out there?",
"Woodward, Inc.",WWD,NASDAQ,2024-11-25,Scott Mikus,Okay. That makes sense. And then I have a question for Bill. You had the defense OEM growth that was really strong in the quarter. How much of that was driven by JDAMs because Boeing received a $7.5 billion order for JDAM tail kits in May. So I'm wondering if that drove the growth in the quarter. And how are you expecting the growth for guided munitions throughout fiscal '25?,
EnerSys,ENS,NYSE,2024-11-07,Brian Drab,"Okay, thanks. And then, can you just put a little bit of a finer point on what you're seeing in the communications market in telecom? Sounds like orders are picking up and I might have missed the growth rate in orders maybe sequentially. If you could give us an idea how much orders improved sequentially or year-over-year?",
Sezzle Inc.,SEZL,NASDAQ,2024-11-09,Charlie Youakim,"Exactly. Exactly. And that would be more apples-to-apples, that’s more in comparison to the $9-plus number in 2024.",
Spotify Technology S.A.,SPOT,NYSE,2024-11-12,Bryan Goldberg,"Okay. We've got another question from Kannan Venkateshwar on podcasting subscriptions. If podcasters like the New York Times use a paywall on Spotify to improve their yield, is there an opportunity for Spotify to share in that upside?",
Atkore Inc.,ATKR,NYSE,2024-11-21,Chris Dankert,"Got it. That's incredibly helpful color, thank you for that. And then forgive me if I missed it, but when we were looking at the $250 million of pricing gift back in the year, had you delineated it all, you know, PVC versus steel, just proportionally how we should think about each piece?",
Sohu.com Limited,SOHU,NASDAQ,2024-11-12,Alicia Yap,"I have a few questions. First is that in terms of the advertising outlook, have you seen any improvement in terms of the ad budget spend by advertiser entering fourth quarter? Do you think overall advertiser sentiment has improved slightly heading into the remaining of the year? And then given your guidance actually implying year-over-year decline is narrowing for your ad revenue guidance, is that what you are seeing is an improving trend and also possible if you could also resume positive growth as we enter 2025? Second question is on your gaming guidance versus your reported revenue. So in 3Q, you guided very conservatively and then yet you delivered a massive beat in third quarter, like $128 million. And then you guided 4Q again very conservative. So just what are the main reasons for you to guide conservatively? Which game performance that you have not factored into the guidance for 4Q? And then last question is it seems like it takes a little bit slow to execute your buyback, given the trading liquidity. Just wondering if management could think of any better way to enhance the return to shareholder. Or would you consider to speed up? Is there any way you consider to speed up the buyback in more shares in the shorter-term period?",
Grupo Cibest S.A.,CIB,NYSE,2024-11-08,Yuri Fernandes,"No. Perfect. Thank you very much, guys, and congrats.",
"Flexible Solutions International, Inc.",FSI,NYSE,2024-11-15,Dan O’Brien,"Well, each one is a separate segment. Some of the target areas we're looking at is, I can name them, not guarantee that these are things we're going to close, but we're engaged in sleep aids, we're engaged in products that could be utilized for hormone supplementation. We're looking at products that are the opposite of sleep aids, alertness products. So the wine product was one -- well, the one that got us started, and it's based on polyaspartates. So that's our internal decision. But what's coming to us in the other situations is contract manufacturing for people with other -- with ideas that they bring to us and problems that we solve for them. And essentially, what I mentioned to Mr. Gregozeski was, this one more iteration thing is a function of problem solving. When your business plan is to find customers who have problems that need to be solved, sometimes it just takes a little bit longer to get it to perfection.",
Pure Cycle Corporation,PCYO,NASDAQ,2024-07-11,John Rosenberg,"Okay. Thank you for that. And that is very enlightening. Just a quick housekeeping on that, though. What items would I -- would we see that in your statements? Because I'm not -- I can't identify any items in your income statement, nor cash flows where it looks like the payment back from the sales tax -- or, excuse me, from the assessed tax from the mill rate?",
Kimberly-Clark Corporation,KMB,NASDAQ,2024-12-03,Dara Mohsenian,"Great, that's helpful. So we talked about category growth. Maybe we could spend some time on market share trends. You touched on earlier, you've seen a rebound in share trends in the US. Can you give us some sense of what's behind that from your perspective? How sustainable that is as you look going forward? And then at the same time, global share doesn't seem to have moved as much. So international shares theoretically dropped off a little bit. I think that's driven by some specific markets. But I'd love to get an update internationally too as to what's occurring from a market share standpoint and similarly how that informs your forward outlook.",
US Foods Holding Corp.,USFD,NYSE,2024-11-07,Jake Bartlett,"Great. Thanks for taking the question. My first was just a clarification. I just want to make sure I have the trend right in terms of the near term and the cadence. So in the third quarter, organic independent case codes were 2.4. You're saying that that would have been roughly 3.4 without the impact of the hurricanes. Has the trend improved 100 basis points since that? So basically, you're running 4.4 in October. Is that the right way to think about it?",
"Rocket Companies, Inc.",RKT,NYSE,2024-11-12,Doug Harter,"Thanks. Just hoping we could talk about expenses and just take it from a different angle. Given the capacity you said of about $150 billion, is there opportunity given the outlook for volumes to take out fixed costs, even if that means, that that capacity comes down somewhat?",
PagSeguro Digital Ltd.,PAGS,NYSE,2024-11-14,William Barranjard,"Okay. Good. So thank you -- thank you for your time. My question here is regarding your client shift mix and how it affects your main sources of revenue, it's been like prepayments and transaction fees. So I understand that prepayment rates, they might shift, but trying to keep it constant and also keeping the allocation of part of these prepayments, right, as you shifted between the lines, but trying to make it all comparable. So as you increase your average tickets, you grow more on LMEC segments, and also as PIX are increasing penetration, are you becoming more transaction-dependent or more prepayment revenue-dependent, right? As you change it, as you shifted, how you consider that in your revenue lines? I guess, it's quite harder to understand this from where I'm sitting, but if you could elaborate on that would be great.",
Carrier Global Corporation,CARR,NYSE,2024-11-15,Timothy Wojs,"Great. Well, we're out of time, so please join me in thanking Carrier Global for being here today.",
"Inotiv, Inc.",NOTV,NASDAQ,2024-12-03,Matt Hewitt,"Got it. Okay. And maybe one last one for me and I'll hop back into the queue. But I just want to mesh a couple of comments. So, I think earlier in your prepared comments, Bobby, you had stated that the higher cost NHPs are going to impact gross margins for that segment in '25. And then, Beth, you commented that you're expecting RMS gross margins to improve over the course of '25. Is that kind of as you were just alluding to Bob, maybe first quarter, you've got some of that higher cost inventory that you have to kind of get through. Once you're through that, you should start to see some lift in gross margins over the remainder of the year. Am I hearing that correctly?",
"The Gap, Inc.",GAP,NYSE,2024-11-21,Connell,"Well, I think you know we don't disclose margins by brand. But overall, we're really proud of the margin progress as a company. We picked up the 140 basis points of margin in the quarter and we just guided to margins that will expand about 220 basis points versus prior year. I think it's important to note that, that reflects average unit retails that are above 2019 almost universally across our brands. And so we're really proud of the progress that we've made there. As we think about improving profitability going forward, we'll talk more about that. I think at the end of the day, we're really excited that the brand reinvigoration work that is happening is showing up in sales growth and market share gains. I think that's a really important part of overall profitability.",
Gogoro Inc.,GGR,NASDAQ,2024-11-14,Annie Liao,"I'll take an online question now. First one is on a steady state basis with the cost savings program from 2025, can Taiwan operations become double-digit margin business over the next couple of years?",
"The Cooper Companies, Inc.",COO,NASDAQ,2024-12-05,Young Li,"I guess to start I wanted to ask about the health of the consumer in key regions worldwide. You have a sizable private label business, so a wide range of pricing. Any incremental changes with the consumer price sensitivity daily adoption, trade-ups, trade downs and private label growth.",
"Phreesia, Inc.",PHR,NYSE,2024-12-09,Jared Haase,"This is Jared on for Ryan Daniels. Balaji, maybe I just wanted to follow up from an earlier question on the network solutions side. And I think you mentioned having a little bit better visibility at this point with pharma customers on that network solutions business. Just wanted to clarify, I'm curious, is there anything in particular that's driving that? I assume that, that would mean sort of budgets are getting finalized a little bit earlier in the cycle. I'm wondering, do you think that's, I guess, a macro trend across the board for pharma or do you think there's something unique to Phreesia where maybe the platform is, I guess, moving up in priority relative to other tactics?",
Seadrill Limited,SDRL,NYSE,2024-11-13,Noel Parks,"Got it. Thanks. That's helpful perspective. And I mean, is it so I mean if customers then due to oil price or whatever are sort of deprioritizing steady operations by hanging onto a rig just based on their own capital discipline, is that sort of part of the shift that's happening then?",
"Etsy, Inc.",ETSY,NASDAQ,2024-12-09,Rick Patel,"So Josh, appreciate you being here. So you announced some pretty big changes to the leadership team. Just last week you announced a new role of Chief Growth Officer. You appointed a new CFO to backfill Rachel seat, who is riding off into the sunset. Much deserved. You announced the departure of your CTO, and you announced the reprisal of a dedicated CMO role. So lots going on here. Can you share more about the changes and why you think these changes were important to reignite growth?",
Amgen Inc.,AMGN,NASDAQ,2024-11-13,Q - Trung Huynh,"Okay. Very clear. If you have a look at that data, it looked like four out of the eight patients on the 420 mgs completed the study, it looks like one patient, in particular, drove the effect like perhaps a 10 times bigger effect for one patient only. Is that right to say?",
Nu Holdings Ltd.,NU,NYSE,2024-11-13,Neha Agarwala,"Hi, thank you for taking my question. Just a quick one on the provisioning level. When we go back to the 1Q numbers and the strong pickup in originations, which was the explanation for the strong pickup in the provisioning level, nominally speaking. When we look at this quarter, there was a very strong pickup, especially in personal loans, which grew 20% quarter-on-quarter. But the provisions grew only 6% quarter-on-quarter. So could you please explain what was different this quarter and why did we not see a stronger pickup in provisioning, whereas the origination was quite strong? And also the cost of risk sequentially remained largely stable. So there's probably some impact from shift in mix, but given the stronger growth in personal loans, I would expect cost of risk to go up. So if you could zoom in on that, that would be very helpful?",
Holley Inc.,HLLY,NYSE,2024-11-08,Joe Altobello,"Okay. Just one last one, if I could. It looks like you sold Detroit Speed. Can you speak to that? And are there other brands that you would look to sell?",
Johnson & Johnson,JNJ,NYSE,2024-11-18,Rick Wise,"All right. You must have been reading my next question because I was wondering, are there early stage companies in your VC portfolio already that potentially could find its way into your world or the reverse that -- now that in the future there's going to be more attention paid internally to help you and support your long-term growth or technology goals?",
"Mitek Systems, Inc.",MITK,NASDAQ,2024-12-16,George Sutton,"Got you. Finally, my compliments to Dave, when we look at operating expenses down $5 million quarter-over-quarter and service gross margins at an all-time high, [76%] (ph), I know that was hard work and that's why we're seeing the great results today. So, congratulations.",
"Archrock, Inc.",AROC,NYSE,2024-11-12,Doug Irwin,"Hey, thanks for the question. Maybe just to start with a follow-up on CapEx, you called out the increase this year being tied to TOPS, and I realize you're still working through the '25 budget, but I'm just curious how we should think about the right run rate for the business here moving forward, if you could maybe talk about some directional gateposts around '25?",
Olo Inc.,OLO,NYSE,2024-11-09,Bruce Goldfarb,"Great. Thank you. In terms of like technology, are there certain areas that you'd like to – is M&A focused on?",
"Sprinklr, Inc.",CXM,NYSE,2024-12-04,Arjun Bhatia,"Yes, right. From a more forward-looking perspective beyond fiscal '25, exactly.",
"EOG Resources, Inc.",EOG,NYSE,2024-11-13,Kalei Akamine,"We've got a couple of minutes here left. If anyone has a question, please raise your hand. We've got a Roving microphone in the room. And they'll come to you. Maybe as we wait for a question to materialize, I can ask you about M&A. So build versus buy has been sort of a market debate for EOG this year. Exploration success has sorted for your efforts, making this less of an issue more recently. But when you look at the U.S. and Canadian markets, do you see any resource themes that you think EOG should have more exposure to?",
"Ollie's Bargain Outlet Holdings, Inc.",OLLI,NASDAQ,2024-12-10,Edward Kelly,"Congrats as well, John, on a successful career there. My first question, can you -- I wanted to ask you about SG&A and labor. You made some changes around the workforce, full-time, part-time curious as to what you're seeing there, sort of like cost versus benefit. And then as we think about like going forward into '25 and beyond, are you still comfortable with the leverage point on SG&A at around a 1% comp? Or is that just kind of inching a little bit higher based upon some of the changes on labor?",
"Tempus AI, Inc.",TEM,NASDAQ,2024-11-09,Eric Lefkofsky,"I mean, it’s – the business is performing super well. But again, we are far more focused on long-term growth in that 25% range as opposed to short-term accelerants that when we lap make the business highly volatile. We want long-term growth given how big the space is and given the unique position we hold in the space as really one of the leading companies bringing AI to health care and bring particular diagnostics.",
"Tenax Therapeutics, Inc.",TENX,NASDAQ,2024-11-15,Seamus Fernandez,Were there any subsets that were in that study that makes sense or would have been helpful in kind of predicting a potential benefit or even an evaluation of the technology?,
National Grid plc,NGG,NYSE,2024-11-07,Pavan Mahbubani,"Hi, everyone. Good morning. Thank you for taking my question. I've got two please. Firstly, can you remind us when you will be submitting your business plan for the RIIO-ED3 period? And is there any early flavor you can give on what we should be expecting especially when it comes to the mix of CapEx, how you're thinking about baseline versus uncertainty and how that ties into your five-year frame? And then my second question is on any comment you have on the outcome of US elections? And do you expect this to change your plans for US investment to 2029? Thank you.",
Ligand Pharmaceuticals Incorporated,LGND,NASDAQ,2024-11-08,Unidentified Analyst,"Good morning. This is Shao on for Balaji. Thanks for taking our question. And just a follow-up question on FILSPARI. So as Paver is preparing supplemental NDA for FSGS, wondering if FSGS is already factored into the 18% CAGR that's like you highlighted earlier, all the only like the current indication, IgAN is already factored in? Thank you.",
Ellington Credit Company,EARN,NYSE,2024-11-13,Jason Weaver,"And then maybe related to it exactly, assuming today, if you had certainty about the shareholder vote being supportive, to liquidate the agency portfolio seems relatively straightforward. But what does the timeline look like to move that capital into new CLO equity?",
Nutex Health Inc.,NUTX,NASDAQ,2024-11-08,Bill Sutherland,"Good. Good quarter. I wanted to think about the fourth quarter a little bit, thinking about the seasonality as you're seeing it, the timing of the two new hospitals and particularly interested in kind of how you're seeing patient visits in the fourth quarter. I think you get some positive seasonality as I recall.",
IceCure Medical Ltd,ICCM,NASDAQ,2024-11-26,Anthony Vendetti,"So I want to talk about first the US and then Japan. Based on the nine to five AdCom meeting both for in favor for ProSense. In your discussions with the FDA, is it likely -- have they given you guidance that they would likely make a decision before the end of March, could it be soon or could it be later? And then in Japan, I know you mentioned in the press release that you expect Terumo, your partner to file for regulatory approval in 2025. Is that in the first half '25, second half of '25? And then what's the approval process there once they file for approval?",
"MIND Technology, Inc.",MIND,NASDAQ,2024-12-11,Tyson Bauer,"And because a couple of years ago, the bigger competitor dropped out of the industry, this really is your ball of field here.",
"Mama's Creations, Inc.",MAMA,NASDAQ,2024-12-16,Anthony Vendetti,"I appreciate the color. I'll hop back in the queue. Yes, no problem. Thanks.",
"Dropbox, Inc.",DBX,NASDAQ,2024-11-07,Rishi Jaluria,"Wonderful. Thanks so much for taking my questions. Maybe I want to ask a dual-pronged one still sticking with Dash. The first part -- and these are both related, but the first part is, maybe help us understand this is a competitive space. You've got well-funded venture-backed companies that are achieving real scale in this. What do you feel uniquely gives Dropbox a right to win, especially at the enterprise level, which is where arguably the biggest TAM in this is? And then the second part to that is, Drew, you're making a really big bet on the future of the company and understand that, right? I mean that's what the history of entrepreneurship is rife with. What -- I guess, number one, what gives you confidence that this opportunity can materialize? And number two, what's kind of the contingency plan or thought process if just the demand for Dash and for these new growth drivers don't materialize the way that you think they will? Thank you.",
"Dycom Industries, Inc.",DY,NYSE,2024-11-20,Frank Louthan,"Okay. Thank you. And as far as some of these AI builds that you're seeing, is relative to maybe a few months ago, are you seeing these be more substantially related to larger long-haul projects versus short spurs off of networks that we maybe have seen previously?",
Nexxen International Ltd.,NEXN,NASDAQ,2024-11-15,Laura Martin,"Those are super helpful. And Sagi, one for you. If you're going to delist basically offshore and be a NASDAQ-listed company, any thoughts about moving to U.S. GAAP out of IFRS at some point?",
"AutoZone, Inc.",AZO,NYSE,2024-12-10,Steven Forbes,"Then maybe as a follow-up, sticking with real estate, top focus area, ramping up store growth. You gave the targets in the past for sort of out year domestic and international stores per year. Any updates on how we should be reframing, or rethinking the curve, or the slope of new store openings?",
"Novavax, Inc.",NVAX,NASDAQ,2024-11-20,Roger Song,"And then move on to the COVID flu combo, understanding Sanofi can push forward with their own combo with your COVID plus their flu. That's out of your hands. They're going to take a lead on that. But you also have your own flu COVID combo about to enter the Phase 3. Recently, you just removed the clinical hold partial clinical hold on the -- clinical hold for that program. So, what are the gating factor before you can start a Phase 3 for your COVID flu?",
Samsara Inc.,IOT,NYSE,2024-12-05,Derrick Wood,"Great. Thanks guys. I guess, a high-level question on the video safety market for you, Sanjit. I mean, Video Monitoring has certainly become more prevalent. I know it's still an early market. But just, is there more market acceptance by drivers with driver-facing cameras and does this make it easier to sell and kind of drive more greenfield conversion in this market? Just would love to hear an update there?",
"Creative Realities, Inc.",CREX,NASDAQ,2024-11-13,Jason Kreyer,"Okay. Thank you. I want to pivot over to Will. You've had a really nice uptick in profitability over the last couple of quarters, and that's happened even in light of what we just talked about, where some deals may not be coming in on the timing that you had expected. So, curious if you're thinking differently about the long-term profit in the model, just given you're already hitting that mid-teens EBITDA margin on a lower base of revenue than expected.",
"Flexible Solutions International, Inc.",FSI,NYSE,2024-11-15,William Gregozeski,"Okay. On the balance sheet, the total debt has been increasing as has the cash. Do you plan to leave both of those there to have the cash for opportunities or might start paying the debt down faster?",
"FTC Solar, Inc.",FTCI,NASDAQ,2024-11-12,Yann Brandt,"Sure. Thanks for the question. This is Yann. About 70% of our signed purchase orders today are in the 1P category, so we’re going to start seeing revenues come in from the 1P category. As I mentioned in the prepared remarks, it’s part of the inflection point that we’re starting to see. About 16% and 18% in Q2 and Q3 came from the 1P category, and that’s going to continue to grow over time as those projects get to the start of construction. The feedback on the 1P has been excellent. As I mentioned, I’ve been visiting with a lot of EPCs, the contractors that have to install it, as well as the investors that are going to own the project. There are some key features that make the system easier and faster to install, as well as safer. It’s an advantage of being the last 1P product to the market is that our team was able to build innovations on top of the products that were in the market, working hand in hand with potential customers to drive those innovations. The category that’s interesting about FTC’s 1P product is that it’s not just a monolithic piece, I mentioned, we have the high wind solutions all the way up to 150 mile an hour. Especially with growth in solar in the Southeast and obviously the expansion of where hurricanes are hitting, we have some trade following features. So it’s not just the individual aspects of the product, but also how wide the product portfolio can span, which allows us to increase our share of wallet with customers regardless of where they’re investing.",
"indie Semiconductor, Inc.",INDI,NASDAQ,2024-11-07,Donald McClymont,"In terms of the geographic split in the backlog, we have won a lot of business which is U.S. and European based, also some in Japan and Korea. The China business, we also have wins in there. But the larger programs which span multiple product lines within OEMs and tier 1s is more centric outside of China. So it's – I mean it's probably 80% of it is outside. And then what was the second half of the question? Sorry, Tony.",
Hudbay Minerals Inc.,HBM,NYSE,2024-11-13,Orest Wowkodaw,And what -- can you give us any kind of insight in terms of what gold grade you're anticipating for Dexter in Manitoba?,
"Dropbox, Inc.",DBX,NASDAQ,2024-12-03,Taylor McGinnis,Perfect. Super helpful color. Maybe shifting to margins. So you announced the RIF that impacted approximately 20% of the workforce. So can you quantify how that's being factored into the 150 basis points of margin expansion in 2025? What level of savings are being realized? How much is being reinvested back into the business?,
"Mersana Therapeutics, Inc.",MRSN,NASDAQ,2024-11-13,Yige Guo,"Got it. That's very helpful. And then second question, there was a poster at last year's ASCO discussing optimal sequencing of SN-38 and DXd-ADC in breast cancer patients. Just wondering, is there any preclinical rationale or even clinical observations suggesting optimal sequencing of Dolasynthen and TOPO1 ADCs?",
"Bionano Genomics, Inc.",BNGO,NASDAQ,2024-11-13,Mark Massaro,"Okay, that's helpful. And then I wanted to ask about the guidance, the reduction of the guidance here again. Maybe can you walk me through some of the components. I understand that if you place fewer systems, there will be fewer, less capital equipment revenue realized in the quarter, if that makes sense. I just wanted to ask about the other line items and the other product categories. In Q3, you had really solid 27% growth in flow cells. I'm just curious how we should think about the rest of the business. And as we think about 2025, are you confident that you can generate growth in flow cells and consumables?",
"NetApp, Inc.",NTAP,NASDAQ,2024-11-21,Jason Ader,"Yeah. Thanks. Good afternoon. George, I wanted to ask you about any potential ripple effects that you guys are seeing from the Broadcom-VMware acquisition. Specifically on storage projects just as customers maybe have less budget or, look to reevaluate their on-prem infrastructure plans and strategies?",
"Cogent Communications Holdings, Inc.",CCOI,NASDAQ,2024-11-07,Nick Del Deo,"Okay, okay, that's helpful. And I thought it was interesting that you noted there was more interest in long-term leases rather than outright sales for the larger facilities. I guess? If that plays out, would you then be inclined to sell the stabilized leased facilities, maybe the buyers looking for those sorts of income streams? I'm just kind of thinking about whether Cogent would fetch an appropriate market multiple for that income stream, if it's buried into the rest of the business or if it's best to be held outside of the REIT structure?",
Brady Corporation,BRC,NYSE,2024-11-18,Steve Ferazani,"That's great. And if I get one more in, just who the customer base is for the i5300 and the plan with that? It sounds like you're incorporating it with The Code technology. Tell me how that's going to work and who you're targeting?",
American States Water Company,AWR,NYSE,2024-11-07,Jonathan Reeder,So if you get a proposed decision that just fully adopts the settlement and that occurs before you got to file your 10-K then you might be able to you might feel comfortable booking it then as well?,
"RingCentral, Inc.",RNG,NYSE,2024-11-07,Damien Grangeon,"Thanks Vlad. And if I could just one more. How did the Microsoft Teams opportunities perform in 3Q compared to 2Q? And is this helping you land with larger customers? Also, is it helping pull through more Contact Center deals with RingCX?",
"Photronics, Inc.",PLAB,NASDAQ,2024-12-11,Tom Diffely,"Yes, good morning. Thank you for letting me to ask a few questions. Maybe first on the operating expenses, they were up quite a bit year-over-year and maybe just a little more detail on what it was the one-timers that impacted that?",
Global Partners LP Common Units,GLP,NYSE,2024-11-08,Selman Akyol,"Got it. And then last one for me. You talked about EV chargers and you're trying to finalize your first tranche. But I guess, can you talk about maybe a number of EV chargers you could see across your system? Anything from a high level?",
Synaptics Incorporated,SYNA,NASDAQ,2024-11-07,Kevin Cassidy,"Okay. Great. Thanks for that detail. Maybe for just a little more details, what are your end-market exposures as far, say, consumer, the IoT Wi-Fi in consumer maybe in the home, versus industrial? It seems in this earnings period that industrial has still been weak and maybe home is getting better. But I'd like to hear what you see is happening in the end-market.",
Biogen Inc.,BIIB,NASDAQ,2024-12-03,Umer Raffat,"So, Alisha, is there a world in which we could say 2,000 may have started? 1,500 are on it. So, you've kind of hit a close to 50% penetration already at some level. Because when I hear 50%, I'm thinking you're starting to get to an upper limit of what the realistic penetration could look like.",
Edgewell Personal Care Company,EPC,NYSE,2024-11-09,Olivia Tong Cheang,"I wanted to ask about your visibility and the building blocks on your fiscal '25 sales outlook for 1% to 3% organic. And what gets such an acceleration going? Because you mentioned in your prepared remarks a lot about Q1 being sluggish sales and EBITDA and EPS down. Obviously, the supply chain challenges you had, high promotion in Wet Shave, the over-indexing to drug, and you've got a new Head of North America. So it seems like you've built in some flexibility in Q1, but obviously, a fair bit of expectation for the sales to grow as the year progresses. So maybe even if you could talk about new product pipeline or the cadence, that would be helpful.",
"BellRing Brands, Inc.",BRBR,NYSE,2024-11-19,Bill Chappell,"Thanks. Good morning. Darcy, talk a little bit more about just the decision on stepping up marketing in 2025 and kind of why now and what level? And -- because it seems like it's a step change. I mean you've kind of grown exceptionally well over the past few years despite not doing any national marketing despite not kind of flooding their waves. And it seems like at least this quarter and probably for the next few quarters, you are deciding to step up. So maybe give us an inside look of what the thought process was from the company or from the management team of like why now, where do we go with this? How far is too far, how little is too little? Any kind of color around that would be great.",
"Stanley Black & Decker, Inc.",SWK,NYSE,2024-12-03,Neal Burk,Certainly in outdoor categories. You mentioned interest rates a couple of times. Are there any other kind of macro indicators that you are looking at to see a recovery in DIY?,
Pagaya Technologies Ltd.,PGY,NASDAQ,2024-11-12,John Hecht,"Morning, guys, and thanks very much for taking my calls, and congratulations on continuing to execute against the growth plan. Maybe just because I know that the personal loan product, it's more mature, it's more scaled. Maybe can you talk about the FRPC with that versus the other new products? And also maybe talk about the risk retention across the different product line?",
Seadrill Limited,SDRL,NYSE,2024-11-13,David Smith,Hi. Good morning. Congratulations on the quarter and the increased guidance.,
Korea Electric Power Corporation,KEP,NYSE,2024-11-17,Unidentified Company Representative,"[Foreign Language] [interpreted] KEPCO is implementing a KRW30 trillion of financial stabilization plan for five years from 2022 to 2026. In this plan, we are taking a lot of measures such as filling our assets and reducing our cost of investment and trying to increase the income other than from power sales and we are beating this target by 110%. And to answer your questions about foreign exchange fluctuations impact on us. Foreign exchange fluctuations can impact our business in two ways. The first on the borrowing and the second on the fuel cost. However, our borrowings are hedged so we are hedged from risk somewhat. And secondly, the impact on the fuel cost. We are exposed to some foreign exchange fluctuation risk when we buy LNG or other fuel, but the details of this impact varies from the fluctuation range and the cost of global fuel.",
"The Trade Desk, Inc.",TTD,NASDAQ,2024-11-07,JeffGreen,"You bet. Thanks so much for the question. I'm so proud of what we've done with Roku this year. We've had a long-standing relationship with them, but it's really borne fruit in this year. And it really represents a significant change for them as it relates to adopting things like UID2 and some of the principles of the open Internet. But of course, the Roku channel has grown tremendously for them, and they have become not only a partner for us as a distributor of others' content, but also a premium publisher themselves. I'm so excited by what they've done with UID2 and because of some of the assets they have with ACR and whatnot, I expect our partnership to continue to grow in the coming years. So I'm very optimistic about our partnership with Roku. I expect that to continue to expand and very much appreciate the question.",
"Intellia Therapeutics, Inc.",NTLA,NASDAQ,2024-11-07,Unidentified Analyst,"Hi, good morning. This is CJ [ph] on for Mani. My question is regarding the Phase III HAELO study, I just noticed that patients are randomized 2-to-1 there versus 1-to-1 in MAGNITUDE. So, I was just wondering if you thought this 2-to-1 enrollment was thought to accelerate patient enrollment in the study? Thank you.",
Haemonetics Corporation,HAE,NYSE,2024-11-09,Marie Thibault,Okay. That's really helpful and good to hear. Maybe my follow-up quickly here on some of the acquired products in hospital. I heard $16 million in revenue from that segment this quarter. I think it was $18 million last quarter and I noticed a little bit of a nudge down on the guidance. Can you tell us what's happening a bit with the Attune and OpSens products and the rollout there? Thank you.,
"Moderna, Inc.",MRNA,NASDAQ,2024-11-21,Michael Yee,"Okay. Thank you very much, everyone. I appreciate it. Lavina, thank you for walking us through this. Looking forward to 2025.",
Jackson Financial Inc.,JXN,NYSE,2024-11-07,Ryan Krueger,"Okay. Got it. And then when I look at the market risk benefits roll forward, it looks like there's been a fairly consistent amount of negative impact from actual policyholder behavior versus your expectation at $514 million year-to-date. Can you give some additional info on what is driving that? And how to think about that as we go forward?",
Largo Inc.,LGO,NASDAQ,2024-11-14,Gary Bryck,"Well, if you understand elasticity, maybe you could explain how prices would change if you, for example reduced your production of vanadium.",
"Liquidity Services, Inc.",LQDT,NASDAQ,2024-12-12,Logan Lillehaug,"Great and then one thing I don't think we've talked about today is the real estate opportunity and bid for assets. I know you've talked in the past about making some progress, just trying to get some of those municipalities to adopt, going through the online auction channel. I just love an update on how you think that's going and how immediate you think that that opportunity is and then you've talked about it being a $100 million GMV opportunity?",
"Cisco Systems, Inc.",CSCO,NASDAQ,2024-11-20,Q - Matt Hedberg,"Oh, nice. Thanks for coming, guys. Well, we're going to try to keep this interactive. Towards the end, we'll save time for some Q&A. So save up your questions now. We'll prompt you when we get closer to that. But let's talk -- Scott and I were joking, like Cisco traditionally would be, as a software analyst, be a little outside of what I would look at, but increasingly, Cisco is for kind of a lot of obvious reasons, pivoting more towards software. It's the growth engine of the business. It's where all the innovation is. And if you look at the senior leadership, we had a bus tour in this summer to see you guys. And it's like it's incredible to see the software talent from a product perspective, from a president perspective, it's really -- it feels like a different company in a lot of regards?",
Accenture plc,ACN,NYSE,2024-12-19,Keith Bachman,"Yes. Okay. That makes a ton of sense. Thank you Julie. My follow-up question is, some of our recent discussions, and to be fair, with software companies, have suggested that Europe's softened in the last 30, 45 days and -- which makes sense, if you just read the newspapers about what's going on in Europe. But have you guys seen any change in the dynamics underpinning Europe and/or change the perspective that you may have as it relates to European demand over the next 12 months? And that's it for me. And many thanks again, and happy holidays.",
Ecopetrol S.A.,EC,NYSE,2024-11-14,Andres Duarte,"Thank you. Good morning. Thank you for taking my questions. I've got three too, a follow-up to what's been asked before. My first question is, with the joint venture at Occidental, and it has to do with a joint production agreement that was made with Oxy, and it's a production that goes till 2027. So I'm confused regarding the answer you just gave, what you will renegotiate in the first quarter of 2025, what is it exactly? And more specifically, does it also embrace the production agreements? Does it cover everything or a portion of it that joint production agreement is separate? Could you please provide us more information about this? What is negotiated? Is it part of it or all of it? Second question. What's the chance of making or buying electric generation projects that are non-conventional? So, it's basically what advantages do you think that Ecopetrol has regarding environmental alliances and previous consultations compared with the companies that are selling their projects because -- no, why would it be good for Ecopetrol to develop that electrical generation? And third question has to do with Ochua [ph]. I'm sorry, I haven't learned the new name. That's a big bet for you for the country, even for Petrobras. From what I understand, that Colombian offshore, this is the biggest we have besides Brazil. So, what's Plan B for Ecopetrol? If this is not economical -- feasible to produce this gas? Thank you. And good luck with the rest of this year.",
"VirTra, Inc.",VTSI,NASDAQ,2024-11-12,John Givens,"Thank you. VirTra's dedication to our customers and their life-saving mission remains as strong as ever. The passion, hard work and expertise of our team are the cornerstone of our success. And our ability to provide thought leadership to our customers will continue to keep us at top of the industry. I'd like to thank our shareholders for their continued support and confidence as we continue driving meaningful impact in communities around the world. Wishing everyone a safe, healthy and positive close to 2024, and we look forward to a successful year together in 2025. Operator?",
Bitdeer Technologies Group,BTDR,NASDAQ,2024-11-18,Nick Giles,"Got it. Thanks. That's helpful. You have a number of expansion projects within your current footprint, obviously, but I was wondering if you could speak to any opportunities outside of that. Are you actively looking at any potential new sites, or have you put things on pause just given the amount of projects ongoing?",
Blackstone Inc.,BX,NYSE,2024-12-11,Alexander Blostein,"And financially, no change in your agreement with Resolution, but also does that open up an opportunity with Nippon broadly?",
"Shoe Carnival, Inc.",SCVL,NASDAQ,2024-11-21,Mitchel Kummetz,"And it sounds like your boot inventory coming out of 3Q is in pretty good shape. And I'm guessing that as we're early in 4Q, you've been able to continue to work down those receipts as the weather hasn't cooperated.",
Research Frontiers Incorporated,REFR,NASDAQ,2024-11-08,Joe Harary,"I think so. And I think the drivers of that is the constant reduction in the price of the film, the retrofit application and what that really does. I mean I'll just give you one example of how it can grow very, very fast. The GSA, the Government Services Administration is the buyer of materials for the government. Our licensee that has the patents on the retrofit application is on the GSA schedule of approved vendors and they currently supply them with different types of advanced glass for the GSA to pick from and it comes on a menu. So just like you go to a restaurant, you could order a retrofit window with X, Y or Z type of glass and that Z type of glass would be SPD. So we're kind of already very much with our foot -- it's not our toe in the door, it's probably our entire foot and maybe our torso and three friends helping to pry open the door. So -- and that's the biggest customer in the world. So that's one area where if you wanted to see stellar growth that could happen. And just we were discussing some of the projections they could be astronomical for us and our licensees even in year one of that. So something that I expect to be bigger. And then you have the more traditional ways of installing the glass and more traditional new construction and things like that. And that also is big because basically almost 70% of the world's glass is going to the architectural market [Multiple Speakers]…",
iPower Inc.,IPW,NASDAQ,2024-11-14,Thierry Wuilloud,Okay. That's helpful. Can you give us an update on SuperSuite? I think you were maybe in the low teens in terms of revenue percentage there in the previous quarter. Is that the right trajectory? Is -- what are your expectations for SuperSuite going forward?,
Euroseas Ltd.,ESEA,NASDAQ,2024-11-21,Climent Molins,Makes sense. Yes. Thanks for the color. That's all from me. Thank you for taking my questions.,
"Block, Inc.",XYZ,NYSE,2024-11-07,Dan Dolev,"Hey, guys. Good evening. Thanks for taking my question. I want to ask like a bigger strategic question, Jack. Like I saw the shareholder letter, it looks like a lot of nice returns on the lending products. Can we touch on it a little bit long-term as you think about how these different lending products are enhancing the entire ecosystem as you continue to scale? Thank you.",
"Red Rock Resorts, Inc.",RRR,NASDAQ,2024-11-09,Joseph Greff,"And then, maybe we can touch on 2025 in terms of anticipated renovation impacts?",
Oportun Financial Corporation,OPRT,NASDAQ,2024-11-12,Gowshihan Sriharan,"In terms of customer acquisition, I mean you just mentioned physical location -- invested the CapEx into physical location. I know it has been trending down to $118. So can you provide more insight into the drivers, into the significant reduction in customer acquisition costs? Is it primarily a decline due to returning customers or is this a shift in marketing channel mix and what is it going to -- and how is it going to trend, looking into 2025?",
Bloom Energy Corporation,BE,NYSE,2024-11-07,Chris Senyek,"Hey, guys. Thanks for taking my question. I just wanted to ask, what drives your conviction to meet full-year guidance? I see the FPM order is expected to be delivered by year-end, but any color on timing from the upsized quantum capacity and the 80-megawatt order with SK Eternix, should we think about those deliveries to be in 2025? Also, given the timing, it doesn't seem like we'll see anything from Greenfield or Brownfield data center customers for this year. Is that a fair assumption? Thanks.",
Piedmont Lithium Inc.,PLL,NASDAQ,2024-11-12,Joseph Reagor,"Okay. Second thing, you mentioned M&A, given the current market and some of the, let's call them pre-revenue companies struggling, are there opportunities that you guys are seeing out there for you guys to do M&A or is that just something you wanted to highlight as industry related?",
"Foot Locker, Inc.",FL,NYSE,2024-12-04,Cristina Fernandez,"Thanks for that color. And then my second question was around the refreshed stores. I know it's early the program started this year, but can you talk about, if you're seeing those stores perform better than those that have not refreshed? Any insights there at least year-to-date on what you're seeing?",
Johnson & Johnson,JNJ,NYSE,2024-11-18,Rick Wise,"Unfortunately we have to stop there, but I have to compliment you. I think in my 400 years as a MedTech analyst, I think these are some of the clearest explanations of technology and anatomy. I think I thought I understood HFrEF and HFpEF, but I think I understand it better now. Anyway, it's more exciting to see. Thank you so much for...",
Hormel Foods Corporation,HRL,NYSE,2024-12-04,Max Gumport,"Got it. But just any other drivers you would point to in terms of what helps you get there? I think if it's a net number, there's probably an even bigger halt I hadn't considered. So just any other key drivers you could point to.",
CSX Corporation,CSX,NASDAQ,2024-11-19,Daniel Imbro,"Got it. At the start of the quarter, you mentioned one of the disruptions was the strike. And while that was nice to be passed, it is kind of just pushed to January. So curious, I'm not sure if you have any update, but how you're hearing negotiations are going? Do you think there's any potential we avoid a disruption again in January, or do we just replay this playbook again to start 1Q, given what you see out there now?",
LSI Industries Inc.,LYTS,NASDAQ,2024-11-08,Amit Dayal,"Just last one from me, for this new refrigerant product, I'm wondering if there are other markets you could potentially enter outside of the core grocery segment you're targeting initially for this.",
"Crane NXT, Co.",CXT,NYSE,2024-11-09,Michael Halloran,Just to follow-up on Matt's question there one last time again. Does that include the acquisition like De La Rue that's not necessarily part of the run rate numbers yet when you talk about flat overall?,
"Pioneer Power Solutions, Inc.",PPSI,NASDAQ,2024-11-18,Sameer Joshi,"Yes, because in the Q, you have laid it out for corporate, for the divested business, and for the continuing business, yes.",
"RB Global, Inc.",RBA,NYSE,2024-11-08,John Gibson,Just to start off -- wondering about the modest bump to 2024 guidance. Is this function of improving margins and take rates that we've seen? Or are you starting to see some higher volumes from the recent cat events here in Q4?,
908 Devices Inc.,MASS,NASDAQ,2024-11-12,Puneet Souda,"Yeah. Hi, everyone. Thanks for the questions here. First one, I understand the challenges of the life sciences end market. We've been seeing that for the last year. But the magnitude of the guide down at this point, even after accounting for AvCat, I mean, it raises a question if there is any structural or competitive issues in the handheld market beyond the agencies that you're selling these products into. So just wanted to understand if the -- is it largely the pushing out of the budgets because of political uncertainty, which is obviously not lost on anyone but just wondering if it is that is the primary driver or if there is any structural competition that you're seeing in the market. And on the desktop side, how should we think about the recovery in first half ‘25? You pointed sequential improvement here. Should we assume that sequential improvement to continue into first half?",
Atmus Filtration Technologies Inc.,ATMU,NYSE,2024-11-08,Joe O'Dea,Got it. And do you find that the filtration sort of competitive landscape is such that Mexico is a common area of supply source?,
Ascent Industries Co.,ACNT,NASDAQ,2024-11-12,Unidentified Analyst,Okay. What do you anticipate happening first a sale of one or both the tubular businesses or a purchase of the chemical business?,
Sky Harbour Group Corporation,SKYH,NYSE,2024-11-13,Tal Keinan,Can you repeat that question? I don't think we got it.,
"Moderna, Inc.",MRNA,NASDAQ,2024-11-21,Michael Yee,"Right. So, do you -- appreciating that we want to prevent primary infection to the women because we don't want her to get infected, such that it passes to the baby, which has a one in 200 chance of getting infected, which would drive a birth effect or one in 1,000 death that the most people would be primarily taken in each year would be the women who are planning to get pregnant that year, generally speaking. And there's 3 million births per year in the U.S. on those numbers?",
"Cracker Barrel Old Country Store, Inc.",CBRL,NASDAQ,2024-12-04,Katherine Griffin,"Okay. That's helpful. And then I wanted to ask, I guess, a follow-up to an earlier question just about the different, I guess, tiers of remodel and then refreshes. As you're a few months into the strategic turnaround, I'm curious if there are initiatives that are resonating better than you had expected or maybe better than others. And has that changed at all the way that you're thinking about the timing of or how you're allocating the investments into the turnaround?",
"Nephros, Inc.",NEPH,NASDAQ,2024-11-09,Ralph Weil,Good afternoon to both of you. You've talked in the past about ASHRAE and that it is suggested in the regulations. Then you're talking about having more teeth in the regulations. Where do you stand? And what do you see regarding the ASHRAE regulations as it affects Nephros? And a second question you've talked a lot about the numbers and I know you've touched upon the newer areas that you're working on. Could you possibly just be a little more specific as to what you might be doing and where you stand with the newer areas at this point in time?,
"Maravai LifeSciences Holdings, Inc.",MRVI,NASDAQ,2024-11-09,Yuko Oku,"Okay. And then just do you expect any changes to government contracts, including the one with BARDA based on the recent election outcome?",
"MongoDB, Inc.",MDB,NASDAQ,2024-12-09,Brad Sills,"Great. Thank you so much, and congratulations, Michael, on your next move. I wanted to ask about new workloads here on vector search, stream processing, relational migrator. Is there any one of those three that's ramping faster than maybe you expected? Just a little bit of color on how those new workload types are ramping. Thank you.",
MP Materials Corp.,MP,NYSE,2024-12-13,Laurence Alexander,"And so let's tackle that, tease out two threads there. First, in terms of what this means for your balance sheet, and your CapEx. How you think about the CapEx for the balance of 2024, 2025, how you think about cash inflows versus what you need to spend, to scale up to get to your production targets?",
PVH Corp.,PVH,NYSE,2024-12-05,Ike Boruchow,"Hey, good morning, everyone. A couple of questions from me, mainly on the licensing impact for next year. Just at a high level, maybe, Stefan, to start, just how has that transition been working? Has the foundation been fully laid out to begin? Taking those categories in, is there any more cost? Just kind of curious there at a high level. And then maybe this is for Zac. Two follow-ups. Can you give context for how much revenue from that business should hit next year and then what is left over to hit the P&L in '26? And I'm sorry, the last question is, when you mentioned modest growth for next year in constant currency, I'm just curious, is that organically and with licenses or is that really just a function of the licenses benefiting? Thank you.",
"Pure Storage, Inc.",PSTG,NYSE,2024-12-03,Charles Giancarlo,"Tim, out of respect for some who have gotten back in line with their second question, we're going to maybe try to take one or two of your questions, not all three.",
"Puma Biotechnology, Inc.",PBYI,NASDAQ,2024-11-07,Unidentified Analyst,"Hi. Thank you for taking our question. So this is Jenny [ph] for Gina. So we have a question about ALISCA-Breast 1 cancers interim readout. So could you provide more color about the timeline? I mean, you mentioned, like, in a medical meeting, and then we wonder, like, how many number of patients data you would report. I think last quarter, it got the readout, it's like a fourth quarter of 2024, but why it is postponed to 2025? Also, like, what is the kind of the benchmark for this, like, activity? Thank you.",
"Advanced Micro Devices, Inc.",AMD,NASDAQ,2024-12-03,Q - Timothy Arcuri,"Can we first talk about CPU? You've been gaining share on the server side fairly consistently for years now, you're sharing cloud is in the 50% range, much lower in enterprise, but you're beginning to see some success in enterprise. So, can you talk about your roadmap and why you're winning on the CPU side? And if you can particularly talk about enterprise and what sort of, what you've done differently there to catalyze some recent wins there.",
"Innovative Industrial Properties, Inc.",IIPR,NYSE,2024-11-07,Tom Catherwood,"Got it. And then last one for me, if I can, Ben, sticking with you for the asset that you took back in North Adams, Massachusetts, I know it's early, but what is the outlook for backfilling that space? And is any incremental investment needed to get the building market ready?",
CXApp Inc.,CXAI,NASDAQ,2024-11-12,Khurram Sheikh,"Great question, Dennis. Yes, new management has really impacted growth at Sky. Joy coming on board has been a really breath of fresh air for me to help with in terms of the financial strategy, but also partnership with the Google Cloud Providers. We've had a lot of new talent come into the company since we went public, so there has been new talent. But I am super excited about also bringing newer talent on board as you grow the company across the board and we really are working together really well. So Joy, you want to add something to that?",
ProAssurance Corporation,PRA,NYSE,2024-11-08,Bob Farnam,"Yes. I didn’t mean to just blame Pennsylvania for it, but like you said, we’re trying to dig around – trying to figure out what’s going on. Great. Thanks, guys.",
"Autodesk, Inc.",ADSK,NASDAQ,2024-12-11,Unidentified Analyst,"Yeah, absolutely. Maybe the follow on for that for you, Simon, is, can you just maybe -- I mean, we started in the Americas, right? It's been a very phased approach geographically. We started in the Americas, then we've gone to Europe, I think relatively recently we started in Japan. You correct me there if I'm wrong, but I guess maybe how are those transitions going from your perspective? And should this transition be largely done from an income statement perspective by this time next year?",
Ceragon Networks Ltd.,CRNT,NASDAQ,2024-11-13,Robert Marson,"All right, thank you. And actually let me get one more in. What's the odds of you doing a small bolt-on, in the private network arena in 2025? Handicap that for me, buddy?",
NCR Atleos Corporation,NATL,NYSE,2024-11-13,Matt Summerville,"Yeah. Yeah, you did. Thank you, Paul. As I look at the network business, how should we be thinking about your go-forward cost of cash based on the rate curve and what we've seen from the Fed over the last few months? Thank you.",
ProAssurance Corporation,PRA,NYSE,2024-11-08,Maxwell Fritscher,"Hey, good morning. I’m on from Mark Hughes. You’d mentioned the improved renewal pricing in the workers’ comp. I’m not sure if you quantified that, but can you give a figure for that pricing?",
Zeta Global Holdings Corp.,ZETA,NYSE,2024-11-11,Jason Kreyer,"Okay. And then maybe just a follow-up for Chris. Appreciate the color on agencies and how that has impacted that EBITDA to free cash flow conversion. Do you think we're primarily - like do you think that's trough by now do you think we're through kind of the majority of the headwind there? Because it sounds like you've penetrated the big five agencies reasonably well. And as you go after that mid-market or independent agencies, probably less of that free cash flow conversion or less of that gets trapped in that conversion there?",
Loma Negra Compañía Industrial Argentina Sociedad Anónima,LOMA,NYSE,2024-11-09,Daniel Rojas,"Great. And if I may follow up. A lot of news has been published around the potential recovery of the mortgage market in Argentina. Can you give us some color on what you're seeing on the ground? How strong this recovery might be? Are banks jumping into the mortgage market? And are you starting to see permit activity, construction activity related to that? Or is it too early to tell?",
"Fortinet, Inc.",FTNT,NASDAQ,2024-11-19,Matt Dezort,"I guess, what sort of pricing and discounting behavior have you seen in the market in the second half of this year? And how do you think about financing vehicles given most of your competitors have shifted gears towards that, any new progressions on that front?",
"Heritage Insurance Holdings, Inc.",HRTG,NYSE,2024-11-09,Paul Newsome,"And then finally, also, are there any potential for unrelated claim management fees related to the hurricanes that have come forth in the fourth quarter?",
WD-40 Company,WDFC,NASDAQ,2024-07-11,Daniel Rizzo,"And that's going to be rolling off, I mean, as we spoke now on smaller systems than on Brazil, that's going to be that, let's assume it would be less than, correct?",
"UMH Properties, Inc.",UMH,NYSE,2024-11-07,Rich Anderson,"Thanks. Yes, thanks. Just a quick follow-up on same-store methodology. So let’s – I know your same-store is calculated at the community level, you’ve excluded some for various reasons in the same-store pool. But let’s say a community in a same-store pool has been expanded via your expansion site process. Are those new expansion units included in the pool such that it could weigh down the optics of growth initially before you start seeing units get – or sites getting cash paying? Or do you exclude the expansion component on the same-store calculation until a full year has passed?",
The Kroger Co.,KR,NYSE,2024-12-05,Michael Montani,"Yes. Good morning. Thanks for taking the question. I just wanted to ask first, did I miss the fuel CPG contribution for this quarter? Wondering if you could give some added color there and then just had a follow-up?",
TransDigm Group Incorporated,TDG,NYSE,2024-11-07,Scott Mikus,"Hi. This is Scott Mikus on for Rob Spingarn. Kevin, Mike, Sarah, if you end the year at four turns of net leverage to get back towards six turns by the end of the year, you need to deploy more than $7 billion of capital. Is that the right way to think about it? And is there any thoughts on what might be used for M&A versus share repos or special dividends over the next 12 months?",
ModivCare Inc.,MODV,NASDAQ,2024-11-09,Scott Fidel,"So basically, just to simplify it, we should think about NEMT ultimately exiting '25 at sort of 60% fee-for-service relating to the -- basically the managed care business and then around 40% full risk relating to the state business. Is that a fair assumption?",
Magic Software Enterprises Ltd.,MGIC,NASDAQ,2024-11-18,Kate Kronstein,"Hi, everyone. It's Kate Kronstein on for Maggie. Last quarter, you guys sounded pretty positive on the pipeline. So what can you tell us about how some of those large deals you've signed recently are progressing?",
Chatham Lodging Trust,CLDT,NYSE,2024-11-07,Jonathan Jenkins,"Okay, great. Very helpful. Thank you for all the color. That’s all for me.",
PagSeguro Digital Ltd.,PAGS,NYSE,2024-11-14,Renato Meloni,"Hello, guys. Hi, congrats on the results and thanks here for the question. So first, I wanted just to talk a bit about the initiatives you were mentioning to reduce your cost of deposits. I think it was very successful on the costs, but then we saw a decline here on checking accounts, a sequential decline. So I'm trying to understand the dynamics that you're seeing here. Are you going to be able to regrow balances here with the same level what we're seeing? And if you allow me for just a second question, that's more of a follow-up on interest rates. Last quarter, when you revised the guidance, you mentioned that your assumption was for SELIC at the end of the year was 10.5%. And then previously, you were saying that you can pull the levers and compensate for this. So I just wanted to make sure that you're still seeing a similar scenario despite of the increasing rates. Thank you.",
Arqit Quantum Inc.,ARQQ,NASDAQ,2024-12-05,Scott Buck,"Great. That's really helpful, Andy. I appreciate that. And then two quick modeling questions. You guys have done a really nice job bringing costs in. I'm curious as revenue starts to ramp here in 2025 and 2026, how quickly do you need to add back in some of those kind of infrastructure costs. Just trying to get a sense of what operating leverage could look like going forward?",
GSK plc,GSK,NYSE,2024-11-15,Seamus Fernandez,"But I'll -- we'll pay it elsewhere. But the dynamics around Part D redesign, you got out in front of that. You really kind of talked about it in the context of HIV. Any other influences or impacts on the business, year-over-year, next year, outside of HIV that we need to think about?",
"Shoals Technologies Group, Inc.",SHLS,NASDAQ,2024-11-12,Kashy Harrison,"Good morning, everyone, and thanks for taking my questions. So first one for me, on Slide, I think, 16, you talked about $445 million of backlog scheduled to ship within the next 12 months. What are some of the parameters that underpin that statement, just given the lower contracted backlog in Q3 and the delays that we've seen all throughout 2024? Just trying to understand the confidence in that $445 million.",
"Palo Alto Networks, Inc.",PANW,NASDAQ,2024-12-03,Roger Boyd,"Got you. I want to talk about the SIEM market and XSIAM. I think that's one of the bigger opportunities out there. If you look at all the vendors that are targeting next-gen SIEM, I think the commonality is some level of integrating SIEM more tightly with endpoint or in some cases, cloud security. How important do you think that is? And just what's your high-level view on how the next-gen SIEM market kind of plays out from here?",
"FTC Solar, Inc.",FTCI,NASDAQ,2024-11-12,Graham Price,"No problem. I was just asking in the past, you've discussed a breakeven revenue range of around $50 million to $60 million. We're just wondering if that's still holds, especially given the shift to 1P?",
Telefonaktiebolaget LM Ericsson (publ),ERIC,NASDAQ,2024-07-12,Sandeep Deshpande,"Thank you, Daniel. My question is on your IPR deals in the first two quarters, you've had two deals in Q1 and one in Q2 as well. What has been the one-offs associated with these deals, and what is the ongoing run rate associated with the IPR revenues? And I have a quick follow-up after that.",
"Bit Digital, Inc.",BTBT,NASDAQ,2024-11-18,Mike Grondahl,"And then lastly, I don't know, since July 1st or the end of June, how much did you guys pull off the ATM? Maybe number of shares up until last Friday in total dollars raised?",
"Consensus Cloud Solutions, Inc.",CCSI,NASDAQ,2024-11-09,Jenny Shen,"This is Jenny Shen on for Dave. Congrats on the quarter. Just doubling down on the hospital environment right now. I know the general consensus has been that it's kind of a 2-sided coin with some hospitals doing better than others. Just broadly speaking, where are you guys seeing in terms of the labor and inflation trends for hospitals? And also whether you think the recent election or even CMS's recent physician fee schedule will have any impact on your hospital customers if they've said anything yet so far?",
IREN Limited,IREN,NASDAQ,2024-11-27,Brett Knoblauch,"Thank you. And then maybe just one more on the AI cloud business. You guys guided for year-end it being 10% of profits. Obviously, Bitcoin has gone up a lot since then. I guess what's the plan beyond this year for that -- for that business? And how do you view that or CapEx on GPUs relative to maybe some of the Bitcoin mining CapEx given what we've seen happening with Bitcoin over the last couple of weeks?",
StepStone Group Inc.,STEP,NASDAQ,2024-11-09,Michael Cyprys,Great. Thanks for that. And then just maybe shifting gears over to the wealth side postelection here with scope for maybe more supportive regulatory environment for financial services. Just curious how you're thinking about the scope for alts to penetrate and access the 401(k) channel which to this point has been out of reach. [Technical Difficulty] might those be overcome? What products might be best suited for the 401(k) channel? How is StepStone positioning for that? And how might your ticker technology be employed here as [Technical Difficulty] to access that channel?,
"Methode Electronics, Inc.",MEI,NYSE,2024-12-05,Gary Prestopino,"A couple of questions, initially a little nitpicky. Interest expense looked like it was up sequentially, almost $1.4 million. Was there any onetime expenses in that interest expense number? Or is that going to be the run rate at $6.2 million per quarter for the remainder of the year?",
Arcturus Therapeutics Holdings Inc.,ARCT,NASDAQ,2024-11-07,Unidentified Analyst,"Hi, thanks for taking our question. This is Quan [ph] for Yanan. So I have a question on your CF program. Can you share with us your barcode for success on FEV1? And also, Vertex Moderna will report their VX-522 phase 1 with data also in first half '25. So can you remind us the differentiation of 032 versus VX-522? Thank you.",
"Direct Digital Holdings, Inc.",DRCT,NASDAQ,2024-11-15,Dan Kurnos,"Thanks. Good afternoon. Welcome back. Mark, I guess, talk through confidence in the marketplace with you guys right now. Obviously, you went through quite a tumultuous period, the auditor, the Adalytics report. You clearly have defended yourself in court. A lot of advertisers and publishers are -- can be wary when there's noise, and you guys have gotten past most of it. So, just love to get a sense of how the conversations are going as you kind of rebuild volumes and/or trust in the marketplace.",
"H&R Block, Inc.",HRB,NYSE,2024-11-07,Alex Paris,"Great. And then a lot of good questions about the upcoming tax season. I know we can't say a lot about it right now. So I just wanted to ask one other question that I get so often, especially with investors new to the H&R Block story. And that's the matter of the Direct File program. And I know you've spoken to this, Jeff, on previous calls. But now that it's moving from pilot to a bigger program, I wonder if you have any updated thoughts to share.",
"LanzaTech Global, Inc.",LNZA,NASDAQ,2024-11-08,Pavel Molchanov,"Yeah. Thanks for taking the question. If we go to the website of Freedom Pines, there actually have not been any updates on the SAF plant since the grand opening in January. So I thought I would see if you guys can give us the latest on that facility.",
"Woodward, Inc.",WWD,NASDAQ,2024-11-25,Matt Akers,"Yeah. Hey, guys. Good afternoon. Thanks for the question. I wonder -- I may have missed it, but you said you paused production a little bit for Boeing during the quarter. Could you just, I guess, confirm if you've restarted and kind of what REITs you're at now? And sort of related to that, what are kind of the puts and takes in terms of the Aerospace guidance range? What production rates would get you to the higher, the low end there?",
MP Materials Corp.,MP,NYSE,2024-11-13,Ben Kallo,Could you just talk about the progress you've made about expanding other relationships outside of China for both the upstream and then now that you have the midstream up and ramping work that does as well?,
"Applied Materials, Inc.",AMAT,NASDAQ,2024-12-03,Timothy Arcuri,"And just in terms of the types of customers, is your service discussion with like the big customers, the largest spenders, is that discussion changing or is the growth in service predominantly it's the smaller customers that are waking up to the realization that they have to sign up to long-term agreement.",
"Crane NXT, Co.",CXT,NYSE,2024-11-09,Bobby Brooks,"Got it. That's really good color. And then maybe just piggybacking on those prepared remarks that Christina gave about the on-field professional sports jersey with the embedded RFID and software to track and trace game-worn items through OpSec. Could you maybe just talk about how that deal or how that project win came about? And then also, is this just -- is this something that's for all jerseys in that league throughout the entire season? Or is it maybe a test run through the first quarter of the season? Just a little bit -- I'm hoping for any more color that you could give on that.",
Stagwell Inc.,STGW,NASDAQ,2024-11-09,Ben Allanson,"Question from Mark Zgutowicz over at Benchmark. And this is looking at government services, something we've kind of talked about that over time and obviously, Consulum acquisition, which has a significant government portion as well. Can you maybe talk about how you're viewing the vision for that part of the business maybe over the next 3 to 5 years?",
"The Goldman Sachs Group, Inc.",GS,NYSE,2024-07-15,Matt O'Connor,"Okay helpful, it's unagreed. And then just separately, I hate to ask you about activity levels and stuff like that since the debate three, four weeks ago, but maybe I'll frame it. From your experience in presidential election periods like this, where there's maybe just more uncertainty than normal, like how do both institutional and corporate clients react? Do they kind of say, well, let's wait and see the other side? Is it just noise, because we've been going through it for some time here, but what are your thoughts on that? Thank you.",
NPK International Inc.,NPKI,NYSE,2024-11-08,Sameer Joshi,"Understood. And then just on the $18 million in receivables or notes, I should say, is there milestone related repayment or is there a certain cadence for this repayment or is this like a bullet repayment at some future point?",
Largo Inc.,LGO,NASDAQ,2024-11-14,Gordon Lawson,"Sorry, I was on mute. So the beat on cash cost this quarter was pretty significant and really stands out. What should we expect for – you have already talked about what to expect in terms of beating this year, but how much should we add to cost for the ilmenite production on a per pound basis?",
Bank of America Corporation,BAC,NYSE,2024-11-09,Q - Gerard Cassidy,"Okay. Holly, why don't we start with you? Bank of America is a leading consumer bank, of course, serves one in three U.S. households. And as a result, you guys have a great view into the American consumer. Can you share a few minutes about the health of the consumer? And any recent changes in their behavior, particularly in regards to the rate cuts? Obviously, we got another 25 basis points today. So with that, Holly, please?",
"Xcel Brands, Inc.",XELB,NASDAQ,2024-12-23,Michael Kupinski,"All right, thanks for the color. And my last question, Jim, you were indicating that Q4 is going to show improvement. Do you still anticipate that Q4 will show adjusted EBITDA positive in Q4 or where do you think that you might swing towards profit, profits going forward?",
"Hovnanian Enterprises, Inc.",HOV,NYSE,2024-12-05,Alan Ratner,"Great. And I appreciate all that added color and understood on all those points and I think it makes a lot of sense. Brad, I was going to -- my second part was going to be kind of on the topic you ended with, which is kind of the asset-light land-light strategy and how it gives you that flexibility to either attempt to renegotiate or maybe walk away from deals that no longer makes sense. I'm just curious if you've started that process in any markets or any communities at this point. Are there any deals where they're no longer making economic sense at the prior underwriting or is that still kind of a ways off into the future?",
Riskified Ltd.,RSKD,NYSE,2024-11-13,Cris Kennedy,Okay. And any updated thoughts on your 2026 EBITDA margin goals of 15% to 20%?,
J&J Snack Foods Corp.,JJSF,NASDAQ,2024-11-14,Jon Andersen,"Maybe just kind of try and close the loop a little bit on one of the questions from the last participant. You addressed kind of how you're thinking about gross margin in 2025 and the distribution ratio. I wanted to hit a different line, the marketing line. There were a couple of years when the marketing ratio came down. I think that's quite understandable given what was happening at that time. It's crept up a little bit in '23 and '24 and ended the year this year at about 7.4% of sales, but still below where it was several years ago, closer to 8.5 to 9. Dan, you mentioned some investments there, promo marketing behind the retail part of the business. How do you see that line evolving over the next year as you expand, particularly some of the new products, different dots, et cetera., into retail? Thanks.",
Jacobs Solutions Inc.,J,NYSE,2024-11-19,Michael Dudas,"So impressive, you standalone backlog growth, and heading into 2025. Maybe you can talk about the pipeline you see maybe amongst the three major end markets, growth in pipeline year-over-year, and how much of your 2025 net revenues and EBITDA do you currently have kind of in backlog or in sight, and what's required to achieve your midpoint year targets?",
"Equinix, Inc.",EQIX,NASDAQ,2024-12-12,Brendan Lynch,"And maybe just to come back to the pricing element of those higher capacity ports, as you're selling going from 10 to 100, is it a 10 multiple of the pricing or...",
Varex Imaging Corporation,VREX,NASDAQ,2024-11-19,Kyle Bauser,"Hi, everyone. Great quarter and thanks for taking my questions. Maybe I'll start in the oncology segment. It looks like it stabilized compared to last quarter and the five-quarter average. Can you talk about any dynamics that cause this or is there anything to call out here?",
Research Frontiers Incorporated,REFR,NASDAQ,2024-11-08,Joe Harary,"Very much so. And the other thing to keep in mind, Len, is that part of this was because of the war. And sometimes, good decisions come out of bad situations. When they went public, I'm sure they got more than their fair share of question about what happens if something happens to their Yafo Tel Aviv facility. So they started expanding even before this, because their planners emulsion production outside of Israel. But when that happened, they stepped up that process. So expanding emulsion and film production capability was something that very much was in the works. And I will say that in the automotive market, I mean, you see these very stellar growth rates that have been consistently high, this year they've been asked to exceed what their requirements were for that for certain customers and they've done it. They stepped up to the plate and they got it done. So neither them nor us are companies that like to turn down good business.",
"Ollie's Bargain Outlet Holdings, Inc.",OLLI,NASDAQ,2024-12-10,Melanie Nunez,I just wanted to talk on gross margin for a second. I know you talked about some of the mix impact. Just anything to think about for 4Q in terms of the merch margin and how your mix changes in this quarter.,
"Casey's General Stores, Inc.",CASY,NASDAQ,2024-12-10,Jacob Aiken-Phillips,"Hi. Thanks for the question. I just wanted to go a bit into prepared food and the competitive dynamic there. I'm just wondering what you're seeing in terms of competition with pizza, other QSRs and if you may feel the need to increase like the promotional or invest some of the gross margin there.",
"SkyWater Technology, Inc.",SKYT,NASDAQ,2024-11-10,Robert Aguanno,"Yes, thanks, guys. This is Robert on for Harsh. Just one here for me on gross margin. The gross margin trajectory had been growing steadily through the year, and it seems like you guys are guiding it down here for Q4. Can you give us some of the drivers, I guess, looking forward for 2025 since you mentioned in your presentation, increasing revenues and operating leverage kind of impacting here the number for 2025. So, I was wondering the puts and takes there.",
Iron Mountain Incorporated,IRM,NYSE,2024-12-11,Brendan Lynch,"And you mentioned some of the work orders that you have, but the size of some of these is absolutely staggering, hundreds of millions of documents, if I recall correctly.",
"LifeMD, Inc.",LFMD,NASDAQ,2024-11-09,Kyle Bauser,"Sure. Got it. Thank you. And then maybe on the WorkSimpli business, nice that it kind of returned to growth and you're forecasting kind of to hit peak later this year, which is great. I guess, what are your thoughts around divesting this business? Has there been interest? Is there a benefit in waiting? Do you think the valuation, it seems like if presumably that was divested and you're now a pure-play telehealth company that's just turned the corner with profitability, there could be upside that would more than outweigh any sort of difference in valuation. So just kind of curious what your thoughts there on that?",
"nCino, Inc.",NCNO,NASDAQ,2024-12-04,Michael Infante,"Okay. Understood. So as I think about fiscal 4Q and the exit rate and sort of extrapolating that into next year, FullCircl $4 million. Is it appropriate to annualize that into next year? And as we look at the implied organic subscription numbers in fiscal 4Q, again, is that a relatively reasonable run rate to assume for next year? Thanks.",
"Ooma, Inc.",OOMA,NYSE,2024-12-04,Josh Nichols,"Yes, thanks for taking my question. Good to see some of the large partnerships announced for this quarter as well as the improving cash flow and margins. I'm just kind of curious on the 2600Hz. It seems initially when you made that acquisition expectations seem like relatively low, but you become increasingly optimistic about some of the long-term potential for that. I'm just kind of curious if you could kind of comment a little bit about what you're seeing in the market dynamics, and any benefit potentially from the planned sunset of Microsoft's - Metaswitch on that front?",
"Magnite, Inc.",MGNI,NASDAQ,2024-11-07,Omar Dessouky,"Okay. That's really good to hear. And if I could just ask a quick follow-up, please feel free to skip this question if it's been asked before. Do you have any kind of update on your views given, I guess, the recent regulatory decisions and court decisions regarding Google and SSPs? And I apologize again if this question has been asked already.",
"Cresud Sociedad Anónima, Comercial, Inmobiliaria, Financiera y Agropecuaria",CRESY,NASDAQ,2024-11-11,Santiago Donato,"Another question regarding Brazil that, there is reporting a major drought in northern Brazil. If we had some impact to date?",
"Alpha Teknova, Inc.",TKNO,NASDAQ,2024-11-09,Lucas Baranowski,"Yes, that’s excellent color. And then just one last question for me. You’ve launched a lot of new products in recent quarters, whether it was RUO+ or Express-Tek. Do you feel like you now have all of the products you need in the portfolio or are there others that are still in development?",
Colgate-Palmolive Company,CL,NYSE,2024-12-03,Dara Mohsenian,"Great. We touched earlier on higher marketing and what that's done for your organization over time and also how you've used technology to drive greater yield there. Can you just give us an update on AI, how you're using it, where it's having the most impact in terms of marketing or innovation or productivity? How you think about it, and where you're getting the greatest yield from AI or next-gen technology in general?",
"Kandi Technologies Group, Inc.",KNDI,NASDAQ,2024-11-18,Mike Pfeffer,"Thanks for taking my questions. A few weeks ago, you had the back to back press releases on the same day announcing the generational restructuring of the Kandi C-suite and Board of Directors. And the second one was titled ""Kandi Technologies' Board approves several major initiatives and new management's '25 to 2029 projected growth plan."" For a dozen years shareholders have been asking management to accept the norm of the vast majorities of the U.S. NASDAQ-listed companies and begin giving guidance as well as longer-term forecasts, both integral if a company has any hopes of attracting accredited stock analysts. The five-year detailed forecast, particularly with the disclosure of previously unknown five additional profit centers, was a pleasant surprise. Maybe you could translate that and I'll continue please.",
a.k.a. Brands Holding Corp.,AKA,NYSE,2024-11-09,Ashley Owens,"Okay, got you. That is super helpful. Just a follow up. As we think about additional marketplace and wholesale expansion, going well for Petal & Pup and you increased into some physical doors there, would you say you are open to continued expansion? And is this a strategy you are assessing for any of your other brands in the portfolio? Thanks.",
"Inspired Entertainment, Inc.",INSE,NASDAQ,2024-11-08,David Bain,"Great. Thank you. Hi, Lorne and Brooks, thanks for all the info. I'm trying to ask this the best way I can, but it just seems like a large collective 2025 impact, I mean, the William Hill Vantage cabinet uplift, Hybrid contribution, Interactive growth, now the structural margin improvement, consensus has you up 9%, $8 million or so. In the past, you've sometimes responded if you're comfortable with consensus. I'm just hoping you can maybe speak to that today because it just looks like there's a lot of levers that can impact next year, and I'm hoping to just get broad-based thoughts.",
"CAVA Group, Inc.",CAVA,NYSE,2024-11-12,Brian Harbour,"Yeah. Thank you. Hi, guys. Glad to see everything continuing to go really well. I wanted to pick up on sort of one comment you made just about the new labor scheduling model and kind of early lessons from that and how you thought that there were also some things that could kind of help drive AUVs in some of your lower buying stores. Could you elaborate on that and sort of how you think about that opportunity into next year and how that could sort of be an ongoing same-store sale forever?",
"Ross Stores, Inc.",ROST,NASDAQ,2024-11-21,Marni Shapiro,"Hey, guys. Thanks. Congratulations on hire, and Barbara, you will be missed. I have a quick question for you. The Dollar stores collectively have been under a lot of pressure and have made announcements that they're closing a lot of stores. And I'm curious if you could just give us a little insight into how many – if any of your dd’s stores or Ross stores, in fact, compete with them in similar areas. Is there an opportunity as they close stores if you've seen some of those stores closed already, and you've seen the customer for certain items shift over to you? If you could just frame that a little bit because it's obviously a big retail conversation.",
"Crane NXT, Co.",CXT,NYSE,2024-11-09,Isaac Sellhausen,"Okay. Understood. Thank you. And then separately, on the free cash flow conversion for the year and I guess, the adjustment given the currency shipments. I know it's still obviously early, but I mean, looking out until next year, I mean, does currency shipments have a similar impact on free cash flow conversion or any other major factors that we should consider there?",
Nutrien Ltd.,NTR,NYSE,2024-11-07,Richard Garchitorena,"Hi, good morning everybody. So my question is another strong quarter of potash sales volume this quarter. Despite a short rail strike. You raised the guidance this year to 13.5 million to 13.9 million. But obviously, the third quarter run rate would imply over 16 million potential annualized production. So that's well above the 14 million to 15 million target that you gave for 2023 on your Investor Day. So my question is, are you currently at that operational capability rate at this time to get to that 14 million to 15 million. Could you produce that if the market demand was there for it? You mentioned that you expect demand growing in 2025 for potash and don't really see many other supply coming on in other regions. So would you be the one company that could potentially meet that demand?",
Central Garden & Pet Company,CENT,NASDAQ,2024-11-25,Carla Casella,"Sorry, I found I'm in trouble with my connection. Can you hear me?",
BRF S.A.,BRFS,NYSE,2024-11-14,Thiago Duarte,"Thank you. Good morning. Good morning, Miguel. Good morning, Fabio. Good morning, everyone. Here, there are two follow-ups. First of all, about the comments that Fabio made with regards to the projects speaking of growth and speaking of these mapped projects that were not approved necessarily, but they were already mapped out. Just for me to understand, Fabio, what is the main characteristic of these projects? What should we expect as the main feature, the main characteristic in terms of what the company sees as gross avenue growth? Are we talking about brownfield expansions in terms of precise capacity? Are we talking about trying to get in new avenues like pet back then? Are we talking about new geographies that are similar to this investment that was recently announced in terms of Saudi Arabia? Just for us to try to qualify how these projects are? I mean, what are the characteristics of these projects speaking of growth, it's very clear that the company is focusing on that, but I would like to understand how exactly they position? The second question. Actually, the second follow-up in the context of the grain price, talking specifically about the corn and meals. I know that this is something that you've already mentioned, but I would like to focus on a different element here. We saw this very -- this increase in terms of the price, the corn price, especially in the domestic market. So more than asking you a question about the hedge and storage of the company, I would like you to tell us a little bit about a potential threat that you see, or not, in terms of the competition concerning the corn purchase. And again, I'm talking about this a big amount of ethanol production, corn ethanol production here in Brazil. We know that this aviary sector is competing when it comes to corn purchase for different usages such as ethanol. So, I would like to understand if you are seeing this as a threat? If so, what kind of measures or how exactly you can mitigate that? Those would be my two questions. Thank you.",
"Ginkgo Bioworks Holdings, Inc.",DNA,NYSE,2024-11-12,Tejas Savant,"Perfect. Jason, maybe to kick things off your -- last quarter, you talked about a narrowing of your focus in pharma and industrial along with ag. And I'm just curious as to have you started to notice a clear improvement in resource utilization and efficiency. And sort of on a related note, one of the things that I think you guys have talked about with the large [rift] that you've pulled the trigger on here was the chance of attrition on the delivery teams and the foundry side of the business, right? So, could you just share a little bit of color on anything related to that dynamic?",
"Host Hotels & Resorts, Inc.",HST,NASDAQ,2024-11-07,Robin Farley,"Okay. Great. Thank you. And then just a quick clarification. When you were talking about the $1.75 billion run rate, were you including -- and I know that was like excluding business interruption from Maui. Were you including the theoretical like if you recovered $75 million to $80 million in Maui in that $1.75 billion? I'm sorry, I just didn't catch. You were sort of giving a lot of puts and takes. And what -- in that $1.75 billion, that includes what kind of recovery in Maui?",
Allurion Technologies Inc.,ALUR,NYSE,2024-11-13,Unidentified Analyst,"Okay, got it. And then again another sort of follow up question here. Did I hear correctly that you’re still kind of committed to reaching breakeven sort of by the end of 2025, especially with this new cost structure. Is that the right way to think about it?",
"PowerFleet, Inc.",AIOT,NASDAQ,2024-11-12,Dylan Becker,"Really nice job here. Maybe, Steve, starting for you. You guys are doing an exceptional job on realizing those synergies kind of earlier and sounds like kind of incremental confidence in hitting those targets and building kind of pipeline to support that as well on the revenue side. I guess, how should we think about the opportunity to accelerate maybe some of the reinvestment flow that back into areas like go-to-market and engineering to help kind of capture more of the revenue synergy side of the equation?",
"TTEC Holdings, Inc.",TTEC,NASDAQ,2024-11-09,Jinli Chan,"Yes. So I just wanted to ask a little bit about the select client delay projects and implementations that you guys had mentioned. So the first part is just, are you sort of expecting a longer ramp-up period for those as well even after they closed in fourth quarter or first quarter of next year? And you mentioned some macro issues that they're concerned about. So what are those? Are you hearing those in other client conversations as well?",
"Hudson Global, Inc.",HSON,NASDAQ,2024-11-12,Jeff Eberwein,"Sure, I’ll start and then I’ll turn it over to Jake. I would say this year, the new business wins that we had in 2023 have started and played out pretty similar to our expectations. And what has been a negative surprise is some of our existing base are having hiring volumes significantly below our expectations. And I would – in Q3, it was particularly noticeable in the financial sector in Asia Pac. Long-time clients, for whatever reason in the recent quarters, have hired way below normal and way lower expectations. And we think that’s a temporary thing and we’ll be back to more average levels, historical levels next year, but that has been a headwind we’ve been facing this year. Jake, what would you add?",
"Merck & Co., Inc.",MRK,NYSE,2024-12-05,Unidentified Analyst,"Yeah. Absolutely. Pivoting over, I guess, how are you looking at opportunities for KEYTRUDA growth over the next few years?",
Bristol-Myers Squibb Company,BMY,NYSE,2024-11-19,David Elkins,"This industry is 1 of the most resilient industries. I've been in this industry for 25 years, and it doesn't matter what -- it was Clinton talking about health care or we came through and we talked about Obamacare, then came through. There's all every administration. There's going to be a health care factor. The fact of the matter is, it's 1 of the largest expenditures for any government. What we know and what we do as an industry is we work with both sides. It doesn't matter who's in office. We're going to continue to work to them. I think it's too soon to tell what the Trump administration, what their policies and priorities will be, but we're going to fully engage with them on those. But this is a resilient industry. And I think many of you who have been in this industry for a long time as well. No, we deal with every administration that comes through. And we got to focus on what we do, which is to bring really innovative medicines that address serious unmet medical needs. And if we continue to do that and help bring down the overall cost of health care by coming out with better therapeutics. That's what we can do in that overall calculus of what health care costs.",
Snowflake Inc.,SNOW,NYSE,2024-11-20,Michael Turrin,"Hi, thanks very much. I appreciate you taking the questions. Maybe on the expansion rates holding stable here. I want to ask about that metric just in context with the go-to-market shift towards consumption. And maybe you could just help give us some context around how that consumption focus may be impacting the trajectory we are seeing on expansion rates, if there are common plays you're seeing work across customers? And if you're starting to hit a point where you're feeling comfortable with that retention rates are starting to hit a baseline.",
"Autodesk, Inc.",ADSK,NASDAQ,2024-12-11,Simon Mays-Smith,"So, depending on how long I've got, I mean, a couple of things. One is just, in an uncertain world, there are a bunch of things, either mechanical or in our control, that Autodesk is working on. So, you've got a mechanical tailwind from the new transaction model to revenue that's going to turn up, whether we like it or not. You've got a mechanical rebuild in the free cash flow from the transition from multi-year up front, multi-year billed annual, which is happening, and it's going to turn up, whether we like it or not.",
"Beazer Homes USA, Inc.",BZH,NYSE,2024-11-14,Alex Hantman,"Great. Well, thank you very much for sharing the guide. And maybe we could talk a little bit about the community count ramp. Would love to hear how you're thinking about your confidence in the ramp you've outlined and that path for growth.",
Anavex Life Sciences Corp.,AVXL,NASDAQ,2024-12-23,Christopher Missling,"Thank you very much. And again, thank you for joining us today at the eve of Christmas. And in closing, we continue to focus on execution and commercial readiness as well as we advance our therapeutic pipeline to potentially improve patients’ lives living with these devastating conditions. And again, Merry Christmas and Happy Holidays and Happy New Year to everybody. Thank you very much.",
"Ziff Davis, Inc.",ZD,NASDAQ,2024-11-08,Ross Sandler,"Yes, the second one was kind of related to what you just said at the end there. And Bret, you can hop in on this one. But the EBITDA to free cash flow conversion was above 60% in the quarter, as you guys mentioned. And then we're above the kind of medium term target of, I think you said, like mid to high-50s conversion. So were there any factors that caused that to tick up? And how should we think about converting EBITDA to free cash flow kind of steady state go forward?",
"GoHealth, Inc.",GOCO,NASDAQ,2024-11-09,Patrick McCann,"Hey, good morning. Congrats on the on the quarter. I just have a -- I guess my first question would be regarding the acquisition, of course, we know we're heading into or we're in a strong season now. And I'm just wondering with those new agents, how the training process went with them, where they do you feel like the new agents from e-TeleQuote were ready to go for AEP? Were there any surprises in that process?",
"Illumina, Inc.",ILMN,NASDAQ,2024-11-20,Doug Schenkel,"Okay. So, in the context of -- I think most of us believe there is going to be growth in activity, especially in the clinical end market. The concern or the focus or the controversy, whatever you want to call it, is where are you in getting to the other side of the pricing headwind. When we hear 40% or 30%-ish pricing hit in the quarter, should we be freaked out, or should we be encouraged that you're further along in the curve than maybe we would think?",
"Ziff Davis, Inc.",ZD,NASDAQ,2024-11-08,Unidentified Analyst,"Great, thank you. And just quickly, given your shopping businesses, I figured I'd ask if you have any early thoughts on how the holiday season could look this year, either from a retail advertiser or a consumer perspective. Thank you.",
Atkore Inc.,ATKR,NYSE,2024-11-21,Deane Dray,"All right, that was exactly the color around your thinking into that reset guide. And just last one for me, and I believe you made a reference to the import. So when you say import, I'm thinking steel. And so very explicitly is the Mexican steel percent did that go up? It was a like low-single-digit and then last quarter, surprise, it's 20%. Did it go above that? And where does that stand?",
Pure Cycle Corporation,PCYO,NASDAQ,2024-07-11,Unidentified Analyst,"So, this is a private school or is this the real estate? Is this a public school that --.",
AppLovin Corporation,APP,NASDAQ,2024-12-11,Matthew Cost,"All right. That's a great place to close it out. Adam, Matt, thank you so much for being here.",
Lumentum Holdings Inc.,LITE,NASDAQ,2024-11-07,Christopher Rolland,"Thank you very much guys. That actually cleans up a lot for me, clears up a lot at least. It also probably brings me to my second question, which is trying to understand more about EMLs. I mean it just seems like the whole market is moving here. AI demand is inflecting units. There's one other big EML player as far as I recognized at least. It seems like if you have this EML capacity available, it actually has pull into your transceiver units pipeline, market share, customers, new customers, et cetera. So, why are we talking about 40%? Like why aren't we talking about like 100% or even more here? Why is 40% the right number here? And like how capital intensive is this? If you wanted to, like how fast could you get new lines up? And would you be leaning on overbuilding versus underbuilding just given what seems like the importance of this part into this new cycle? Thanks.",
"J.Jill, Inc.",JILL,NYSE,2024-12-11,Janine Stichter,Great. And then maybe just on the broader promotional environment. Have you seen any change there? And might that be part of what you're seeing as far as the consumer gravitating towards promotion?,
General Motors Company,GM,NYSE,2024-11-20,Unidentified Analyst,"Just a follow-up on inventory losses. Hopefully, you get to the 300,000 plus run rate. But to your point, you probably want to get your inventory levels up to 60 days on EVs upfront which is given you're producing 80,000, is that what we should be thinking about as we go into 2025 that we can be looking at two months plus, a 300,000 unit run rate, as what, 25,000 a month, 50,000 units of inventory? If you are really going to sell 300,000, you want to kind of build up at that level, but it could optically look bad if you just want to get 75,000 or 200,000 annualized. So I just want to make sure I understand what you want that inventory level to be as you go into 2025. And then two, wait until the spring time panic, it is going to take time to build up to that run rate. How are you thinking about that dynamic? Because optically, it could look great or it might look a lot of excess.",
Lam Research Corporation,LRCX,NASDAQ,2024-12-11,Doug Bettinger,"It's hard to know. Listen, I'm not even giving numbers for '25. I'm certainly not going to go out beyond that. But when I look at the breadth of customers in China, it's a lot of customers, right? They tend to be smaller, newer customers, not all of them, right? There's some well-established customers in China, but there's a lot that are new, a lot that are kind of learning how to do what they aspire to do, which is to supply the China demand and China supply. I observe that's what's happening. This all tends to be trailing edge kind of investment, right? The U.S. government has restricted the most leading at least from U.S. companies, our ability to sell, you can't sell the most leading stuff. And so they're investing in the trailing edge nodes, readed to be analog, industrial, automotive power devices, things like that, that don't require the most advanced equipment capability and it's a broad set of customers. Investment this year was pretty - very strong, in fact. It's trended down through the year. And as we look into next year, we've suggested it's going to trend a little bit lower even beyond where it is in the December quarter. It's not going away, though. I want to be very clear about that. I don't view this as something that came and when. That's not it at all, right? The aspiration to supply the China demand remains there. The evolution of the customers there. They're going to continue to get better and learn how to do this stuff, and get utilizations up and yields up. And I think it's going to be around for the foreseeable future.",
"CarMax, Inc.",KMX,NYSE,2024-12-19,Christ Pierce,"Bill, you sort of mentioned it on your -- one of your remarks to a prior question, but do you guys keep data on pay the consumer has pinched they're transferring from -- they're shifting from new to use? Like do you have data that you're picking up new customers and that's why they're preferencing used and could debut by these markets been strong?",
Enerflex Ltd.,EFXT,NYSE,2024-11-14,Tim Monachello,"Okay. That's helpful. On the engineered [indiscernible] energy infrastructure side of the business, we saw a nice uptick in gross margins in the quarter to the low 60s from the mid-50s on a year-over-year and quarter-over-quarter basis. How should we think about that? Is that something we should expect going forward?",
AppLovin Corporation,APP,NASDAQ,2024-12-11,Matthew Cost,"Got it. So you've been pretty active in repurchasing stock historically. You continue, I think, to have a large authorization there. You've also done some M&A in the past, including MAX and MoPub and Adjust. But looking forward, what are your priorities? Does the company need any capabilities that it can't build organically? And how do you evaluate the attractiveness of continued stock buybacks?",
Karat Packaging Inc.,KRT,NASDAQ,2024-11-09,Ryan Meyers,"Yes, correct. Because I know over the past handful of quarters, you guys have obviously made some emphasis of rolling out into new regional chains, whether it's with salespeople or additional products, but just kind of get a good feel for that line item.",
La-Z-Boy Incorporated,LZB,NYSE,2024-11-20,Anthony Lebiedzinski,"Good morning, everyone. And likewise, Bob, best wishes for your upcoming retirement and look forward to working with you, Taylor, and the rest of the La-Z-Boy team.",
Viatris Inc.,VTRS,NASDAQ,2024-11-15,Ashwani Verma,"Okay. So maybe just like switching gears a little bit. Just wanted to focus on the capital allocation. I know this has been a big focus for your story. And so the capital allocation framework that you've outlined sort of like the 50-25-25 split between doing BD and then share repo and dividend like what makes you believe that, that is the optimal balance. And I know we've talked about this before, like there can be different ways that you can look at it. But as you go into this phase of the company, why is this the right sort of bidding for what you're trying to do?",
Granite Point Mortgage Trust Inc.,GPMT,NYSE,2024-11-07,Douglas Harter,"Sorry. No I was on mute. If you think about the migrations that have happened, kind of what happened this quarter that kind of led to the migration, that kind of led to a worse performance than you had been thinking three months ago when those fours were - those new fives or fours, just help us understand that?",
"KVH Industries, Inc.",KVHI,NASDAQ,2024-11-10,Christopher Quilty,"Right. And you just changed the way you report, so it's now by vessel and not by terminal, correct?",
Cool Company Ltd.,CLCO,NYSE,2024-11-21,Peter Hagen,"Okay, thanks. And just then finally on vessel valuations here. So vessel valuations are keeping up, I would say, surprisingly well in light of what we just discussed on the TCE rates. In terms of perhaps if you could shed some light on what you think would be now the price for a newbuild and if there are any options out there, what a resale could be done at.",
"Crane NXT, Co.",CXT,NYSE,2024-11-09,Damian Karas,Got it. Make sense. Really appreciate you taking our questions. Thanks a lot.,
"Applied Materials, Inc.",AMAT,NASDAQ,2024-12-04,Joe Quatrochi,"I mean, has that changed at all over the last several months just given that I think there's been some movements in some of the customers in terms of just planning and things like that?",
"LifeStance Health Group, Inc.",LFST,NASDAQ,2024-11-08,Q – Craig Hettenbach,"Understood. And then just a follow-up, you touched on before the supply demand imbalance for the industry. So clearly, the demand is there. For LifeStance specifically, can you hit on just some of the efforts to continue to grow clinicians? And importantly, just the mix of clinicians working more full time? Like what that means for you?",
Pebblebrook Hotel Trust,PEB,NYSE,2024-11-08,Dori Kesten,"Thanks. Good morning. It may be a bit early, but do you think LaPlaya should be able to exceed this year's original $24 million EBITDA expectation next year? And can you just let us know what you're able to do to change the property so that future storms might be less impactful?",
monday.com Ltd.,MNDY,NASDAQ,2024-11-11,Pinjalim Bora,"Great. Thank you for taking the questions. It seems like you're seeing half of paying customers for service come from cross-sell. And I think the product is still in beta, right? So, do you think Service might have a much bigger cross-sell opportunity versus CRM and that you might actually realize it faster than CRM?",
"Lyft, Inc.",LYFT,NASDAQ,2024-11-19,Q - Brad Erickson,"Good with everybody. Everyone, okay, all right. So several places I want to go, but maybe let's start with kind of the elephant in the living room. Some news came out over the weekend that maybe they're going to start looking at autonomous regulatory approval at a federal level. And I think the big question in the space, and we're certainly getting it, and I imagine you guys are too is does this sort of change the fluidity with which these technologies will get approved and further given that stuff is very regulated, right at a state level. Does this mean that maybe the federal aspect of it would supersede that or anything? So yes, what are your thoughts, latest and greatest?",
monday.com Ltd.,MNDY,NASDAQ,2024-11-11,Aleksandr Zukin,"Hey, guys. Maybe just the very large customer expansion. Can you talk a bit about what they adopted, was there a consolidation motion with respect to that? And maybe just the pipeline for those types of deals as you kind of go into the end of the year? And then I have a quick follow-up.",
"Skyworks Solutions, Inc.",SWKS,NASDAQ,2024-11-12,Nicholas Doyle,Hi guys. Thanks for taking my question. You mentioned tremendous opportunity in Android? Can you be any more specific in terms of products or maybe the connectivity if it's RF or a Wi-Fi type opportunities and I guess I assume that’s mostly with Google? Thanks.,
Titan Machinery Inc.,TITN,NASDAQ,2024-11-26,Benjamin Klieve,"Very good. That's helpful. One more for me and I'll jump back in queue. In the prepared remarks, you guys talked about sales incentives that you're pushing pretty hard. I'm wondering if you can somehow kind of break down the year-over-year performance or sequential margin decline some way for just kind of general supply demand versus accelerated movement driven by your initiatives regarding sales?",
The Walt Disney Company,DIS,NYSE,2024-12-09,John Hodulik,"Make sense. Now turning to sports, and you talked about the flagship launch and all the capabilities there. How should we think about expenses associated with the flagship launch? For instance, I would imagine that there's likely to be some big sort of promotional push once you launch next year.",
"Etsy, Inc.",ETSY,NASDAQ,2024-12-09,Rick Patel,"Talk to us about new buyer acquisition. So who is not shopping Etsy right now that should be. And how do you get those people off the sidelines, and how do you do so in a way where you still maintain attractive ROAS?",
"HA Sustainable Infrastructure Capital, Inc.",HASI,NYSE,2024-11-07,Unidentified Analyst,"Got it. Thank you. And then just one last question really quick. I was a bit late for the call. So I don’t know if you all talked at all about the KKR partnership, if you announced any projects funded out of that JV or maybe how we would see that reflected in some of the statements. Thank you.",
"VAALCO Energy, Inc.",EGY,NYSE,2024-11-12,Christopher Wheaton,"Okay. That's great. Thank you. Two questions for Ron, if I may. Firstly, working capital. Interestingly, every quarter this year has been seen a working capital outflow, which is quite unusual. Even if you back out the $15 million of Cote D'ivoire receivables build, you still had working capital outflow this quarter. Is there time that's reversing in 4Q? Because obviously, that's been quite a drag on your free cash flow generation so far this year. Another question on depreciation. Forgive me, I didn't quite understand the answer or the commentary you gave on the higher DD&A because I would have thought Cote d'ivoire is lower unit DD&A than your average. And therefore, if you've got more Cote d'ivoire barrels, you should have lower unit DD&A, but unit DD&A was up sequentially. So, I was trying to sort of that didn't seem logical to me. Could you perhaps explain why I'm going wrong there? Thank you.",
"Aytu BioPharma, Inc.",AYTU,NASDAQ,2024-11-13,Unidentified Analyst,Great. I appreciate all the details there. Thanks again for taking the question and congratulations on the progress again.,
"Groupon, Inc.",GRPN,NASDAQ,2024-11-12,Sean McGowan,Would they be offered the opportunity to take the same notes as the rest of the group?,
"BioLife Solutions, Inc.",BLFS,NASDAQ,2024-11-12,Jade Montgomery,"Okay, great. And so I think I heard you say earlier it was 17 approved CGTs currently using the services?",
Sapiens International Corporation N.V.,SPNS,NASDAQ,2024-11-11,Tavy Rosner,"Hi. Good afternoon. Most of my questions have been asked already. I just wanted to follow up on one of your comments, Roni, in the prepared remarks, you talked about investment decisions being delayed due to regulatory impact. And I just wanted to dip a little further, is that at the company level or the regulatory level, any type of geography, specifically any customer size, any color would be helpful here.",
"Qorvo, Inc.",QRVO,NASDAQ,2024-12-12,Q - Tom O'Malley,"Yeah. Well, I'm going to pass this over. We're all mic up here, so I'll keep it going. But now that we're at the year-end, at least from calendar year-end. We can look back and talk about content of the large customers for this year and then maybe your outlook into calendar year '25. So could you level set us where did we end and then looking out into next year, where can we go?",
Vermilion Energy Inc.,VET,NYSE,2024-11-07,Menno Hulshof,"Thanks, and good morning, everyone. I'll start with a question on Croatia. It looks like you just completed testing of the third of a four-well program on the SA-7 block. And just looking at the map, that's quite a way west of SA-10 where you're producing roughly 2,000 boe/d. What should we expect in terms of run rate production if all wells on the SA-7 block hit? And maybe you could just remind us of how large that block is, SA-7 that is, how many drilling locations you've identified and how you're positioned from an infrastructure perspective?",
Sunrun Inc.,RUN,NASDAQ,2024-11-07,Praneeth Satish,"Thanks. Good evening. Maybe switching gears a bit here. Obviously, projecting a lot of growth in the new homes market. Maybe if you could just help us understand better the unit economics there. I assume you've got some benefits from kind of streamlining the customer acquisition cost. But there's probably also revenue shares and maybe a longer cash conversion cycle. So I guess, how do the cash generation economics compare in that channel versus your typical residential solar sale?",
QuidelOrtho Corporation,QDEL,NASDAQ,2024-11-07,Andrew Brackmann,"Hi guys. Good afternoon. Thanks for taking the question. Maybe I can pick up where you left off there, Joe, related to 2025 and the adjusted EBITDA margin target that you sort of laid out there, I think it was 100 to 200 basis points compared to the 2024 exit rate. So by my math, I think that means call it, somewhere in the low-20s for adjusted EBITDA margin for next year. Can you maybe just sort of talk about high level, the building blocks that get you there? How does that $100 million in annualized cost savings roll in throughout the year and any other thing, cost saving initiatives that we should be penciling in here. Thanks.",
BRP Inc.,DOOO,NASDAQ,2024-12-06,Cameron Doerksen,"Okay. No, that's helpful. And maybe just a quick maybe a modeling question for Seb. Just wondering about the G&A line item here on the cost side. Just wondering if the Q3 is a decent run rate as we look forward, just now we have the marine out of the business.",
"ServiceNow, Inc.",NOW,NYSE,2024-12-11,Raimo Lenschow,"Okay. Perfect. And then, a big part of our conversation we probably have to spend on GenAI.",
SKYX Platforms Corp.,SKYX,NASDAQ,2024-11-12,Pat McCann,Thanks for that. And then the other question I had is I wanted to double down on the Home Depot question. And just I guess what I'm wondering is in the first handful of months here you mentioned that you're in 100 stores now roughly. But I think you had also previously mentioned how the Home Depot would sort of look at the popularity or the success of your products on the website and allow that to sort of inform what decisions they make as far as how which products they bring into stores et cetera. I'm wondering have there been any surprises as far as like which products have been having the most success with Home Depot and what they want to bring into stores in the future? Any granularity there?,
"Perma-Fix Environmental Services, Inc.",PESI,NASDAQ,2024-11-14,Aaron Spychalla,It does. Yes. And thank you for the color. And then maybe just second on the balance sheet. Can you just talk about how you're feeling there and an update on where you're at kind of with CapEx and capacity initiatives as you prepare for Hanford starting next year and just some of the other opportunities you've discussed?,
"Lakeland Industries, Inc.",LAKE,NASDAQ,2024-12-05,Gerry Sweeney,"Good afternoon, Jim and Roger. Thanks for taking my call.",
Eltek Ltd.,ELTK,NASDAQ,2024-11-19,Kerr Tom,"Okay, that makes more sense. Okay, thank you. I'll get back in line.",
Embecta Corp.,EMBC,NASDAQ,2024-11-26,Michael Polark,"Good morning. Thank you. Two follow-ups on the patch pump decision. I'll ask the question this way. Do you think there still could be residual value here? I agree that the pump market continues to intensify. However, as it relates to patch options, the U.S. market is still several years away and so you were kind of I think as close as anyone. And so while you said you've conducted a market check. Is there a chance that there's interest in absorbing or taking over your product from someone else or as you restructure here, does that kind of shut the door for that possibility?",
"Burlington Stores, Inc.",BURL,NYSE,2024-11-26,Alex Straton,"Thanks a lot. Maybe for Michael, taking a step back, what Burlington 2.0 initiatives are you most excited about right now? And how will those show up in Burlington's financial profile over time?",
Olo Inc.,OLO,NYSE,2024-11-09,Bruce Goldfarb,"And then my last question. When you announced the 9% growth in September, you said you were going to reinvest $6 million in growth. Are there certain areas where you're hiring or you're running marketing campaigns?",
BrainsWay Ltd.,BWAY,NASDAQ,2024-11-12,Steven Lichtman,"Thank you. Good morning and congratulations, Hadar on first question on Valor. Can you talk about where you think you can leverage their expertise the most? What are the areas of primary focus there? Certainly, you've talked about the TMS network. I think you've also talked about the at-home market. A little bit more, if you could, on where you see their expertise playing a part?",
CSX Corporation,CSX,NASDAQ,2024-12-04,Tom Wadewitz,"Your comments on constructive too, is that fair that peak season seems to be playing out pretty well?",
"Xtant Medical Holdings, Inc.",XTNT,NYSE,2024-11-12,Unidentified Analyst,"And then I know we're not going to get any guidance today, but I was just wondering if you guys have any early considerations for us to keep in mind as we start to think about 2025?",
"Arrowhead Pharmaceuticals, Inc.",ARWR,NASDAQ,2024-11-26,David Lebowitz,"Thank you very much for taking my question. Given the large partnership with Sarepta, what are your thoughts on additional partnerships going forward? Are you intending to take a pause from that or are you still on the lookout?",
Viatris Inc.,VTRS,NASDAQ,2024-11-15,Ashwani Verma,"So it's not necessarily like a year attached to it, it's more of like when you find the.",
"Schrödinger, Inc.",SDGR,NASDAQ,2024-11-12,Mani Foroohar,"That’s helpful. From the comments here on the Novartis deal, give us some color on how you guys are thinking about the opportunity set on renewals with large existing partners? If you could help comment a little bit on what you’re seeing in terms of new partners, new clients, new customer adds, and to what extent we should think about opening of the capital markets and exposure to biotech funding cycles in terms of new client formation as being a contributor over the next few months, and what you guys are seeing in that slice of the end market for you guys?",
Valvoline Inc.,VVV,NYSE,2024-11-19,Mike Harrison,"Maybe just a follow-up - maybe just a follow-up on the discussion that you just were going through on lower product costs helping you in Q4. Can you talk a little bit about gross margin expectations into next year and maybe some of the puts and takes as we're thinking about base oil costs, the waste oil collection, reimbursement. I don't know if anything is changing or evolving in your agreement with Aramco around the supply agreement and obviously, there's a leverage and kind of labor cost issue that could be affecting your gross margins. So do you - I mean, at the end of the day, do you expect gross margin to be up next year or kind of flat year-over-year?",
"The PNC Financial Services Group, Inc.",PNC,NYSE,2024-12-10,Richard Ramsden,And outside of office and commercial real estate. Anything else that.,
"Hertz Global Holdings, Inc.",HTZ,NASDAQ,2024-11-12,John Healy,"I wanted to ask you a question just about the pricing side of things and not necessarily what we're seeing today, but maybe go forward. When you guys look at kind of the business model, I mean, you're talking about fleet cost being down, call it, maybe 20% versus Q4 levels over the next 12 to 18 months or so. You've got interest costs going lower. You also have dealers with a lot of cars and manufacturers trying to figure out what demand is. So like if you think about cars being available to the industry and then just the input cost of actually carrying the costs being lower, do your models call for pricing to be at these levels, or do you think we should expect RPD levels to move closer to 2019 levels rather than stay at these levels over the next 2 or 3 years?",
"Abacus Global Management, Inc.",ABL,NASDAQ,2024-11-09,Crispin Love,"Great. Thanks, Jay. That’s helpful. And then, Bill, can you just share what the originated face value in the third quarter was? I saw the capital deployed, but just looking for that originated face value number.",
Genesco Inc.,GCO,NYSE,2024-12-06,Mantero Moreno-Cheek,"Hello, and thank you for taking my question. I guess I want to start and touch on Journeys. The last quarter, you discussed how Journeys had improved assortment, and you talked about a lot today. And then how the holiday periods you show stream, which you mentioned on the Black Friday was pretty event and pretty encouraging about so far. So I guess just anything else you want to add on how we should think about the rest of the holy season with the fewer shopping days. And then you called out strength in footwear and outerwear. What -- maybe it wasn't working as well? And what levers do you have to pull a Journey to make those underperforming pockets perform a little better?",
Electrovaya Inc.,ELVA,NASDAQ,2024-12-12,Orin Hirschman,"One question on the charge/discharge. That would be a tremendous leap from where you were a year or two ago in terms of the number of charge/discharge where you were 200-ish, a 150-ish, or something like that, if I remember correctly. You can correct me. Did that come from your own separator, from your own ceramic material, a combination of both? What was the -- what were the factors that really made the difference? If there -- if you can quantify that at all or even qualitatively say?",
"OPKO Health, Inc.",OPK,NASDAQ,2024-11-07,Edward Tenthoff,"Great. Thank you for taking my question. And congrats on all the progress, all these moving parts to strengthen the balance sheet and finance the company going forward. My question really has to do with the ModeX cancer efforts. And I'm wondering what we should be expecting in terms of data releases next year. Would this be more likely at a medical meeting? Is this something you'll update kind of as you get things interesting? And what should we really be expecting in terms of escalation and then ultimately guidance with respect to expansion cohorts where you might develop the asset things?",
"Evolent Health, Inc.",EVH,NYSE,2024-11-09,Jessica Tassan,"Got it. And then I'm just curious, this is a somewhat longer term question, but just with Part C drug negotiation under the Inflation Reduction Act, I think there's an expectation that payments to providers for drugs right, that are based on ASP plus 6.5% are going to come down meaningfully. Is that a tailwind for Evolent or do you have direct – do those savings effectively pass through to your payer customers via lower PMPM pricing for you all, or how would that work? Thanks.",
Devon Energy Corporation,DVN,NYSE,2024-07-08,Kevin MacCurdy,Good morning. I wonder if you guys can provide a little bit more color on the $50 million of synergies. What costs have you identified and are the marketing synergies related to the midstream ownership? Thank you.,
"T-Mobile US, Inc.",TMUS,NASDAQ,2024-12-09,John Hodulik,"There's a lot of -- even private equity-backed independent fiber-to-the-home companies, is there room to do other deals like you've done with Metronet or Lumos? Or even smaller deals with other companies that you've worked with in the past and in some of these other markets?",
Global-E Online Ltd.,GLBE,NASDAQ,2024-11-20,Samad Samana,"Hi. Good morning and thanks for taking my questions. Maybe first, just going back to borderfree.com, I guess, how should we think about what you're embedding into 4Q expectations from that launch, if anything? And how should we think about maybe, what the take rate implications there are that you're thinking through the fourth quarter and into next year?",
"Gilead Sciences, Inc.",GILD,NASDAQ,2024-12-03,Joe Catanzaro,So the second part of the sort of cell therapy discussion here I wanted to cover is maybe a little bit more holistic and specifically speaks to maybe the ongoing experience in the U.S…,
"SoundHound AI, Inc.",SOUN,NASDAQ,2024-11-12,Leo Carpio,"Okay. And then in the restaurant pillar, what's the point of the conversations? Last quarter you indicated you're getting a lot of inbound calls and given the roster of restaurants that you've been working with, what do you think is the extra that you need to top -- crack into the top five restaurants, the five on (ph) global chains?",
"KVH Industries, Inc.",KVHI,NASDAQ,2024-11-10,Christopher Quilty,"Great. And maybe final question, you mentioned that OneWeb is finally coming online for you. How has the pipeline moved for you in the last, say, three to six months on that product? And can you maybe just talk high level around how you're positioning it with customers relative to Starlink?",
Definitive Healthcare Corp.,DH,NASDAQ,2024-11-10,Hanna Lee,"This is Hanna Lee on for Allen Lutz. Could you just talk about, like with the unified platform, are you thinking about any potential pricing changes?",
Intuit Inc.,INTU,NASDAQ,2024-11-21,Michael Turrin,"Great. If I can just ask on the Credit Karma bounce back, based on what you're seeing, is there any way to help just split how much of that is macro versus something product-specific you've maybe incorporated into the experience there? And maybe just help level set what you're seeing today versus what you're guiding for rest of the year, given the fiscal year guide now sits below the run rate you just put up this quarter? Thank you.",
Repay Holdings Corporation,RPAY,NASDAQ,2024-11-12,Tim Murphy,"And we are seeing opportunities across both consumer and business payments, so across both segments. And just to kind of step back in terms of the overall capital allocation strategy, like John said, the primary focus is reinvesting into organic opportunities and we're doing that with enterprise sales and consumer and primarily in enterprise software and business payments. And then we are open to accretive strategic M&A. We are looking at various deal sizes, but likely looking at tuck ins that could make sense for us. And then we have the authorization that I mentioned to opportunistically buy back shares. All of that we think could keep us in a very reasonable leverage level and allow us to address the $220 million of remaining convert due in February of 2026. So again, focused on organic growth and then balancing M and A and buybacks with being able to address the remaining 0% coupon convert, while also maintaining reasonable leverage levels.",
"Fortinet, Inc.",FTNT,NASDAQ,2024-12-12,Saket Kalia,"Got it. I'm going to move to some financial questions here for Keith, but before we do that, any questions here from the audience? Keith, maybe for you. I mean, I'd love to spend a little bit of time just on the three to five-year targets that you provided at Analyst Day, which was a really useful event by the way. And maybe we could start with top line, right? I think we said we expect a greater than a 12% CAGR on billings and revenue. You correct me there if I'm wrong. But I'd love if you could just walk us through some of the higher-level assumptions, right, that are underpinning that growth target. Maybe we'll…",
AbbVie Inc.,ABBV,NYSE,2024-12-03,Geoff Meacham,"Yes. Makes sense. Roopal, on the pipeline, post -- you mentioned ELAHERE and that there's a lot happening. I think the data for platinum sensitive is maybe a few years out. But talk about the -- what most excites you for new developments in the AbbVie pipeline for '25. I know you guys have a BCMA in development. You have a number of assets in oncology that are...",
Alcon Inc.,ALC,NYSE,2024-11-13,Jeff Johnson,"All right, fair enough. David, I think I heard you say, correct me if I’m wrong, whatever the second half is, where fourth quarter shakes out with the third quarter, you’d be somewhat comfortable with that being kind of the stepping off point for the first half of next year, and then maybe some acceleration on top of that. Is that correct, number one; and number two, just on the contact lens market, the 5% growth you cited for the market this quarter seemed maybe a point softer than the first half. Anything to read into that? Our recent survey picked up maybe a point of softening as well, so just wondering if anything’s changed in the market or if that’s just normal variability by quarter. Thanks.",
The Bank of New York Mellon Corporation,BK,NYSE,2024-07-12,Alex Blostein,"Excellent. Great. Well, my second quick question around the balance sheet. There's a lot of discussion around deposits, but I wanted to zone in on the asset side of the balance sheet for a second. We've seen pretty nice growth from you guys in both the securities portfolio and loans sequentially. So could you just spend a minute on sort of the sources where you're investing and then your outlook in maybe deploying some of the liquidity that seems to be perhaps a bit more sticky into both loan growth and securities?",
"Natera, Inc.",NTRA,NASDAQ,2024-11-12,Douglas Schenkel,"Okay. First, on volume growth. You're tracking the year-on-year volume growth of, I think, about $550,000, maybe $600,000. Mike, if I heard you right, I think you said at some point on the call, we should expect similar volume growth next year. Did I get that right? And if so, does that mean a similar number of incremental tests across the portfolio next year?",
"Kandi Technologies Group, Inc.",KNDI,NASDAQ,2024-11-18,Arthur Porcari,"Thank you. Before my questions, I want to welcome the new management, and also thank Mr. Hu for his 17 year, [indiscernible] retirement from Chairman of the Board and 20 years of executive service and leadership to Kandi and also a true pioneer of all-electric vehicles in China. On to current business. Next month, Kandi will have its Annual Shareholders Meeting for the past 2023. In fact, the 2023 proxy materials have now started to arrive. While most of the issues are boilerplate, one in particular is not boilerplate. Management is asking shareholders to vote to allow a new 10 million shares be authorized to reload its 15-year stock option plan as the prior active 2008 plan had finally been fully activated. Employee stock options are usually issued and authorized by shareholders as rewards for outstanding performance. In a public company, a good bit of that performance has to do with stock appreciation. I'm curious, now here's my first question, does management really expect any shareholders to happily reward management by voluntarily providing a possible 12% increase in shares while the stock is trading at its 15-year low, down 94% of its all-time high? I can assure you shareholders will not be happy, particularly since the company's product distribution base is at an all-time -- and growing rapidly -- at all-time high and growing rapidly and the company is at its strongest cash and fundamental position of all times. This disconnect can only be blamed on management, not operationally, they're doing a great job there, but public company management of a NASDAQ company. I'm sorry, I left you with a lot there, Kewa. Hopefully, you can carry it. Those are my questions.",
"Crown Crafts, Inc.",CRWS,NASDAQ,2024-11-12,Dennis Scannell,"Good morning. So just a couple quick things for me. So Baby Boom contributed $3.4 million in sales, so that's about 14% of your sales growth. So core legacy sales down around 13%, gets a little less than 13%, so about how much of that was that bib program that one of your retail customers decided to in-source versus just kind of legacy products?",
Vertex Pharmaceuticals Incorporated,VRTX,NASDAQ,2024-11-15,Debjit Chattopadhyay,"Got it. So could I pause and see if there are questions from the audience? No? All right. Talk to the cell therapy segment, where Vertex has now invested multiple billions between Semma, CRISPR new facility, et cetera. Starting with CASGEVY, we just had an unfortunate death in the Beam study. What's the approach that Vertex is taking to move away from busulfan?",
"Radiant Logistics, Inc.",RLGT,NYSE,2024-11-12,Mark Argeto,"All right. And just to refresh memory in terms of the general structure that you guys have is some upfront and then an earn-out, maybe just refresh me and the audience on that?",
"GoodRx Holdings, Inc.",GDRX,NASDAQ,2024-11-07,Dan Clark,"Great, thank you. This is Dan Clark on for Mike. Just a question on 2025 in your core prescriptions business; how are you thinking about changes to Medicare Part D plans, particularly a lower out of pocket cap and just any impact to your business? Thank you.",
Nuveen Churchill Direct Lending Corp.,NCDL,NYSE,2024-11-09,Shai Vichness,"Yes. Thanks, Paul, for the question. So a couple of comments there, right? As you look across our portfolio and just the health overall, I would say, first, looking at non-accruals, obviously, no new non-accruals during the quarter. So we were very pleased with the ongoing performance in general. When you think about how we manage the portfolio, and I know we’ve got a pretty granular scale running from 1 to 10. I think the moves that you’re seeing within the risk rating table that we publish is really emblematic of our proactive portfolio management approach, right? We’re pretty quick to downgrade names slower to upgrade, and we’re really doing that in response to the conditions that we see. And as you look at the watch list and the moves in the categorization, obviously, the further down the list that you move, the more maintenance that’s required. But again, overall, very good shape. There really aren’t any sort of trends or themes that we would call out on the names moving around. Obviously, we’ve used the term idiosyncratic before, but that modest increase in the watch list is going to be obviously, company specific. No major concerns to highlight. And as always, we’re going to work those situations to maximize value for shareholders here. So again, key takeaway here is portfolio is in really good shape. Obviously, no new non-accruals and the movement within the watch list is really just a function of our proactive management of the portfolio.",
"Affirm Holdings, Inc.",AFRM,NASDAQ,2024-11-07,Dan Dolev,"Hey, guys. Thanks for taking my question. Great results as always. Max, we noticed that active consumer growth accelerated again. Can you maybe touch a little bit on the factors behind the acceleration? Thank you.",
ACV Auctions Inc.,ACVA,NYSE,2024-11-09,Michael Graham,"Hi, thanks a lot. I don't think you mentioned this yet on the Q&A, if you did, I apologize. But just on the commercial wholesale market, you talked a little bit about your efforts there in the prepared remarks, but just was hoping to get another layer of depth around like how that's going and how quickly you think that can become a more significant part of your business?",
Snowflake Inc.,SNOW,NYSE,2024-12-03,Karl Keirstead,"Okay. We've got two more minutes, so I'm just going to stir it up a little bit with the final question.",
"Burlington Stores, Inc.",BURL,NYSE,2024-11-26,Lorraine Hutchinson,"Thank you. Good morning. Michael, I realize there's a lot of external uncertainty, but what impact do you think the policies of the new administration might have on your business over the next few years, and how are you preparing for this?",
Evolution Petroleum Corporation,EPM,NYSE,2024-11-15,Bobby Brooks,"Yeah. So, I guess just any insight -- any thoughts as to -- I mean, you're coming in above 65% above the acquisition type curve. Obviously, that's really notable. I can probably assume some of it is due to kind of a conservative underwriting, but is there any other -- is there some type of technical -- is there some type of technique that they're using to drill these wells and bring them online that's resulting in this really strong production, or anything specifically that you can point to that is driving that outperformance versus what your acquisition type curve was?",
"Copa Holdings, S.A.",CPA,NYSE,2024-11-21,Savi Syth,"I appreciate that. And -- and then maybe just a final question on -- as you look to transition out, any update on the CFO search? And any other kind of thoughts on the management makeup?",
"Fortinet, Inc.",FTNT,NASDAQ,2024-12-12,Saket Kalia,"Yes, absolutely. Maybe that's a good natural segue just into the second pillar of the business, right, which is unified SASE. And maybe build on a little bit of what you said with the technical question. I think it's really interesting when Fortinet talks about SASE, it's something that turns on within minutes, right? But when other vendors talk about it, SASE sounds like something a lot more of an architectural shift. How do you think about the differences there, Michael?",
"Granite Ridge Resources, Inc.",GRNT,NYSE,2024-11-08,Phillips Johnston,"Hey guys, thanks for the time. Lots of good color in the prepared remarks just about the trajectory of production. Just wanted to make sure I caught everything. So let's talk oil. So your implied fourth quarter guidance suggests about a 3% kind of downtick in oil volumes sort of on the heels of what was pretty outsized growth obviously in Q3. Then it sounds like you expected a large sequential increase in Q1, which I think is consistent with what you guys said on the second quarter call. And it seems like that might even be augmented by the nine Controlled Capital spud in the Permian. So just wondering what kind of order of magnitude we're talking about in Q1 and then I guess for the full year I think you said double-digit growth on a year-over-year basis. Just wanted to clarify if that applied to oil or Boe or both? Thanks.",
"FIGS, Inc.",FIGS,NYSE,2024-11-09,Bob Drbul,"Hi. Good afternoon. Two questions. I think the first one is just the branding -- the brand awareness levels from the marketing campaign. Do you have any data around sort of some of the progress that you've made with that campaign in terms of either implied brand awareness unaided, et cetera? And then I think the second question is just on the AOV pressure, can you just detail a bit more around what's driving it, and how can you start to grow AOV again looking forward?",
"ServiceNow, Inc.",NOW,NYSE,2024-12-11,Raimo Lenschow,"Okay. Perfect. And then, I mean, how much of that you came from a different business in a way? Like that wasn't -- sorry to -- if I insult your previous company, like it wasn't like this high-margin software business, but you always have to be more disciplined. Did I help you as you came over?",
Legacy Education Inc.,LGCY,NYSE,2024-11-14,Mike Grondahl,"When do those four new ones you talked about at CCC, when will those go live?",
"Oxford Industries, Inc.",OXM,NYSE,2024-12-12,Ethan Saghi,"Got it. That's really helpful. And then just a follow-up. How has the -- so far through the holiday season, just how has the promotional activity been across your brand and just in the industry in general compared to your prior expectations?",
Electrovaya Inc.,ELVA,NASDAQ,2024-12-12,Amit Dayal,"Thank you. Good evening, everyone. So, Raj, with respect to these tariff-related headlines, can you talk a little bit about how you are trying to navigate some of those issues? And then, the Jamestown facility, when it's up and running, how that would play a role in supporting any -- I guess, avoiding these potential tariffs that are being talked about right now?",
"RB Global, Inc.",RBA,NYSE,2024-11-08,Krista Friesen,"It sounds like things are obviously progressing quite well on the IAA side, especially with your announcement on the call. Can you just speak to some of the core KPIs of the business? And how far are we away from where you'd like those to get to?",
Sony Group Corporation,SONY,NYSE,2024-11-11,Hayato Umegaki,"This is Umegaki of Toyo Keizai. I have two questions. First, I&SS downward revision. The overall market is recovering, but the I&SS is revising downward. What is the outlook for the next fiscal year. And smartphone has been getting image sensor becoming larger and larger. But isn't there any risk having a consolidated business with a large maker? And the next question is about the game business. 2 years ago, in '22, Totoki-san mentioned about the issues. And then you have became risk management and then the cutback of the personnel and some studio closure as well. And how much of that reform has progressed as of now?",
"Amprius Technologies, Inc.",AMPX,NYSE,2024-11-09,Edward Jackson,"So what was the nut that was in your COGS for Colorado that was in the third quarter, just kind of an apples-to-apples comparison when I think about your fourth quarter since that won't be in there anymore.",
Companhia Paranaense de Energia - COPEL,ELP,NYSE,2024-11-09,Guilherme Lima,"Good morning. Thank you for the question. You mentioned on the release the impact of approximately BRL30 million resulting from the differences on our generation curve and the contracts and consumption, the price difference here between the submarkets. If you can talk a little bit more about how you see this risk from now on, how it could impact the company and how you're positioning yourselves?",
"Merck & Co., Inc.",MRK,NYSE,2024-12-03,Umer Raffat,"8527. So this is being developed only for prep, not for treatment.",
Nordson Corporation,NDSN,NASDAQ,2024-12-12,Jeff Hammond,"Yes. And then interventional destock, what are your customers telling you in terms of where inventories are? What's kind of built into the guide for when that kind of run its course?",
"MeridianLink, Inc.",MLNK,NYSE,2024-11-09,Jessica Wang,"Hi. This is Jessica, on for Alex today. Thanks for taking my question. I just want to start off with double-clicking on cross-sell. What are some key factors that have been driving success in cross-sell? Have there been any shifts in customer priorities that are elevating demand for certain capabilities over others? Thanks.",
"AutoZone, Inc.",AZO,NYSE,2024-12-10,Scott Stember,"Okay. Got it. All right, that's all I have. Thank you.",
"Autodesk, Inc.",ADSK,NASDAQ,2024-11-26,Joshua Tilton,"Great. I have a kind of a high level one on the incoming CFO. If I if I heard correctly, we didn't exactly get, like, an initial outlook for, revenue growth for next year. And I'm just trying to understand in the context of the new CFO coming in, is there anything that could change the calculus of how you guys think about that 10% to 15% growth for the underlying business outside of the agency transition that's ongoing today?",
"REV Group, Inc.",REVG,NYSE,2024-12-11,Mig Dobre,"That's helpful. And maybe last question and I'll get back in the queue. When you look at your existing portfolio, you've obviously done quite a bit of surgery in '24. Do you see additional room to adjust to divest or do anything else there?",
Apyx Medical Corporation,APYX,NASDAQ,2024-11-08,Ben Haynor,"So, that $4 million run rate that will come out sometime in the current quarter and then you'll get the benefit of it as we get into 2025 and beyond?",
UiPath Inc.,PATH,NYSE,2024-12-11,Raimo Lenschow,"Yes, yes, yes. Okay, makes sense. Okay, we'll look for that. Okay. The one thing that you talked a lot about on the last earnings call, and it was something that I had kind of thought, that should be interesting, covering SAP as well with testing. That came up a little bit more than in previous quarters. Can you talk to that? Like, what's going on there?",
Qiagen N.V.,QGEN,NYSE,2024-11-07,Doug Schenkel,"And then building of a math question about OpEx. You -- I won't roll through every variable in the equation. But it was a good margin quarter. You got NeuMoDx rolling off, which will be really margin accretive. You've talked a lot about the levers pursuant to process optimization. And then some of this is just, we're not going to be back to normal next year, but we're going to be a lot closer to normal than we've been for a while. Recognizing you don't want to revisit the multiyear targets, but just thinking about those levers and just kind of the math and how lean things have got relatively speaking, over the last couple of years from an OpEx standpoint. Is there anything I'm missing as I kind of walk through this as we think about the margin trajectory into next year and the prospects for maybe outsized incrementals?",
SAP SE,SAP,NYSE,2024-11-20,Adam Wood,"And on that 1/4 of the base that are paying maintenance and cloud at the minute, do you have any idea of where they are on their journey? Are they nearly done, halfway through?",
"Babcock & Wilcox Enterprises, Inc.",BW,NYSE,2024-11-12,Aaron Spychalla,"First, good to see the coal to gas order, full notice to proceed. Can you just maybe give a little bit of detail on timing and just kind of the cadence of that revenue over the next couple of years? And then just talk about the pipeline there. I mean are there FEED studies for that? Or is there a good amount of work kind of behind that with other conversions?",
Bank of Montreal,BMO,NYSE,2024-12-05,Lemar Persaud,"Okay. I appreciate that. And then, just on these -- the questions involving the vintages of 2021, 2022 vintages and so on. Was there a change in management or something under the hood that you guys made a determination that something needed to be changed in terms of these holds? Like, was there any -- anything -- any change like or epiphany that you guys had that said to you -- that made it clear that you had to change how you are managing the business post 2021?",
"American Axle & Manufacturing Holdings, Inc.",AXL,NYSE,2024-11-08,John Murphy,"Good morning guys. I'm going to ask the -- sort of the obvious question about the implied in the fourth quarter of about $142 million in EBITDA at the midpoint. And Chris, I think you kind of just guided to this in some of the schedules and stuff. But is the bulk of this the Ram HD changeover and some downtime at GM trucks that's really kind of the sequential pressure point? Or are there other things that are going on?",
Exact Sciences Corporation,EXAS,NASDAQ,2024-11-19,Tycho Peterson,"And then any recapture from the hurricane is on top of that, right?",
"Bloomin' Brands, Inc.",BLMN,NASDAQ,2024-11-08,Brian Vaccaro,"Yes, potential to just optimize CapEx to bolster free cash flow. Obviously, you want to stay focused on maintenance and remodels but just see any opportunities there as you think about the CapEx. I understand you don't turn these things off like a light switch but over the next year or two, perhaps just to optimize free cash flow.",
IAMGOLD Corporation,IAG,NYSE,2024-11-08,Tanya Jakusconek,"Okay. I look forward to getting that. And then maybe my final question, I just wanted to circle back Renaud on something you said earlier, which was on inflation. I'm very focused on this. I think that 35% of your cost structure is labor. Correct me if I'm wrong. Can I just understand, number one, what is your labor inflation currently and how are you thinking about that into 2025? That's my first question. So is 35, Maarten, the right number as a percentage of cost for labor and then the inflation?",
"Compass Minerals International, Inc.",CMP,NYSE,2024-12-17,David Begleiter,"Got it. And just on Fortress, has the team been able to develop a new formulation that solved the problems with the prior formulation? Has that been fully -- has that been tested out?",
"Aspen Aerogels, Inc.",ASPN,NYSE,2024-11-08,Ricardo C. Rodriguez,"Yes. So the funny thing is that a lot of this equipment was procured back in 2021, and it's been there on site for at least a year at this point. So the project today and we have -- we actually have a picture of it in the appendix of the deck is it's really more around finishing the building, finishing the piping, the electrical than sourcing equipment. A lot of the equipment is actually being stored there on site already.",
Johnson Outdoors Inc.,JOUT,NASDAQ,2024-12-10,Anthony Lebiedzinski,"So as far as the gross margin, that did come in lower than what we were we're expecting. Can you provide -- I don't know if there's any way you can quantify or maybe share more details. I mean you called out a few items, but I just wanted to get more specifics as to how impactful some of these things were as far as promotional pricing, the mix shift to lower-margin items, their inventory reserves. Is there any way you can provide more details about that?",
Spotify Technology S.A.,SPOT,NYSE,2024-11-12,Christian Luiga,I was going back a little bit what I talked about before. So actually the purpose with the changes we are doing and with this Spotify ads exchange is to actually move into more performance-based ad services instead of brand and that will then take us there. So that's the short answer and I'll keep it at that.,
Mind Medicine (MindMed) Inc.,MNMD,NASDAQ,2024-11-07,Charles Duncan,"Hey, good afternoon, Rob and team. Thanks for all the information on the trial designs. That was quite helpful. I did have a follow up question to the last one and that is regarding enrollment pacing, I guess, what would you anticipate? It does seem like you're going to be using more sites, but some of them are somewhat naïve to evaluating LST. And so I guess if you think back to the Phase 2b experience, could you assume a similar timeframe for that Voyage study to enroll or could it pace even more quickly than what you showed in the first go round?",
Koppers Holdings Inc.,KOP,NYSE,2024-11-08,Gary Prestopino,"Hey Leroy, you mentioned some competitive issues and share losses in PC. Could you go into that a little bit more please? What's going on there?",
Emera Incorporated,EMA,NYSE,2024-11-08,Patrick Kenny,"Oh, thank you. Good evening. I'm just wondering on the back of this week's election here and I know last time around through the 2017 corporate tax cut, it really caused a lot -- quite a bit of noise around revenues and the impact on FFO and credit ratios. Just wondering any thoughts on how you might be able to perhaps get ahead of that and mitigate that risk this time around.",
"Oscar Health, Inc.",OSCR,NYSE,2024-11-09,Joshua Raskin,"Yes, that all makes sense. But I guess you're assuming the $2.25 million assumes a sunset, if something were to change favorably, I guess, you'd revisit that number. So, I guess that definitely helpful.",
"FlexShopper, Inc.",FPAY,NASDAQ,2024-11-14,Steve Silver,"Thanks, operator. And good morning and thanks for taking the questions, and congratulations as well on the strong results. I was hoping you could provide some color on the retail pipeline. You guys mentioned in the prepared remarks the strong expansion to-date and the fact that you blew past your own internal estimates on the number of locations earlier in the year. I'm just curious as to whether there are any factors you can cite for that acceleration in the pipeline compared to your initial estimates and how you see the breadth of the retail pipeline continuing in 2025?",
Futu Holdings Limited,FUTU,NASDAQ,2024-11-19,Charles Zhou,"[Foreign Language] So, first of all, congratulations to the management. I think it's a very solid set of results. I have a follow-up question regarding the special dividend. I think we know the shareholders, right, so you have the buyback and also the dividend. So, what's the rationale behind of giving the dividend now? And how do you see -- so do you prefer buyback or dividend going forward? So -- and what factors do you consider when you determine the buyback or the dividend? And what do you feel the investor will prefer currently? My second question is that compared with the Visible Alpha consensus, we're glad to see the top-line is a 4% beat, but net profit is just largely in line. We also noticed there's one item of other costs and loss of HK$131.4 million, which is not small. So, for management, also would you please clarify -- so what is -- so could you please clarify for this item? And will this also affect your net profit going forward? Thanks.",
Geospace Technologies Corporation,GEOS,NASDAQ,2024-11-22,Scott Bundy,"So Robert with the 17 acres for sale next to the plant, what's the status of that?",
"Cogent Communications Holdings, Inc.",CCOI,NASDAQ,2024-11-07,Dave Schaeffer,"Yes. So to directly answer your data center question, one, believe we will have transactions, whether they be leases or sales that are reportable before June, so you don't have to wait for June. A proof point. Now whether that's the entire portfolio, I doubt it…",
"Inter & Co, Inc.",INTR,NASDAQ,2024-11-14,Ricardo Buchpiguel,Okay. Great. And just a quick follow-up. If you could also mention if the deterioration in the macro environment changed in any way the outlook for loan growth with you guys if you are more -- you mentioned you're being more cautious -- could be more cautious a little bit on the consumer finance. If we should see something similar as well in the other products?,
Elbit Systems Ltd.,ESLT,NASDAQ,2024-11-19,Unidentified Analyst,"Okay, thank you. And just to make sure, are you still with the target of 10% operating profit in the medium term, maybe 2026 and beyond?",
"Kandi Technologies Group, Inc.",KNDI,NASDAQ,2024-11-18,Unidentified Analyst,"Yeah. You issued two press releases in October. They made reference to autonomous driving technologies, and also ride hailing, et cetera. And you basically said in those press releases that they would be facilitated by your acquisition of Hangzhou Honghu.",
"The Beachbody Company, Inc.",BODI,NYSE,2024-11-12,Susan Anderson,"Hi, good evening. Thanks for taking my questions. I was wondering if maybe you could expand on the revenue guidance for fourth quarter. It looks like it's a little bit of a step down from third quarter. So I'm curious, is this going to be consistent across the digital and nutrition businesses, or is it one over the other and then I guess, how should we just think about that step down? Thanks.",
"ChargePoint Holdings, Inc.",CHPT,NYSE,2024-12-04,Chris Dendrinos,"Yeah. Thank you. I just wanted to follow-up on the longer term outlook for '26 and the positive EBITDA comment. Can you just maybe, I guess, walk us through some of the levers that you all have to achieve that? Is that really just a function of revenue growth, or are there additional levers that you all have to, I guess, manage on your side outside of the kind of macro demand environment? Thanks.",
"Iovance Biotherapeutics, Inc.",IOVA,NASDAQ,2024-11-07,Peter Lawson,"Got you. Thank you so much. I guess just a question around the IL-2 stocking level, how does that change over time? I assume there's going to be less stocking each quarter, but just if you kind of walk through the dynamics of what you think that IL-2 number would look like for both use and then the stocking level. Thank you.",
"Vivos Therapeutics, Inc.",VVOS,NASDAQ,2024-11-14,Scott Henry,"Okay. Thank you for that color. And then, Brad, in the third quarter there was still this big bolus from VIP revenue that came in since the number was flat despite dramatically fewer VIPs. Is that sort of an accounting catch up? And when we get into fourth quarter, should we expect the revenue to reflect the number of VIPs coming in? I mean basically that line should fade to I imagine close to zero over time. And maybe should we start to see that in Q4?",
"Novavax, Inc.",NVAX,NASDAQ,2024-11-12,Vernon Bernardino,"Hi. Thanks for taking my question. I actually have two questions. Excuse me. The first question I had is, there's some evidence that the flu vaccine this year was not as good as in prior years. Just wondering how the CIC vaccine formulation for the flu vaccine component is handling that. And then second question I have is, just wondering if you could provide us insight into how the gross margins may change going forward? Thank you.",
"Tetra Tech, Inc.",TTEK,NASDAQ,2024-11-14,Sabahat Khan,"Great. And maybe one last quick one, if I can sneak it in. Just as you look at the M&A landscape, how much of a focus is? Obviously, you did RPS out in the U.K., but how much of a focus is non-U.S. M&A or just trying to expand in regions at the market over the coming years?",
"Dave & Buster's Entertainment, Inc.",PLAY,NASDAQ,2024-12-10,Dennis Geiger,"No, that's great. I appreciate that. Just the second unrelated question, if I could. Just looking back at 3Q. Thank you and looking back at 3Q, and you guys called out some of the pressures, some weather and different things and clearly the macro, just curious if any other notable observations? Are the macro pressures still generally impacting visit patterns, spending patterns in a generally similar way, again, if you kind of cut through some of the noise maybe on some of the call-outs that you mentioned. Any kind of notable changes in those behaviors, visits, spending, et cetera, better or worse, generally similar? Thank you.",
"Conagra Brands, Inc.",CAG,NYSE,2024-07-11,Tom Palmer,"Thanks for that. And then just a quick one on Ardent Mills. The language in the release or the prepared remarks at least referred to it as moving towards a more normalized level of operations. I just want to make sure I understand this. Should we think about that $150 million outlook, which is kind of consistent with how you started off last year as well as a more normalized rate or is that like normalizing and we should look for maybe a glide path slightly lower over a series of years.",
First Advantage Corporation,FA,NASDAQ,2024-11-12,Q – Scott Wurtzel,"Hi. Good morning, guys. Thank you for taking my question. I wanted to go back to some of the conversations that you're having with customers, specifically the ones that are coming over from Sterling. And maybe would love to just see your kind of -- maybe what they're most excited about being under the combined companies, whether that's products you're looking forward to or features or being able to rationalize costs? Anything there would be very helpful.",
"Kratos Defense & Security Solutions, Inc.",KTOS,NASDAQ,2024-11-08,Pete Skibitski,"I just wanted to see if we can kind of wrap our hands around this commercial space area just a little bit more. It was down a chunk this quarter. Just wonder, what's it down year to date? What's your expectation for the full year? And sort of, when do you think it'll bottom?",
Docebo Inc.,DCBO,NASDAQ,2024-11-08,Daniel Chan,"Hi. Good morning. As you wait for FedRAMP certification, what's your confidence that you're going to be able to participate in some of the large RFPs that are coming to market? You mentioned that the Veteran Affairs RFP came out around your Inspire conference. So what's your level of confidence you're going to be able to participate in these large opportunities?",
Korn Ferry,KFY,NYSE,2024-12-06,George Tong,"Got it. Yes, that's very helpful color. And then on the consulting side, you mentioned you're seeing larger contracts and as a result, slightly longer implementation times and that perhaps contributed to the 7% decline you saw on a constant currency basis year-over-year. Can you elaborate a little bit more about that on that? When might you expect the sort of the larger contract impact to begin to taper away? And similar to the digital side, how would you characterize the demand environment for consulting?",
"Warner Bros. Discovery, Inc.",WBD,NASDAQ,2024-12-10,John Hodulik,"So at this point, international ARPU is collectively just about $4 per subscriber. What's the opportunity? And where can that figure go over time? And how do you get there? Is it a combination of sort of price increases? Does the ad tier play a role? What should we think of sort of monetization?",
"LightPath Technologies, Inc.",LPTH,NASDAQ,2024-11-09,Jaeson Schmidt,Okay. Great. And is the sales team and sales channel in that market fully built out? Or do you still need some work there?,
"Copart, Inc.",CPRT,NASDAQ,2024-11-21,Chris Bottiglieri,"Hi guys, thanks for taking the question. Jeff two for you. The first one I want to ask about is following up the question from last core ask on insurance, uninsured motorists. I was wondering what he's historically seen when there's been changes like from cat events. We have large hurricanes. On one hand, you think the higher insurance costs afterwards could be problematic for insurance participation. On the other hand, it might be a stark reminder that you need comprehensive insurance, because your losses go up when there's major cats. So just curious if you saw an impact in the past?",
Wells Fargo & Company,WFC,NYSE,2024-11-09,Gerard Cassidy,Yes. On risk and control areas. Can you share with us how much of that is permanent versus being reinvested maybe into other areas?,
"Applied Materials, Inc.",AMAT,NASDAQ,2024-12-04,Joe Quatrochi,Right. Anything to worry about in terms of like fab readiness footprint like clean room space…,
"Complete Solaria, Inc.",SPWR,NASDAQ,2024-11-13,A - Sioban Hickie,"Thank you, T.J. [Operator Instructions] Our first question today comes from Derek Soderberg from Cantor Fitzgerald. It's a two part question. SunPower had a backlog in February of this year of 37,000 new homes and 15,000 retrofit homes in their backlog. Can you update us on the number of new homes and retrofit homes in the backlog currently?",
"REV Group, Inc.",REVG,NYSE,2024-12-11,Angel Castillo,"Got it. And then maybe just one last one for me. The fiscal year '25 EBITDA range, it seems to be wider than normal, the $190 million to $220 million. Can you just help us understand the two bookends like what is kind of contemplated at the $190 million level versus the $220 million across two segments?",
BlackBerry Limited,BB,NYSE,2024-11-19,Paul Treiber,"I wanted to bring it back to cybersecurity. So, we talked obviously at the beginning about Cylance, and we talked about IoT. What about the non-Cylance cyber assets? You mentioned they are profitable. I think last quarter is -- they're growing. So, how do you see them fitting in the portfolio?",
Westport Fuel Systems Inc.,WPRT,NASDAQ,2024-11-13,MacMurray Whale,"Cost cutting efforts. Is the plan to bring, to get to EBITDA break-even sustainably on a quarterly basis?",
"Stanley Black & Decker, Inc.",SWK,NYSE,2024-11-15,Timothy Wojs,"Okay. So there's a little bit of that. Okay. And then I guess just lastly, competitively, competitive environment, there's been a lot of kind of cross wins the last couple of years. It seems like you're taking share in parts of the market with DEWALT. Who do you think is kind of losing out? Is it private label? Is it smaller brands? How do you kind of think about share?",
"Teladoc Health, Inc.",TDOC,NYSE,2024-12-03,Jess Tassan,"Okay, awesome. So then on the integrated care business, I guess just my question is, is this a low-single-digit growth business over the long-term or does it have the potential to return to mid-single-digit long-term growth or even accelerated to high-single-digit? And if it's a mid-single-digit growth business, kind of, are these three buckets of investments been sufficient to get you all back to that level?",
"PowerFleet, Inc.",AIOT,NASDAQ,2024-11-12,Alexander Sklar,"Okay. Perfect. Great color. And then I don't know if Steve or Dave, you want to take this one. But in terms of the reorientating of the customer-facing teams, can you just elaborate a little bit more on -- is that just the customer success team? Is that part of your kind of whole go-to-market organization? And realizing that Fleet Complete just closed, they obviously have their own customer success team in place. What's the right timing to think about when the bigger lift will kind of be done there?",
"AMN Healthcare Services, Inc.",AMN,NYSE,2024-11-09,A.J. Rice,"Hi, everybody. A couple of ones and then I might just ask you about '25, make sure I get the run-rate we're exiting the year at. But specifically, you're saying you picked out your net wins on MSP, but we're also talking about increased competition on the bill-pay spread and other places. Is there anything about MSP economics that's become more competitive? Is the competitive landscape reflecting itself a competition for MSPs as well?",
Ascendis Pharma A/S,ASND,NASDAQ,2024-11-14,Gavin Clark-Gartner,"Hey guys, Congrats on all the progress. So I just wanted to ask about the 4,000 to 5,000 PTH experienced patients in the US. that you've noted. Are all these patients actively managed in the health care system. And I guess more specifically, how long do you believe it could take to get the majority of these patients on to YORVIPATH? Could it be within the first year, two years? Any estimate would be helpful.",
DraftKings Inc.,DKNG,NASDAQ,2024-11-08,Chad Beynon,"Hi. Good morning. Thanks for taking my question. Obviously, with the 30% growth for '25, you have a lot of focus areas that you need to be dialed into. But Jason, I wonder if anything has changed just in terms of beginning to look at some international markets, or more importantly, when is the right time to start considering growing in other markets as top line might begin to slow if there's no legislation here in North America? Thanks.",
"Pinterest, Inc.",PINS,NYSE,2024-11-07,Rich Greenfield,"Hi. Thanks for taking the question. I guess, Bill, you made the comment about UCAN, about deepening engagement, and I guess if we could just drill down a little bit on that. When you think about engagement, is total time spent – like if you were to look at an individual user, whether it's day, month, week, however best to think about it. But is time spent per Pinterest user in UCAN growing on a year-over-year basis? And could you give us – I think between the product enhancements and the AI that you spent a lot of time on during your prepared remarks talking to. Everyone's trying to understand, like what is happening to that in terms of total time spent per user? Because obviously that creates more inventory, which fuels your ad business. So any way to quantify or give us some direction on what deepening engagement actually means?",
"Xenia Hotels & Resorts, Inc.",XHR,NYSE,2024-11-09,Tyler Batory,"So just thinking a little bit more about the portfolio opportunities to evolve the portfolio in the years ahead. From a strategic perspective, you got a little bit more liquidity here with the expanded credit facility. Just how are you thinking about the opportunity for potential acquisitions? I know a lot of moving pieces in the portfolio this year. You just did the asset sale in July, I guess. So how are you thinking about capital recycling and potential opportunities to look at acquisitions here?",
Bank7 Corp.,BSVN,NASDAQ,2024-07-11,Jordan Ghent,"Perfect. And then just one more, actually. So on the interest-bearing deposit costs, you guys had like a minimal amount increasing? And I know you guys talked about that some of the loan funding got pushed out to July and that you might have to go get some funding that's a little bit more expensive. But where do you guys see the interest-bearing deposit costs going from this quarter?",
"Evergy, Inc.",EVRG,NASDAQ,2024-11-07,Julien Dumoulin-Smith,"Got it. And just to clarify here, I mean, basically, as you roll forward and eventually include the CCCT, I mean, the plan basically or effectively accelerates here as best I read it. Obviously, you talked about the high end of the plan, but it seems like it even further accelerates if you roll a further period forward, if you will. Is that kind of the way to start to read this? Is the CapEx is just so long dated, whether it's the CC or the ITP?",
"Savers Value Village, Inc.",SVV,NYSE,2024-11-09,Michael Maher,"Hi Bob, it's Michael. Sure, happy to talk to economics. And then maybe I'll let Jubran just talk a little bit about more specifically the recent performance of our new store class. So as we've talked about before, and as I mentioned earlier, when we open a new store, typically in the first year, it does roughly half the volume that it will do when it reaches maturity, which we define as about year five. And so because of that, and we've got some fixed costs that we're not yet leveraging and our production, we're not fully up to a mature store level of productivity on production and sales yield on that, we typically see new stores lose money in the first year. But they grow quickly on the top line, and we're typically profitable by the second year. And so over the course of the life of the store, as we see that growth play out and the store quickly becomes cash flow-positive, we're generating very healthy returns. We're seeing returns typically around double or better our cost of capital. So, but the implications to our EBITDA and our EBITDA margins in the near term, I think is the gist of your question is it's a headwind. And especially as we're starting from the place we're in today where we really haven't had anywhere near the level of new store openings that we're now about to embark on – that we are embarking on here in 2024 and that we expect to accelerate into 2025, what that means is that we've got a significant number of new stores that are still in that year one point where they're not profitable. And we don't yet have a critical mass of stores that are in their second or third years generating better-than-average comps and quickly growing their bottom lines. So that's especially pronounced that impact on the back half here of 2024 as we're opening 18 of our 22 new stores this year in the back half. And then going into 2025, where we'll open up to 30 more new stores. But as those stores work their way up the maturity curve and enter their second years, that's going to start becoming a tailwind. And I'll use the 2023 class as a good example of that. We opened those in 2023. They're not yet comp stores by our definition, they will be next year. They're maturing exactly as we would like. In fact, we're very pleased with those, and Jubran can speak to that. But they're profitable. That group is profitable now both countries, all but one or two of the stores in that group individually are profitable. And so the class as a whole is profitable as well, and so that's the dynamic that we expect to play out on our future cohorts as well.",
Oklo Inc.,OKLO,NYSE,2024-11-14,Vikram Bagri,"Thank you. Very helpful. And then moving on to Atomic. I was wondering like how big this business could be? And I realize I’m jumping the gun here, but is there a per reactor formula linked to fuel recycling that we should think about longer term based on how Atomic grows with number of installations you have? And then in the near-term, is there an independent revenue stream that Atomic could participate in before the complementary fuel recycling growth with Oklo that you highlighted? And then on the same topic, if there is, when do you think we will see some partnerships or pipeline of orders being built on Atomic site? Thank you.",
RLJ Lodging Trust,RLJ,NYSE,2024-11-07,Jonathan Jenkins,"Okay. Very helpful. Then switching gears to the guidance, with the third quarter exceeding expectations and the fourth quarter, or full year guidance unchanged, that maybe implies a softer fourth quarter relative to your prior expectations. Can you help us think about what’s baked in there and how that’s changed?",
UiPath Inc.,PATH,NYSE,2024-12-05,Jake Roberge,"Hey, thanks for taking the questions. It sounds like execution has been improving recently. Can you just talk about the go-to-market changes that you've been able to make thus far? And then what do you feel is left within the go-to-market in order to get things back to kind of steady execution that we used to see?",
Seagate Technology Holdings plc,STX,NASDAQ,2024-12-04,Aaron Rakers,"Okay. So back on the supply side of the equation, maybe first, I'll just put this out there. Remind us again of the lead times of a nearline drive. I think people may be underappreciated how complex these drives actually are as far as production cycle. And basically, what I'm going to ask you is like, with 109 exabytes of capacity shift in this most recent quarter on, I believe, exabytes. You are getting back to peak level, I mean, so how are you -- remind us again how much you can supply today, and I think there's always this push and pull around bringing capacity on. Is that a good thing or a bad thing perception-wise, from an investor perspective. So how do you think about that supply-demand balance?",
Johnson & Johnson,JNJ,NYSE,2024-11-18,Rick Wise,"Makes sense. And just thinking, again, we're starting with high-level questions here. How should we think about your M&A strategy? Rockets. I heard you. That will stick with me for sure. That's easy. Even I can remember that. But I mean, again, all under this umbrella of interventional cardiology, and it's a big umbrella, as you've just said, is this, should we imagine larger or smaller? Now that you've got the big rockets, you -- a bunch of smaller ones or...",
Teva Pharmaceutical Industries Limited,TEVA,NYSE,2024-12-05,Umer Raffat,"Got it. Okay. Makes sense. And -- got it. So presumably, this could be a filing by no later than next summer. Is that a reasonable way to think about it?",
"DocuSign, Inc.",DOCU,NASDAQ,2024-12-05,Michael Berg,Hi. This is Michael Berg on for Michael Turrin. Thanks for taking our question. I just wanted to double click on the improvement in gross retention and what's driving that. Maybe we could get into the hood and explore what you are seeing or what you've done right to drive the improvements there? Is it more -- is it macro? Is it execution? Is it IAM? Just want to get some more color on that dynamic. Thanks.,
"Inotiv, Inc.",NOTV,NASDAQ,2024-12-03,Matt Hewitt,"Got it. That's helpful. Thank you. And then, I just want to maybe touch on the price. It's come up a couple of times. Obviously, you're seeing some price competition. Are you being forced to match to retain or even pick up some incremental share? Or are you able to kind of highlight your white glove treatment of customers and so you're not having to perfectly match? You can maybe have to come down a little bit, but you're still able to retain or pick up incremental share because of the treatment and your strong customer relationships?",
"FiscalNote Holdings, Inc.",NOTE,NYSE,2024-11-16,Ethan Widell,"Got it. That's helpful. Thank you. And then looking towards fiscal 2025, maybe what assumptions are underpinning your confidence and your return to growth next year?",
James Hardie Industries plc,JHX,NYSE,2024-11-15,Liam Schofield,"Thanks for taking my question. Aaron and Rachel, you just commented there on the improvements or prospects for improved consumer sentiment. As borrowing costs normalize with that sort of 30-year mortgage closer to 7% than it is 6%, how does that sort of normalize through time? And what's that relationship?",
Orion S.A.,OEC,NYSE,2024-11-08,John Roberts,"Thank you. In specialty Black, you mentioned regional mix effects. Could you elaborate on that? I think of the Rubber black being – business being regional, but specialties, I think, of being more global and more product mix effects?",
Carlyle Credit Income Fund,CCIF,NYSE,2024-11-21,Matthew Howlett,"Yes. I mean clearly, where the stock is today. But you can't force conversion of it if it's trading at a certain level to get people to convert.",
"NEXGEL, Inc.",NXGL,NASDAQ,2024-11-13,George Marema,"Yes. Yes. No, that's exactly what I was trying to get into is the contract manufacturing side. So can you - I'm going to push you a little harder. So in '25, just a contract manufacturing part, where can gross margins sort of go?",
DouYu International Holdings Limited,DOYU,NASDAQ,2024-11-22,Lei Zhang,"[Foreign Language] [Interpreted] Thanks, management, for taking my question. My question is mainly regarding your live streaming business. And how should we look at the future growth of your live streaming business and any strategic change here? Thank you.",
Tecnoglass Inc.,TGLS,NYSE,2024-11-07,Jean Ramirez,"And just thinking about your relationship with Saint Gobain and the possible discount and contribution to margins, can you provide a little more color into how that might show up in the P&L at least some preliminary expectations?",
United Parks & Resorts Inc.,PRKS,NYSE,2024-11-07,Steve Wieczynski,"So Marc, I know over the past couple of quarters, you guys have talked about 2024, you guys were expecting to be kind of a record revenue and EBITDA year. I'm guessing now that it's pretty clear that's probably off the table given the adverse weather you guys have experienced across a lot of your Florida parks. But I guess my question is, as we start to think more about 2025 based on what you're seeing today in terms of forward demand spend patterns, you talked about the realization of more cost savings. Is there any reason to believe that 2025 wouldn't get you back kind of well north of that previous EBITDA record in 2022? I mean assuming that weather is kind of normalized. And I'm not trying to get guidance out of you, but we're just looking for more reasons why that wouldn't potentially be the case next year?",
"Mitsubishi UFJ Financial Group, Inc.",MUFG,NYSE,2024-11-18,Ken Takamiya,I would like to know your assessment of capital based on these six points. The purpose of my question is to get a qualitative reference for your medium term financial outlook and capital measures.,
Wells Fargo & Company,WFC,NYSE,2024-11-09,Gerard Cassidy,"And one of the lines, obviously, on the consumer lending side, you’ve built up the credit card business, and you’ve kind of deemphasized the mortgage business. Maybe to start off with credit cards, can you explain to us how that journey has gone? And what should we think about in terms of profitability of the business as the portfolio matures?",
Fennec Pharmaceuticals Inc.,FENC,NASDAQ,2024-11-09,Raghuram Selvaraju,"Hi, thanks very much for taking my questions. Just three quick ones here. Jeff, I was wondering if you could comment on any changes in behavior of those purchasing departments that historically have relied on compounded versions of sodium thiosulfate and if you are seeing any kind of shift in their disposition towards PEDMARK, and what you expect to potentially accelerate that trend going forward into the future? Secondly, I don't know if you're in a position at this juncture to comment generally and qualitatively on what Fennec anticipates to be the key business development objectives and priorities going forward from a strategic standpoint. And then finally, I don't know whether either Jeff or Robert, you want to talk about the status of ongoing IP litigation at this time and when you expect a resolution on that front? Thank you.",
"Fortinet, Inc.",FTNT,NASDAQ,2024-11-19,Q - Matt Dezort,"It makes total sense. I guess on the margin side, you mentioned sales capacity. I guess, seems like the operating and free cash flow targets are prudent and may leave some room for incremental investments, which you guys talked a little bit about yesterday in terms of adding quota carrying reps but also building out your own infrastructure and data centers. I guess maybe talk about some of those investment factors and specifically like what sort of growth should we expect in quota carrying head count over the next year or two, especially as you roll out SASE and SecOps?",
Live Ventures Incorporated,LIVE,NASDAQ,2024-12-12,Joseph Kowalsky,"It's interesting you say that because I was just reading about Red Hill Farms, which is a goat farm in California and how they sold their company and how they -- what they look for and who they look for and they were saying exactly that, that is was a family-owned large farm and nationwide distribution of goat products. So it wasn't small, but they definitely were looking for exactly what you're talking about. So I think that, that is the precisely the right way to go about it. And I guess what I was wondering was, I did understand what you were saying when you had already someone in a particular industry that others would come to you. I didn't realize that people would come to you who are not in those same industries that they would just that you had the connections, I guess, to attract that type of a --",
"Amtech Systems, Inc.",ASYS,NASDAQ,2024-12-09,Craig Irwin,"First, I should say, congratulations on the really good execution, bringing down costs. Tightening everything up in this environment that we're all operating through. So great, great execution there. My question is this, and it's a little bit high level, but you're renaming your segments, right? And that speaks for a refreshed and renewed strategic focus. Can you maybe call out some of the applications or opportunities where you think Amtech can participate in sort of AI and data center growth and electricity demand growth over the next several years? What do you see as relatively fresh products that you have to offer into this market? And how do you expect this to take shape as far as visibility for the investment community?",
United Parks & Resorts Inc.,PRKS,NYSE,2024-11-07,Matthew Boss,"So Marc, maybe could you elaborate a little on the cadence of attendance trends that you saw in the quarter? I know maybe as best you can through weather. And if you could just walk through some of the drivers of the improvement that you cited for October, maybe between weather, macro, how much you think is company self-execution? And just putting that all together, maybe is there a best way to think about top line puts and takes for the fourth quarter?",
"BIO-key International, Inc.",BKYI,NASDAQ,2024-11-15,Unidentified Participant,Is there any recurring revenue on the British Columbia deal or is that also...,
"RCI Hospitality Holdings, Inc.",RICK,NASDAQ,2024-12-16,Unidentified Analyst,"Yes. So and those clubs that you're currently evaluating, are those still in the same areas that you currently operate in?",
Telefonaktiebolaget LM Ericsson (publ),ERIC,NASDAQ,2024-07-12,Sami Sarkamies,"Okay, thanks. And I would have a follow-up on IPR licensing guidance. I mean, if we do the math, you're basically already at SEK13 billion for the full year, if run rate amounts to SEK12 billion, as you earlier discussed. So, why have you chosen not to raise the IPR licensing guidance? You did mention that there is still a possibility for additional deals.",
"Kulicke and Soffa Industries, Inc.",KLIC,NASDAQ,2024-11-14,Dave Duley,Okay. And as far as -- will these be for mobile applications? Or do you think these are going to be for high-performance compute AI applications?,
"ChargePoint Holdings, Inc.",CHPT,NYSE,2024-12-04,Joseph Osha,"Okay. Thank you. And then, my other question is just looking at the cash OpEx burn, obviously, you all had a lot of luck bringing that down and continue to work on it. Can we -- do you pretty much have that where you want it at this point, the idea being that future improvement comes from top-line growth? Can we think about it that way?",
"Fortinet, Inc.",FTNT,NASDAQ,2024-11-07,Gabriela Borges,"I think it's also interesting to note, like you said, we started really focusing on SASE a year ago, like Ken said, we've been building the solution for some time, of course. A year ago, at the November '23 earnings call right around that we broke out those 2 other pillars, Sassy and SecOps, externally and also internally to focus on those pillars. And you've seen really nice growth when we focus on solutions like that over the past year. It's only been a year -- and I think it's a little analogous when you think about kind of Fortinet's ability to execute. If you look at SD-WAN which we started to really focus on in 2018 and then we've risen to be the leader in the Garden Magic Quadrant, it steadily grew over time. And so I think that those past results delivered around SD-WAN are illustrative of what can do when they focus on things. And we've really been focused on SASE and SecOps for that year. And so I think -- we had really good results over that -- over the course of that year in a very short period a lot more focus to come going forward.",
Symbotic Inc.,SYM,NASDAQ,2024-11-18,Damian Karas,"Okay. Understood. And then a follow-up question on Walmex. So beyond the two DCs that you spoke to, what's a good way to think about the potential timing of winning further opportunities with Walmex beyond those two sites and how that potentially plays out over time?",
"Applied Materials, Inc.",AMAT,NASDAQ,2024-12-03,Timothy Arcuri,"Great. And maybe just last question, Brice. When you sort of look at, you look at your stock and you look at how the questions you get from investors. What's -- is there one thing that you leave these meetings and you say people just are not getting this piece of our story? Is there something people are missing?",
"Mirum Pharmaceuticals, Inc.",MIRM,NASDAQ,2024-11-12,David Lebowitz,Thank you very much for taking my question. Can you compare the decisions to license the Travere assets with 3379? And what you were thinking in general about your strategy relative to business development going forward?,
"Tempus AI, Inc.",TEM,NASDAQ,2024-11-09,Michael Ryskin,"Great. Thanks for taking the question, guys. Appreciate the color on Ambry earlier, and congrats on that deal. It seems like the financials are pretty compelling. I want to expand a little bit on your existing relationship as you’ve touched on in the past, it’s – you’ve got a relationship with them there with your primary reference lab. I just want to get a sense of that $300 million in revenue generated – they generated in – what you expect to generate this year. How much is sort of going to be incremental, right? I mean what I’m trying to get at is how much of the current business is their relationship with you versus how much is external? Just how should we think about this impact of the model next year?",
"Sunstone Hotel Investors, Inc.",SHO,NYSE,2024-11-12,Floris van Dijkum,"Hey, thanks for taking my question. So one of the things, that you indicated that sort of caught my attention as well, Bryan, the ancillary revenue opportunity. I think you were referring to the San Antonio Riverwalk Hotel. But how much of an opportunity is this in your portfolio in particular, the billboards, potential retail. What do you have today in terms of ancillary revenues. And where do you think you could drive this going forward?",
"ADTRAN Holdings, Inc.",ADTN,NASDAQ,2024-11-08,Tom Stanton,"This year has been definitely more Tier-2, Tier-3, less Tier-1. Yes. I think you understand the reason.",
"Bassett Furniture Industries, Incorporated",BSET,NASDAQ,2024-07-11,Budd Bugatch,"Good morning, Rob. Good morning, Mike. And let me add my thanks for the call and the information and also for the filing of the Q this morning, which answered a lot of my questions in terms of some of the detail. And I want to also just comment, I've been doing this for a long time, and I don't remember seeing a time and it's not a pleasant time in the industry where you've seen a company address forthrightly its charges that it needed to take and its business and come up with a stronger balance sheet and at the same time raise a dividend. That's really remarkable and shows you tremendous confidence and commitment to your shareholders. So, thank you for that. And... Rob Spilman, Jr. Thank you, Budd.",
"The PNC Financial Services Group, Inc.",PNC,NYSE,2024-12-10,Richard Ramsden,"Okay, so let's talk about inorganic growth, M&A. I know you were very clear on the last call that you don't see a lot of value out there. Since you last spoke though, a lot has changed. They've gotten more expensive. But against that maybe the outlook's a bit brighter. So, how are you thinking about just acquisitions, M&A broadly. And maybe you can talk not just about bigger deals, but about smaller bolt on deals and asset acquisitions and how much of a pipeline there could be on those.",
"Plymouth Industrial REIT, Inc.",PLYM,NYSE,2024-11-07,Rich Anderson,"Hey. Thanks, good morning. Maybe just to put a finer point on Mitch's question around Cleveland. You mentioned abruptly laid off employees in the case of 2,100 and business not viable in the case of 1,350. Maybe I don't know what those businesses were and maybe I don't want to know, but I'm curious as to what the learning event is from this in terms of just sort of monitoring credit, monitoring industries that you're exposed to? And if there's anything that you take from this that you look throughout your portfolio and say, we've got to give something here or there a second look and make sure that we're protected. Any kind of comment around that topic?",
"Cardinal Health, Inc.",CAH,NYSE,2024-12-03,Elizabeth Anderson,That's great. I think it's good to attend. Thank you so much.,
Sezzle Inc.,SEZL,NASDAQ,2024-11-09,Charlie Youakim,"Thank you, operator. In closing, I’d like to thank the Sezzle team again. As I mentioned earlier, we continue to make tremendous strides in our business, and I know it’s because we have an incredibly talented team going in the right direction. And before I go, I wanted to add a quote from one of my favorite investing heroes, Benjamin Graham, ""People who invest make money for themselves; people who speculate make money for their brokers."" A big thank you to the investors out there and an apology to our investment banking partners for this quote suggestion that people and firms should speculate less. Thank you all, and have a great rest of your day.",
HEICO Corporation,HEI,NYSE,2024-12-18,Michael Ciarmoli,"Got it. No, that's helpful. And then just one other housekeeping one for Eric -- or sorry, for Victor. Victor, did you give the ETG organic growth rate for the quarter at the consolidated level?",
Westport Fuel Systems Inc.,WPRT,NASDAQ,2024-11-13,Unidentified Analyst,"Thanks so much for that. I’d like to sneak one last one in. As you guys look at the balance sheet, can you speak to what your medium-term working capital and operational cash needs are and how you sort of expect to meet those needs?",
Stellus Capital Investment Corporation,SCM,NYSE,2024-11-08,Christopher Nolan,"Absolutely. And then I guess final question, what's the spillover income?",
"Cryoport, Inc.",CYRX,NASDAQ,2024-11-09,David Larsen,"Hi can you please talk a bit about MVE and the products business, your dewars, sort of piece of dewars shipments, the large freezers, the smaller freezers, any color there would be very helpful. Thank you.",
"Editas Medicine, Inc.",EDIT,NASDAQ,2024-12-03,Liisa Bayko,"And can you just quickly, in a very basic way, distinguish these two sets of IP, one that's sort of clear for you to do deals on, the other that's still out?",
Compugen Ltd.,CGEN,NASDAQ,2024-11-12,Stephen Willey,"Yes, sorry about that. I think the operator dropped me out of the queue. So, just given you're going to be pursuing third-line and I'm not sure if Dr. Yeku is still on the line and can answer this, but what's your understanding of the proportion of patients who get to third-line are still platinum-sensitive and have exhausted prior Bev and or PARP within the maintenance setting?",
Intel Corporation,INTC,NASDAQ,2024-12-04,Tim Arcuri,"Seem like. So can you just give us a little bit, I mean, you were SVP of technology development at Micron prior to coming to Intel. Can you tell us what brought you to Intel? What opportunities you saw here and what are your impressions in the first few months?",
Quipt Home Medical Corp.,QIPT,NASDAQ,2024-12-17,Bill Sutherland,"So, that captures -- the $5 million would capture both of those impacts?",
Globant S.A.,GLOB,NYSE,2024-11-14,Leonardo Olmos,"Sorry. Now one additional comment with regards to going deeper or into industries, I think there has been so much change in the technological landscape that domain expertise becomes super important to be proactive with your offering to the client. We want to provoke our clients with every single technology that comes to play. So we're thinking about AI, we're thinking about spatial computing. We're thinking about digital twins. So instead of waiting for the industry maturity for getting the opportunities, we want to provoke, we want to explore before that. And that's why this is a natural evolution for us. We continue, of course, to be a deeply technical company, but this is a part of our sales channel strategy.",
Lucid Diagnostics Inc.,LUCD,NASDAQ,2024-11-13,Anthony Vendetti,"Great. Excellent. Thanks for the update. Appreciate it, Lishan.",
"Compass Minerals International, Inc.",CMP,NYSE,2024-12-17,Jeffery Cathey,"Yes, so I would say how the cash taxes play out will ultimately depend on kind of the mix. What I would say from the 2025 perspective is, you're right. Based on our base case guidance, we do anticipate delivering free cash flow this coming year. And then maybe I'll touch a little bit on the effective tax rate because it does look a little bit nonsensical, and I think you hit on it a little bit there. But to remind everyone, we have book losses on the U.S. side that are being offset by growing income in our foreign jurisdictions. And so, as that spread narrows and the aggregate book loss becomes closer and closer to zero, any increase in income tax from those foreign jurisdictions throws off a pretty nonsensical answer in the effective tax rate.",
Howmet Aerospace Inc.,HWM,NYSE,2024-11-13,Peter Arment,"More of the same and the story continues. Why don't we leave it there? I appreciate everyone joining us. John, thank you, as always. It's a pleasure.",
"NetApp, Inc.",NTAP,NASDAQ,2024-11-21,Aaron Rakers,"Yeah. Thanks for -- thanks for fitting me in. I guess, my question is going back to earlier point just to make clear and maybe push back a little bit is that. Last quarter, I think you talked about your first party and hyperscale marketplace, storage services, I think was grew north of 30%. I think in that context, you had alluded to that, that contribution was about two-thirds of that public cloud piece of business. So now you've got -- I want to make sure I'm understanding today, it sounds like is it -- did I hear it right, it's now about 80% of that public cloud business. And if so, why would -- why would mid-teens growth be right? Why wouldn't it accelerate much higher as we start to see, lack of growth in the declining business really become significantly smaller? I'm just trying to understand if that's maybe conservatism or if there's something else there?",
TransDigm Group Incorporated,TDG,NYSE,2024-11-07,Peter Arment,"Yes. Thanks. Good morning, everyone. Just maybe a quick one on CapEx. It seems like the guide implies that, that's going to be closer to 3% of sales. And maybe if you could just highlight some of the investments you're making because I think historically, you've been closer to 2%. Just curious if there's any dynamics going on there?",
Valvoline Inc.,VVV,NYSE,2024-11-19,David Bellinger,"Got it. Appreciate all those details. And then my second question, if we back out the refranchising piece for 2025, that implies adjusted EBITDA is growing at a lesser pace than total revenues. It looks like adjusted EBITDA is up about 10% at the midpoint, revenues up about 12%. So could you just help us unpack that? And then in what areas of the business are you expecting some type of margin compression? I think you mentioned tech modernization and talent. So maybe just give us more details on those could be helpful. Thank you.",
"Royal Gold, Inc.",RGLD,NASDAQ,2024-11-07,Cosmos Chiu,"Maybe my question is on the SK 1300 standard. Bill, I know you kind of talked about it, but could you maybe give me a bit more clarity, so it sounds like even though some of these reserve resources are under 43-101, they don't meet the standard of SK 1300 given that you're an SEC registered -- and it never sounds great when you have an amendment to your SEC filings. I'm just wondering like how extensive is this filing that you need to do?",
"Guidewire Software, Inc.",GWRE,NYSE,2024-12-05,Dylan Becker,"No, it does appreciate it, and it was great to see the enthusiasm at the event. Maybe Jeff, as a segue to you off of that. You called out the acceleration in subscription and support revenues as a function of some of these larger Tier 1 deals, obviously, 70% gross margin there, tracking well ahead, and how this kind of gives confidence and obviously, the kind of financial implications of this long-term normalization and some of your longer-term targets there?",
"Smith Micro Software, Inc.",SMSI,NASDAQ,2024-11-13,Scott Searle,"And just to clarify that in terms of the new break even, Jim, it sounds like we're in the ballpark around $7 million or so is kind of the break-even level?",
"ADTRAN Holdings, Inc.",ADTN,NASDAQ,2024-11-08,George Notter,"Nice to see the improved results and free cash flow generation. I guess I'd like to start just by kind of getting an update on where the excess inventory situation is right now. I know that the optical business, I think, was the area that's most recently been struggling with excess customer inventory, but can you give us an update on kind of where that is and when you think that inventory will be gone and when you expect the business to improve?",
"SoundHound AI, Inc.",SOUN,NASDAQ,2024-11-12,Leo Carpio,"Okay. And then speaking of partnerships, any plans collaborating with the large AI LLM companies like Anthropic, OpenAI or are there existing relationships with them?",
"Kratos Defense & Security Solutions, Inc.",KTOS,NASDAQ,2024-11-08,Peter Arment,"Eric, it's first time I think I've ever heard you talk about a foreign source selection when you're talking about for your tactical drones, is this like a firm commitment from the customer or do you know the potential quantity? You know any more color on that? That would be helpful?",
Snowflake Inc.,SNOW,NYSE,2024-12-03,Karl Keirstead,"Okay, so it sounds like it's the bulk of it's behind you, which is great. Let's talk a little bit about more Snowflake specific drivers. One of the things that struck me is, since you arrived, Sridhar, you've made a point to remind investors that one of your key tasks has been to sort of reignite that innovation inside Snowflake. To reignite that product roadmap and take Snowflake well beyond a terrific cloud optimized data warehouse and be a broader data platform. It felt to me that one of the key takes that investors had in this last quarter was that it felt like this was finally like clicking where you went out of your way to make the point that these quote new data engineering workloads were already $200 million in annualized revenues. So I'd love to talk to you a little bit or let you talk to us about why that's beginning to inflect now? Was it just a matter of time? How would you characterize that new workload expansion that seemed to help you a lot in the October quarter?",
Wix.com Ltd.,WIX,NASDAQ,2024-11-20,Andrew Boone,Thanks so much for taking my questions. Marketing stepped up a little bit sequentially in terms of this last quarter. Can you guys talk about the marketing efficiencies that you guys think you can sustain in terms of 4Q and into '25? And then you talked about adoption of new verticals in commerce products earlier as we think about transaction revenue. Can you unpack the success that you're seeing with commerce products over the last quarter? Thanks so much.,
"Dropbox, Inc.",DBX,NASDAQ,2024-12-03,Timothy Regan,"Sure. Very early days. So again, we're sorting this out. This will be in negotiation given that we're starting with this managed sales motion. So it would be a conversation with customers. So very early innings. We're getting some good early signals on it. We're clearly aware of how other companies have priced there AI product. So that gives us a bit of an anchor point to use in these conversations. As you alluded to this will be accretive to ARPU. We're confident in that. As far as the potential to drive basis points across our full user base. It's going to take a while, again, with $2.5 billion to move that needle. So we'll be monitoring this. These are sort of some of the things that we'll be learning over the next months and quarters is the sales cycle times, the price points that we get. And so we'll be factoring this into our guide in our commentary as we give these proof points to the street on how things are going. As far as what we factored into '24 and '25. Not much factored into '24, and we're trying to be prudent about what we factor into '25. So factor in some degree of uplift but nominal relative to our total base. .",
DraftKings Inc.,DKNG,NASDAQ,2024-12-02,Ryan Sigdahl,"Media? So, a bigger focus kind of these integrated media strategies. You guys acquired a few companies and started to push more towards that. But how do you think about media, and the importance for online sports betting for a strategy and for a brand today maybe versus what you thought a couple years ago and where you want to go with that?",
Maplebear Inc.,CART,NASDAQ,2024-11-12,Brian Nowak,"Great. Thanks for taking my questions. I have two. Fidji, the first one is on overall shopper growth. I mean, you’ve talked a lot about sort of going after the long runway and grocery, et cetera. Yeah, I think the $600,000 shopper number seems roughly flat quarter-over-quarter. Just, can you just talk to us about what you’re seeing on shopper growth and sort of what are the keys to driving durably faster shopper growth into next year? Then the second one on the advertising business, I know there’s sort of a lot of moving pieces going on with the large brands and the emerging brands, et cetera. But as you sort of look into 2025, what are the one or two key advertising innovations that you think could start advertising growing faster than GTV again? Thanks.",
"Mission Produce, Inc.",AVO,NASDAQ,2024-12-19,Gerry Sweeney,"Just to follow-up on Ben's question and then the answer. But it seems like consumers have maybe for lack of a better phrase, busted through the price barrier and seem more consistent at higher prices than maybe a couple of years ago. Is that fair to say, especially with this past year's results?",
"PagerDuty, Inc.",PD,NYSE,2024-11-27,Nick Altmann,"Great. Thanks for taking the question. Jenn, you've kind of talked in the past about how you guys are focused on controlling what you can control. The margins have obviously improved a lot. And you guys have also kind of talked about, regardless of the macro environment, ARR reacceleration is still on your site. And so, my question kind of builds off of Koji's, but when you think about the growth versus margin trade-off, what would kind of cause you, or what are the kind of signals that you could potentially see that would make you guys sort of reinvest in product or go to market to maybe drive a sharper degree of reacceleration?",
"Suburban Propane Partners, L.P. Common Units",SPH,NYSE,2024-11-14,Gabriel Moreen,Appreciate that. Maybe if I can also ask about expectations for kind of cost inflation at the underlying propane business and how things are trending. It seems like you really got a handle on cost this past year. I’m just wondering if you think there’s more to go and then how the outlook is there?,
"Clearside Biomedical, Inc.",CLSD,NASDAQ,2024-11-12,Annabel Samimy,"Okay. Got it. And then some questions regarding dosing of CLS-AX at the second aflibercept dose rather than the third. Were there any, I guess, concerns or ability to tease out, or inability to tease out the effect of aflibercept rather than that of CLS-AX at 12 weeks? And do you have any details on who might have been rescued rather than retreated in a less than 12-week time frame?",
"Cogent Communications Holdings, Inc.",CCOI,NASDAQ,2024-11-07,Tad Weed,"I can take the constant currency. So the impact year-over-year was negligible. It was only 200,000 on total revenue.",
"i3 Verticals, Inc.",IIIV,NASDAQ,2024-11-19,Shefali Tamaskar,"Hi, thank you for taking my question. This is Shefali Tamaskar on for James. Wanted to touch on the macro a bit. Just how you're thinking about it in '25, the general health that you're getting from customers? I know you touched upon what's going on in Healthcare. And just anything to note in certain verticals in the public sector that kind of informs your outlook?",
Magic Software Enterprises Ltd.,MGIC,NASDAQ,2024-11-18,Tavy Rosner,"Understood. So it's broadly speaking, right? It's not a specific segment or anything. It's just in general, that's the sense that you're getting from your client base.",
SAP SE,SAP,NYSE,2024-12-03,Michael Briest,"And I mean, you've mentioned the transactional business and the headwinds there. Is there anything you're looking for which might be a lead indicator of more positive times ahead? And what would you look to in the business besides maybe transactions that indication we're getting through the worst of it?",
"Petco Health and Wellness Company, Inc.",WOOF,NASDAQ,2024-12-05,Kaumil Gajrawala,"Thank you. I guess the first question, you've made a lot of progress on the cost side. What would be a target same-store sales figure where you can start levering off this newer cost base.",
CSX Corporation,CSX,NASDAQ,2024-11-13,Q -Garrett Holland,And I know that the team is best the importance of culture and the cultural change that's gone on over the past few years. Can you give us some anecdotes or how would you describe the importance of that as you both see it?,
"General Mills, Inc.",GIS,NYSE,2024-12-18,Peter Galbo,"Hey, guys, good morning. Happy holidays. Thanks for the question. Dana, maybe just to pick-up on the back of Andrew's question there, I think I heard you say that the incremental investment in the back-half is targeted. I do think there's some concern this morning just that it's more broad-based. So, just wanted to clarify on that. And just the Part B of that question is really, how do you think about, is this enough? Obviously, you came into the year, you had certain plans, you're now accelerating that. How do you get confidence around the fact that the investments you're making now are going to be enough such that in three, six, nine months, we're not necessarily revisiting this again? Thanks very much.",
"Live Nation Entertainment, Inc.",LYV,NYSE,2024-11-11,Brandon Ross,"Hi. Thanks for the questions. First, you gave a lot of very positive forward-looking indicators in the release. I was hoping you could help us think about how that's eventually going to flow through the P&L. And I guess on the Ticketmaster side, it's been a tough year. Assume that outlook on stadiums is going to reverse that trend, but how will that look over Q4, Q1 and next year from a timing perspective? And then on Concerts, it was a big margin year. Can that continue next year in addition to the obvious topline growth that the indicators are showing?",
CRISPR Therapeutics AG,CRSP,NASDAQ,2024-11-20,Maury Raycroft,"Got it. Okay. Well, let's shift gears to the in vivo programs. You've got two wholly owned programs 310 for [ANG3] (ph) and then 320 for LPA. Maybe talk about the ongoing studies. How many patients have you dosed so far in each study and what could we expect to see in an interim data update?",
"Woodward, Inc.",WWD,NASDAQ,2024-11-25,Noah Poponak,"Okay, fair enough. I appreciate the extra detail there. I guess on the Aerospace margin, the incremental in the quarter was, I think, the lowest of the year. Does defense OE, being as strong as it was, is that a mix headwind? And then, I guess, how disruptive is turning off lines that you're selling into [Boeing] (ph) to your margin?",
Lifeward Ltd.,LFWD,NASDAQ,2024-11-12,Larry Jasinski,We’re going to have a good Q4 with AlterG. It’s – so it helps recover. It’s going to be pretty close to a little bit better.,
"Complete Solaria, Inc.",SPWR,NASDAQ,2024-11-13,Sioban Hickie,I do. I don't know that I'd be able to pull them up right now.,
"Akoya Biosciences, Inc.",AKYA,NASDAQ,2024-11-14,Kyle Mikson,"Got it. That’s interesting, okay. Thanks guys. Appreciate it.",
Zoetis Inc.,ZTS,NYSE,2024-11-20,Glen Santangelo,"All right. Wetteny, thank you very much. Really appreciate your comments, and thank you all for joining this afternoon, and congrats on 3Q and strong year-to-date results. Much appreciate it.",
StoneX Group Inc.,SNEX,NASDAQ,2024-11-20,Dan Fannon,"Okay. That's helpful. And then just on the payments business, you talked about just the market dynamics in the quarter. I think you're continuing to see a little bit of -- of softness within that segment. Also was some potential inorganic activity with the CAB payments transaction. Can you sort of maybe tie those two together in terms of what the longer-term outlook in terms of igniting growth in the payment segment is?",
BlackBerry Limited,BB,NYSE,2024-12-19,Todd Coupland,"Appreciate the additional disclosure. I was wondering if you could, this is a small adjustment question. The EBITDA by segment and for the guide is that X corporate costs? That'd be the first question. And then my follow up is, just give us a bridge to what is very strong segmented EBITDA in Q3, and then the sequential step down on EBITDA with more or less flat revenue sequentially? Just talk us through that. Thanks a lot.",
"Magnite, Inc.",MGNI,NASDAQ,2024-11-07,Robert Coolbrith,"Hi, good afternoon. Thanks for taking our questions. I wanted to ask quickly if you have any update on the managed service business in the quarter and then also wanted to ask a follow-up on curation, maybe from more of an advertiser perspective. Our understanding is that with one of the major DSPs and their sort of preferred ID solution. There's probably a policy limitation on the use of third-party data segments. Are you seeing any advertisers trying to get ahead of that? And I'm wondering if there's anything you might be able to share in terms of share gain opportunity. If you're sort of lighting up these audience segments a different SSP solution isn't take rate opportunity or uplift opportunity, anything else you can tell us about that? Thank you very much.",
Kohl's Corporation,KSS,NYSE,2024-11-26,Paul Lejuez,"Hey, thanks guys. Just a couple of quick ones. Curious where you think you might be moving customers to what other retailers might be taking share? Second, as you get into private brands again in a little bit of a bigger way petites, jewelry, what are you giving up in terms of floor space, what might feel the pressure? And then curious if you're thinking any differently about closing stores?",
"American Public Education, Inc.",APEI,NASDAQ,2024-11-12,Raj Sharma,"Congratulations on the improvements that you had talked about earlier. I have a question on the profitability of APUS is so significantly higher than all the other divisions. Last four quarters on $314 million of APUS, you had about $96 million of EBITDA. And then the rest of the businesses, about $300 million, there's the loss of $42 million on EBITDA. Just want to understand again, is this fund is there fundamentally something different in the businesses? And can the rest of the businesses, even though they are at a revenue run rate of $300 million, can they ever get closer to the APUS profitability? Just your thoughts on that would be great and then I've got just a follow on question.",
Eagle Point Credit Co LLC,ECC,NYSE,2024-11-14,Mickey Schleien,"Thanks for that, Tom. That's very helpful. I take the opportunity to wish you and your team a happy Thanksgiving. That's it for me this morning.",
Viatris Inc.,VTRS,NASDAQ,2024-11-15,Ashwani Verma,"Great. Yes. I mean, I guess like with your background like just coming from like investment banking, tenured banking profession. I think you -- I'm sure you have a very good perspective on this. And I guess I would say that in the past, like some of the deals that we have seen, right, like -- so let's say, if you talk about like Famy or Oyster Point, some of those type of deals haven't really resulted in that level of like growth, what investors initially expected. Like what makes you believe that now the approach that you're taking is going to result in a different outcome? Like have you sort of like analyzed what were you doing before versus what would be the focus now or try to do deals in a different way.",
Cognyte Software Ltd.,CGNT,NASDAQ,2024-12-11,Peter Levine,"David, you mentioned you didn’t give a guide for fiscal ‘26 next year, but you mentioned meaningful growth, faster than operating expenses, call it, I think operating expense growth in Q3 here was 7%. Can you just kind of provide some guardrails around how you’re thinking about next year? Could we see double digit growth? Are you on track to do that? Kind of just walk us through how you’re thinking about next year? Obviously factoring in the environment, but would love to know if you can give us a little bit more guidance on how you’re thinking about next year?",
"Cardinal Health, Inc.",CAH,NYSE,2024-11-15,Kevin Caliendo,Okay. That's helpful. Let's go to ADS or ADSG -- ADSG.,
"ESS Tech, Inc.",GWH,NYSE,2024-11-13,George Gianarikas,"Hi, everyone. Thank you for taking my question. My question is with regard to pricing and some of the projects that you're seeing as it relates to the impact of the drop, the dramatic drop in lithium ion pricing. Has that at all guided some of the pricing discussions that you've had with regards to your solution? Thank you.",
JFrog Ltd.,FROG,NASDAQ,2024-11-07,Shrenik Kothari,"Thanks for taking my question. Great execution. Shlomi, you mentioned it's no longer a question of if companies will adopt this end-to-end security, but when? Of course, you showcased hundreds of logos at SwampUp and saw these, I would say, larger deals are showing up in RPO. Just curious, are customers still in early stage of deploying these advanced securities? How are you helping them overcome the deployment integration bottlenecks? Are you needing to ramp up your sales marketing efforts? Are you really pushing hard on training support about deeper integration into the DevSecOps workflows? Just curious or be it both. Then I have a quick follow-up.",
"Nephros, Inc.",NEPH,NASDAQ,2024-11-09,Jeremy Pearlman,"Okay. Great. That's great. I'm going to hop back into the queue, and thank you again for taking my questions.",
"OmniAb, Inc.",OABI,NASDAQ,2024-11-12,Unidentified Analyst,"Hi, everyone. You have Michael on for Puneet today. Congrats on the quarter. I was wondering just given the large step-up in the number of active programs this quarter, I was wondering if you could give some to how much is from maybe a macro recovery in the biopharma space versus something that you as a company are doing maybe gaining share or expanding in certain geographies?",
"UMH Properties, Inc.",UMH,NYSE,2024-11-07,Rich Anderson,"Okay. And so if you were to remove those costs, would you – would that have sprung you over into double-digit NOI growth territory for the quarter? Or would you have still been – some think the magic number here is double-digit same-store NOI growth. So I'm wondering if there's a return to that next quarter and down the line.",
Olo Inc.,OLO,NYSE,2024-11-09,Bruce Goldfarb,"Greg, Peter, congrats on the results. Congratulations. Thanks for taking my call – my questions. What's been the trend in – what's been the trend for like emerging enterprise versus enterprise with regard to the pipeline?",
The Walt Disney Company,DIS,NYSE,2024-11-14,Tim Nollen,"Hi. Thanks, very much. Could you please address the topic of divestitures in India? I think you mentioned in the guidance a few lines that incorporate those. I just wonder if there's anything more to add to adjustments we should make for the sale of the assets in India? And then relatedly, what are the – what is the business going to look like for you in India? I think you're going to retain a stake with Reliance. Just talk a little bit about your presence in India post the divestiture or the partial sale, please.",
Cintas Corporation,CTAS,NASDAQ,2024-12-19,Manav Patnaik,"I mean, I guess, are you saying that, maybe this quarter perhaps then come in better than maybe what you would have thought?",
Teva Pharmaceutical Industries Limited,TEVA,NYSE,2024-12-05,Umer Raffat,"Got it. There's a trial I saw, I think there was like three different formulations of this long-acting Olanzapine. Could you just give us some color on that?",
FinVolution Group,FINV,NYSE,2024-11-19,Cindy Wang,[Foreign Language] I have two questions here. First one is the funding cost has been lower 190 bips this year. Do you think is there any room to improve in fourth quarter? And second question is the number of the new borrowers in the international market has surpassed China for the second consecutive quarter. So can you talk about your Indonesia and Philippines customer acquisition strategy and customer acquisition cost? And how would that impact your sales and marketing expenses?,
IREN Limited,IREN,NASDAQ,2024-11-27,Reggie Smith,"That's good. It actually leads right into my next question. It was going to be about kind of the urgency that you were sensing and it sounds like you're starting to get that urgency. One of the things that I've noticed is that a lot of these -- not a lot, but several of these big tech companies have announced long-range projects to deliver in 2029 and 2030, haven't really seen outside of CoreWeave a deal that's like for more immediate capacity. It sounds like there's more urgency. Maybe can you talk a little bit about how conversations have changed and whether there is more urgency on the front-end post-end kind of capacity and opportunities? How that's changing? Thanks.",
"Privia Health Group, Inc.",PRVA,NASDAQ,2024-11-08,Olivia Miles,"Good morning. This is Olivia Miles on from Michael Ha. Thank you for taking my question. I see you increased your Medicaid lives by about 14,000. Can you speak to what drove that? And overall, how do you view Medicaid value-based care? What do you believe is required to turn a profit there in terms of care delivery? And can you speak a little bit on the Medicaid model? Thank you.",
"Kandi Technologies Group, Inc.",KNDI,NASDAQ,2024-11-18,Arthur Porcari,"Okay. And finally for management and the company, if the company buys back 10 million shares, then the 10 million [auction they're] (ph) requesting would initially show a 12% reduction in the issued outstanding that will ultimately flatten out to no more shares than we have today.",
Birkenstock Holding plc,BIRK,NYSE,2024-12-18,Simeon Siegel,"That's really great, really helpful. And then just Erik, any way to think about when Pasewalk as we ramp -- we've worked through that ramp and it starts becoming a benefit to the line item?",
"Petco Health and Wellness Company, Inc.",WOOF,NASDAQ,2024-12-05,Unidentified Analyst,"This is David Lane [ph] on for Zach. Thank you for taking my questions. So, I guess how should we think about the potential glide path of gross margin improvement from here? And is there any color you can provide around Q4 outside of lapping the 130-basis point inventory write-down?",
MBIA Inc.,MBI,NYSE,2024-11-08,Jordon Hymowitz,"Okay. I mean it's tough to know once you get to the negotiated room as to what, but it does seem because it's most likely to be a tough deal, the ratios are unbelievably powerful and you should have some leverage with what the outcome is. And is the shareholder now for most of the past three or four years, it just seems like a great opportunity to see if there's an interest in exploring that because we're getting closer. And with the Governor of Portico being elected, who wants to resolve a lot of things, it's more likely that something could come to fruition and then it'd be a win-win for everybody.",
"Surgery Partners, Inc.",SGRY,NASDAQ,2024-11-12,Benjamin Rossi,"Got it. And just on the buy-up opportunity, can you remind us of your buy-up opportunity on your current book? And then are you seeing any change in physician behavior regarding potential buy-ups on a stronger volume environment?",
"Moderna, Inc.",MRNA,NASDAQ,2024-11-13,Eliana Merle,"And lastly, another pipeline program that we haven't talked about is, your rare disease franchise and how you're like thinking about that opportunity?",
Legacy Education Inc.,LGCY,NYSE,2024-11-14,Mike Grondahl,"And then with Contra Costa closing at the end of December, can you remind us maybe what the top two or three benefits are from that acquisition?",
"CareCloud, Inc.",CCLD,NASDAQ,2024-11-12,Allen Klee,"Yes. Hi. I have a couple more questions, I've got cuddle. In the past, you've provided that you've identified $26 million of potential expense cuts of which $20 million you hoped to make happen in 2024 and the rest in ‘26. I'm not sure if I saw that on this call, but do you still feel comfortable with that or is there any reason why it might be more or less?",
"Delcath Systems, Inc.",DCTH,NASDAQ,2024-11-08,Chase Knickerbocker,"Great. And then, yeah, I think many agree that CHOPIN data, if you kind of show anything similar to what we saw in earlier stages, could be transformative for the company. Can you kind of help us decode kind of what it means for you commercially if that does occur? Kind of walk us through how you see, you know, reasonable usage, expanding with a data set that kind of recreates what we've seen to a degree.",
"TrueCar, Inc.",TRUE,NASDAQ,2024-11-09,Rajat Gupta,"Clearly, good acceleration in revenue growth in third quarter and also expecting in the fourth quarter. How should we think about the EBITDA drop-through from this acceleration in revenue? You would have expected a better drop through your -- in the third quarter. It looks like you're reiterating the free cash positive guide. So it looks like some of the incrementals likely to get better in the fourth quarter. But if you can help us think through like a framework on some of the drop-through from these initiatives would be helpful. And I have 1 quick follow-up.",
"Caleres, Inc.",CAL,NYSE,2024-12-05,Chandana Madaka,"This is Chandana Madaka on for Ashley Owens this morning. So I just wanted to ask just broadly, your year into your long term plan that you outlined at Investor Day. Can you just provide more thoughts around the confidence levels, how should we be thinking about top line growth and scaling to that in next year and beyond? Is there any shift in the makeup there? And then you spoke to EPS expectations that are now expected to take a bit longer. So from an OpEx perspective, is there anything to call out on what's driving the adjustment? Any bucket that's contributing more?",
Similarweb Ltd.,SMWB,NYSE,2024-11-13,Jason Helfstein,"Two questions. Or, from a product perspective, how has the mix shifted, whether it's like, I don't know, versus a year ago? And maybe where are you seeing the most interest? Obviously, you highlighted AI, but it's still super early. But within the kind of other products, like what seems to kind of have the most momentum from a business standpoint? And then second question, Jason, can you unpack the revenue volatility a little bit between the 3Q year-over-year and the 4Q guide year-over-year? Does it have to do with the spike in the billings in 2Q, the way it flows through the accounting? And then kind of what was the catalyst for that? Just maybe unpack why we're kind of seeing a revenue slowdown in the fourth quarter just on an accounting basis.",
Mettler-Toledo International Inc.,MTD,NYSE,2024-11-08,Vijay Kumar,"That's helpful, Shawn. And maybe one on margins here. EPS guidance. I know you guys start typically conservative. What are you assuming for operating margin expansion for fiscal '25? And are Service margins above corporate?",
